2023-12-24 14-02-00.jpg,005508
2022-05-11 13-46-40.jpg,EP008H2
2023-08-29 10-33-37.png,6551773
2023-11-15 22-53-59.jpg,SP415475
2023-12-30 03-24-10.jpg,IL3059
2024-01-14 12-21-19.jpg,KV5087
2023-08-30 08-43-36.png,SPCAV2323
2022-01-13 12-38-41.jpg,C01927
2024-11-19 10-22-42.jpg,FY2765
2023-08-29 07-26-10.png,SPKI79986
2022-09-20 04-07-46.jpg,UCC8785
2023-08-29 16-05-46.png,EYUS
2023-08-29 16-00-53.png,WPCAT0627
2023-08-29 17-39-27.png,1
2022-06-04 23-02-10.jpg,R16337
2023-08-29 14-10-12.png,SPCAL2849
2023-08-16 19-21-20.jpg,CPHU3455
2023-01-24 19-18-01.jpg,NCVC1477
2023-08-29 07-08-10.png,46AAX0654
2023-08-29 00-16-50.png,CAP6572
2023-08-29 11-30-42.png,HP5671327
2023-08-29 08-05-56.png,NWPD56967
2023-08-17 14-43-45.jpg,PR2II7
2023-08-29 01-45-10.png,H1CAP6572
2023-08-29 04-25-19.png,JDBD
2023-08-29 01-54-23.png,4EABC8543
2023-08-29 10-14-06.png,HPCBD4194
2024-05-31 20-30-30.jpg,HI2I80
2024-07-27 11-43-54.jpg,M1M5340
2023-08-29 16-10-59.png,HPYP3458
2023-08-29 08-23-07.png,CPCAC2747
2023-04-28 01-59-22.jpg,SPL05056
2023-08-29 09-19-20.png,WPPC77052
2023-09-28 22-20-40.jpg,CPPH7454
2023-08-29 02-31-57.png,IPKJF6286
2023-08-29 07-58-23.png,GAAK3895
2023-08-29 12-21-13.png,REVIEW_NEEDED
2023-09-02 23-27-34.png,MPNC73828
2023-08-28 21-55-30.png,NRNB55199
2023-03-15 04-56-32.jpg,1219
2023-08-29 10-15-37.png,KPCBL8304
2023-08-30 17-45-12.png,REVIEW_NEEDED
2024-12-09 00-06-04.jpg,EPLO78R28
2023-08-29 09-00-08.png,GAAY2324
2023-08-28 19-56-25.png,CAJ7618
2023-08-30 21-02-45.png,SP
2024-03-17 15-19-08.jpg,BKNIO74
2024-06-21 21-12-40.jpg,EP46230
2023-11-10 14-50-16.jpg,71433
2023-08-28 21-21-49.png,S8
2023-08-30 12-10-14.png,NHCAC0554
2023-08-29 00-15-21.png,NPPEJ2172
2023-08-28 19-07-57.png,4OTT5971213WED7
2024-01-02 06-49-55.jpg,NWBVC4G3
2023-08-28 19-59-38.png,KCAV1216
2024-06-02 01-22-00.jpg,PFO620
2022-08-21 21-07-00.jpg,CPNEI633
2023-09-03 00-01-44.png,2523
2024-05-06 06-10-09.jpg,OXE7894
2024-09-28 05-13-36.jpg,NCY06275
2023-08-29 09-41-54.png,HPPB71965
2023-08-28 23-59-09.png,NKCAT0864
2023-08-29 14-59-31.png,UOHPCAGAYLS
2023-08-29 09-11-09.png,REVIEW_NEEDED
2024-11-07 01-40-38.jpg,XZE8745
2023-08-29 16-58-16.png,HPPC59873
2023-08-29 07-14-55.png,NCAT2701
2024-04-15 01-45-54.jpg,CPOU127
2023-09-02 23-56-43.png,NPKOZ7161
2023-08-30 15-31-03.png,KPNC52228
2023-09-02 23-44-38.png,MPCAB3926
2022-11-30 00-08-09.jpg,F782162
2023-08-29 09-49-12.png,NCPD55523
2023-08-28 23-10-11.png,KPCAI3374
2023-08-29 16-36-51.png,HABA14I0
2023-02-03 05-46-30.jpg,PO0187
2023-08-29 15-35-36.png,9PE9744
2023-08-29 16-55-05.png,FABA1G1M
2022-11-14 21-30-42.jpg,SPHNF7473
2023-08-29 03-28-41.png,IQJ23197
2024-11-24 21-05-41.jpg,092756
2023-08-29 06-54-56.png,IKT58790
2023-08-28 22-07-35.png,86TC32273
2023-08-29 01-24-01.png,HPABG5126
2022-09-26 03-48-37.jpg,0P21U2926
2023-08-29 08-14-06.png,HPGG8658
2023-08-29 12-08-23.png,CPHL56783
2023-08-28 20-57-24.png,WPCBH9785
2023-08-28 16-04-30.png,HEPI50421
2023-02-20 03-58-58.jpg,SPZY4755
2023-08-28 22-10-24.png,CPPGJ2520
2023-08-28 22-59-13.png,GC6755
2023-08-29 08-45-50.png,25351827
2023-02-02 03-39-32.jpg,CPAD5525
2023-08-29 01-20-18.png,RRCBF5751
2023-08-30 11-21-12.png,PCAA8687
2023-08-30 21-00-06.png,CPKG58772
2022-10-21 09-50-33.jpg,CPITR37I18
2023-08-29 11-14-13.png,KPKHR7257
2023-08-28 20-24-25.png,WPCAU5126
2023-09-08 01-27-05.jpg,K05109
2023-09-02 23-14-10.png,CPNC59914
2023-08-28 22-24-55.png,KPCBH6138
2023-08-29 15-24-07.png,GPHA2528
2023-03-10 04-32-47.jpg,N4N63503
2023-08-28 22-28-13.png,HPCAQ9139
2023-08-29 16-21-13.png,RRPL52942
2023-08-28 20-04-35.png,NHJF251927
2022-07-25 09-56-07.jpg,0E2391
2023-08-29 06-31-33.png,NPPD58912
2023-08-29 11-17-46.png,5EO415
2022-11-08 07-35-04.jpg,SPAEPBO9
2023-08-29 00-20-21.png,9NHPG25787
2024-02-13 22-31-26.jpg,CES785
2023-08-29 17-25-29.png,5174858
2023-08-29 06-01-23.png,SGKQA5542
2023-08-30 16-49-58.png,25011663
2023-08-29 17-25-19.png,SPCAX8145
2024-11-02 08-36-24.jpg,LAQ002I
2023-03-14 19-05-42.jpg,UGY6321
2023-08-29 09-51-49.png,WCAO3042
2023-08-29 07-01-43.png,0SGAAA4462
2023-08-29 08-53-09.png,KPPH29473
2024-11-03 23-32-03.jpg,SP482885
2023-08-30 10-31-01.png,CPCAB41T
2023-08-29 05-53-27.png,CPAAB8724
2023-08-29 02-39-44.png,4YQ73561
2023-08-29 17-04-13.png,CAAAI
2023-09-02 23-03-45.png,CPPB55092
2023-08-28 20-03-37.png,HFABI1993
2023-08-29 15-59-38.png,KPABK
2023-08-28 22-58-01.png,623630
2023-09-22 00-39-09.jpg,WPBL6856
2023-08-28 20-02-24.png,CPYP54608
2023-08-30 18-02-43.png,77358UPKK
2023-01-23 04-29-44.jpg,CPXEU745
2023-08-30 17-17-20.png,251506
2023-08-29 15-57-00.png,SPPG50235
2023-08-29 10-51-07.png,RRCAE3680
2023-08-29 04-35-05.png,4
2023-09-02 23-20-10.png,NPG57250
2022-01-08 06-46-31.jpg,NMPHC7732
2023-05-07 11-29-01.jpg,554612
2023-06-12 00-15-36.jpg,PMA1537
2023-04-03 15-14-13.jpg,EPJHE4230
2022-02-07 05-05-27.jpg,MPNXAI6OS
2023-08-30 16-44-12.png,632895
2023-08-28 21-25-07.png,CIH5736
2023-08-29 07-20-10.png,NRKCL9843
2024-01-11 00-02-07.jpg,CPHBE2373
2022-10-31 17-43-59.jpg,JLG5339
2023-11-02 19-32-01.jpg,APYI758
2023-08-29 09-46-35.png,MPCBR7165
2022-06-02 10-57-16.jpg,EPFYGE4Q
2023-08-30 16-59-46.png,SPPL55046
2023-07-09 23-54-34.jpg,MPMY621
2023-08-29 02-13-43.png,CPVM7507
2022-02-16 23-27-29.jpg,ZNE9847
2023-08-29 14-51-54.png,HPPH6148
2023-06-19 08-45-11.jpg,NHZMA4484
2023-12-31 10-17-22.jpg,NMISF6427
2023-08-29 07-46-37.png,LEKLF3595FGU
2023-08-29 11-19-11.png,EPKP25454
2023-08-29 10-45-20.png,HPPL56560
2023-08-29 11-29-40.png,FPPL56560
2023-08-29 10-16-35.png,CAX1541
2022-08-06 20-29-07.jpg,EPQEL8933
2022-12-31 03-04-57.jpg,CES95I
2023-08-29 01-23-34.png,NGPD58726
2023-01-11 16-19-51.jpg,ELFMQ
2023-08-30 10-19-21.png,LYE55786
2023-08-31 00-41-23.jpg,EPV234
2022-12-28 17-33-38.jpg,PY47102
2023-08-29 15-14-06.png,MPPI26747
2023-08-29 16-49-33.png,REVIEW_NEEDED
2023-08-28 22-48-45.png,1691568574F7A
2024-11-11 02-18-55.jpg,NCZZC3461
2023-07-11 18-18-29.jpg,LSQ
2023-08-28 23-58-39.png,VNC6869
2023-08-29 00-10-55.png,NINAG5264
2023-08-29 06-57-39.png,WPCBL8304
2024-05-03 09-05-18.jpg,5P2015I80
2023-08-29 09-48-52.png,KPPES9333
2023-08-21 18-37-05.jpg,EPKYE472
2023-08-29 02-38-52.png,WPABQ6498
2023-08-29 18-47-49.png,KPCAS6544
2023-08-29 07-22-06.png,20HPDAE5392
2022-05-10 10-11-49.jpg,562249
2023-09-02 23-14-18.png,KPPDG8662
2024-08-14 20-16-44.jpg,NCNYK5256
2023-08-29 17-42-24.png,9HPCBO8622
2022-08-15 11-01-10.jpg,EPOSL7807
2023-08-29 15-55-59.png,REVIEW_NEEDED
2023-09-12 01-46-42.jpg,EPYC5I998
2023-08-29 08-50-30.png,REVIEW_NEEDED
2024-01-23 15-54-11.jpg,XXF5643
2023-08-30 11-00-19.png,SGPI75623
2023-08-29 14-49-18.png,5756024
2023-08-29 16-48-54.png,79808SPKE
2023-08-29 15-49-28.png,ABA1410
2023-02-17 08-30-03.jpg,MPZF008R
2023-05-15 04-41-09.jpg,008VS268
2023-07-11 00-02-31.jpg,MP00GD
2022-07-12 04-56-16.jpg,NCEGAW3
2024-05-02 06-40-30.jpg,0X262
2023-08-29 05-35-58.png,NFPE52121
2024-10-10 12-28-29.jpg,UML6584
2022-01-18 04-40-41.jpg,NWJNY9566
2023-08-28 16-20-51.png,HPCAA8958
2023-08-29 10-40-18.png,RCCBD7470
2023-08-28 19-36-03.png,KPCAS5872
2023-08-29 00-58-20.png,CPABOR7404
2022-01-15 08-00-30.jpg,NWR45495
2022-01-11 17-18-05.jpg,CPEEO7
2023-08-29 12-27-59.png,7256
2023-08-30 16-31-51.png,20CPJJ59636
2023-02-14 22-37-35.jpg,KM4512
2023-04-08 02-46-36.jpg,374237
2023-01-28 22-31-18.jpg,EPVN7Z
2023-08-29 11-00-04.png,HPCAY9326
2024-03-01 14-36-23.jpg,J05238
2023-08-28 21-01-47.png,5951457
2023-08-30 15-51-31.png,REVIEW_NEEDED
2023-08-30 20-53-09.png,CPCAK2438
2022-05-05 05-48-48.jpg,EP1P8487
2023-08-29 10-22-15.png,0SPCBJ5992
2023-08-28 16-23-35.png,MPKP56823
2022-04-22 20-17-06.jpg,0G6728
2023-06-26 01-36-32.jpg,VAK3301
2023-08-29 05-55-28.png,EFABO8369
2022-05-15 16-48-43.jpg,Z0170
2023-08-28 19-04-44.png,LEBI44058
2023-08-29 06-40-54.png,NCHQJ5745
2023-09-03 00-07-04.png,MCAM2615
2023-08-29 17-46-43.png,ELAD6
2024-08-17 07-07-23.jpg,H7U6603
2022-10-21 07-20-32.jpg,G875964
2023-08-30 20-51-32.png,CPPD52028
2023-08-29 00-39-13.png,KPCAN2586
2023-08-28 22-24-14.png,54631
2024-06-24 17-51-18.jpg,WPKY8222
2023-08-30 17-20-39.png,00SPCAC7824
2023-08-28 20-17-24.png,CPCAB9878
2022-08-16 02-11-25.jpg,NCNC6I56
2023-08-29 07-50-58.png,KPAAAK3895
2023-08-28 20-43-07.png,SGKH27751
2023-08-29 14-28-51.png,8NFKH29276
2023-08-29 07-26-14.png,WPCAU5433
2023-08-30 16-18-32.png,REVIEW_NEEDED
2022-02-01 16-43-54.jpg,SPFLS95I
2024-03-05 14-52-02.jpg,P7V95O1
2023-04-29 00-50-44.jpg,LIII49
2023-09-02 01-32-50.jpg,WP7I8806
2023-02-10 23-26-15.jpg,NCVECGIGS
2023-08-23 09-45-11.jpg,3YYSO28
2022-04-03 00-15-15.jpg,001883
2024-12-08 04-39-50.jpg,CPIKZ8037
2023-08-28 22-13-34.png,HKU55210
2023-06-20 12-43-25.jpg,METHI7S
2023-08-29 14-44-48.png,5970394
2023-08-30 18-05-18.png,25421545
2023-08-29 15-06-25.png,NCKV71800
2023-11-27 01-02-56.jpg,XVU2412
2023-08-30 12-15-52.png,HPCAV0527
2023-08-18 13-21-08.jpg,CPRJ4048
2023-09-03 00-12-34.png,2HPCAM9152
2023-08-29 16-15-10.png,EPABJ8688
2023-08-29 10-49-20.png,HKCAM1574
2023-08-30 17-31-01.png,REVIEW_NEEDED
2023-08-29 02-45-42.png,SPCAC3453
2022-10-20 19-30-33.jpg,NCMLJ2905
2023-08-29 07-52-46.png,SGCAH4704
2023-08-30 08-32-50.png,KPCAK3222
2022-01-29 15-53-06.jpg,FS8E35
2023-08-29 16-57-42.png,EABA1410
2023-02-12 08-38-11.jpg,1G62047
2023-09-01 08-01-53.jpg,NRZI4535
2022-08-16 22-10-41.jpg,S03773
2022-10-31 03-57-37.jpg,EBE4636
2023-08-28 21-00-02.png,280C8824
2023-08-29 09-56-05.png,FPCAF2984
2023-08-29 18-09-41.png,REVIEW_NEEDED
2023-08-29 06-18-38.png,KPABI0791
2023-08-29 17-27-46.png,BABA14
2024-11-21 22-25-56.jpg,Y77677
2023-08-29 09-43-10.png,CPCAB3279
2023-01-28 08-39-39.jpg,NCXDV97
2022-06-05 02-25-49.jpg,EPTXNBIO2
2023-08-29 14-36-24.png,REVIEW_NEEDED
2023-08-29 04-02-24.png,KPKV74966
2023-08-29 03-13-21.png,HPNC7414
2023-09-02 23-41-43.png,HRABH988T
2022-08-03 06-35-19.jpg,E72637
2023-08-29 00-12-16.png,HPKTJ6235
2023-08-28 22-00-17.png,1429889
2023-08-29 10-05-23.png,RPKVZ6019
2024-08-27 06-55-38.jpg,NCLR539
2023-08-28 23-59-35.png,5006876
2023-08-29 05-33-09.png,2522I278
2023-08-29 04-02-45.png,MPVQ7256
2023-08-30 11-51-04.png,N4527345
2023-08-28 22-32-10.png,35
2023-08-30 16-06-18.png,FPKM22348
2023-11-09 02-06-24.jpg,HLV3040
2023-11-28 00-50-56.jpg,TI6783
2024-03-22 17-02-31.jpg,Y28282
2023-08-29 10-26-23.png,MPCAB4555
2023-08-29 08-04-07.png,WBAFG867
2022-06-22 15-56-40.jpg,HPAJZ2587
2023-08-28 21-28-34.png,HPCBK8936
2024-03-07 23-30-05.jpg,LK09417
2023-09-02 23-59-02.png,CPABN3139
2023-08-29 04-23-20.png,KPPF7831
2024-09-20 22-21-28.jpg,NCKLEI925
2023-08-29 17-14-46.png,532309
2022-10-19 09-30-42.jpg,SPIO6491
2023-08-30 16-34-47.png,REVIEW_NEEDED
2023-03-13 18-51-30.jpg,SPEA498
2023-08-29 03-54-39.png,PB59477
2023-08-29 16-30-00.png,02EPKH55340
2022-02-20 10-23-36.jpg,EP0373
2023-10-16 10-02-01.jpg,LN0347
2023-08-14 22-12-22.jpg,CFN42149
2023-04-17 18-25-18.jpg,JP5809
2023-01-18 16-41-25.jpg,HPRESGD8
2023-08-28 20-36-45.png,NKT52762
2023-08-30 15-47-01.png,REVIEW_NEEDED
2023-08-29 15-23-45.png,WPABL0202
2022-06-26 18-32-52.jpg,CP0107505
2023-08-28 23-17-08.png,Z0040766
2024-11-22 23-36-17.jpg,MB6421
2023-03-23 19-41-09.jpg,WPP49855
2023-08-29 15-07-46.png,FBZ
2023-03-26 02-50-25.jpg,PH377
2023-08-29 14-53-43.png,NFPF52532
2022-05-06 17-24-39.jpg,005710
2023-08-29 15-20-43.png,SPPDG8363
2023-08-06 17-42-11.jpg,NWSM4313
2024-03-27 06-23-27.jpg,H485375
2023-08-30 15-48-23.png,INKQLZ3534
2023-08-29 09-57-36.png,WPCAM5824
2024-03-25 18-01-28.jpg,EPRER7I6
2023-08-29 09-12-02.png,IEPIGL58059
2023-08-30 09-15-02.png,SPAAZ4026
2024-12-12 17-14-08.jpg,LYS5248
2023-08-29 09-34-07.png,KPPG56064
2023-10-03 16-47-08.jpg,EPB4902
2023-06-19 06-54-46.jpg,SPAXM092
2023-10-02 19-47-25.jpg,WPFRF4022
2023-08-29 14-01-53.png,CAB4914
2023-10-04 06-24-10.jpg,27V2764
2023-08-29 02-20-48.png,NCAQ8126
2024-03-23 09-51-52.jpg,I2N5812
2023-07-26 06-20-13.jpg,CL0298
2023-08-28 20-14-36.png,BEK6239MP
2024-06-01 08-10-46.jpg,NCDC5076
2023-08-28 19-17-03.png,WPCAD5971
2023-08-28 16-11-43.png,HPKNZ9647
2023-08-29 06-29-54.png,NKU59926
2022-11-08 03-30-02.jpg,CP707676
2023-08-29 01-43-35.png,HPCAE5338
2023-08-29 08-02-40.png,J65623890
2023-08-29 09-12-04.png,SGAAR0909
2023-08-28 20-36-58.png,25023410
2023-01-05 05-21-06.jpg,IE292B
2023-03-23 23-21-34.jpg,SP7858S
2023-09-02 23-57-14.png,WPGP52306
2023-08-30 17-12-48.png,SPPD0345
2023-08-29 06-45-16.png,N43226889
2023-08-29 11-05-23.png,HVIFCHL
2023-08-29 07-04-20.png,KPPJ2052
2023-08-29 15-58-58.png,EPPG74299
2023-08-30 16-47-34.png,NJJF5476
2024-07-10 09-36-11.jpg,SPJL5798
2023-08-29 03-35-44.png,KPKY76314
2023-08-29 13-00-47.png,00SGABN9166
2023-03-14 09-53-16.jpg,J25439
2023-08-29 08-21-07.png,MPGQG1382
2023-08-30 18-11-19.png,HPCAC34007
2023-08-29 09-26-18.png,KPCAY7043
2023-08-28 21-25-21.png,V2509462
2023-08-29 01-54-55.png,NGY1242
2023-10-16 21-31-21.jpg,SP1JD2138
2023-01-12 08-29-55.jpg,107998
2022-01-14 09-11-16.jpg,MPFPL3470
2023-08-28 22-32-36.png,MCQUZ4080
2022-08-01 08-22-17.jpg,CPDF4253
2023-08-30 14-11-40.png,HPPD58662
2024-12-28 10-50-00.jpg,NCHA43047
2023-08-29 14-54-47.png,REVIEW_NEEDED
2023-08-29 09-58-42.png,CAU8745ISP
2023-08-30 09-41-05.png,203737
2023-08-29 01-56-54.png,250584171
2023-08-29 11-40-03.png,225353513
2023-08-29 16-22-57.png,2SPJL477
2023-08-28 16-15-22.png,6GCAH5073
2023-08-30 10-01-23.png,YEF5786
2023-08-28 21-37-59.png,5329594T6O1
2023-08-30 10-04-21.png,REVIEW_NEEDED
2023-08-29 00-06-04.png,ICPPG2520
2023-09-03 00-06-51.png,WPC324464
2023-08-28 23-31-00.png,6CAXG329
2024-12-29 18-16-52.jpg,WPNR7C836
2023-08-29 08-24-08.png,IPKR54217
2023-08-29 03-58-10.png,IFAAY3453
2024-09-26 07-11-31.jpg,DZN8663
2023-08-29 09-22-05.png,HPCAB4555
2022-07-07 05-49-31.jpg,SPRKO3991
2023-08-28 20-14-32.png,5756054
2023-08-28 23-29-43.png,MDETHLA
2024-04-08 08-17-44.jpg,MPFVO7I7
2024-09-16 06-06-26.jpg,713058
2023-08-29 01-30-29.png,HPCAJ8976
2022-07-10 14-27-06.jpg,V19796
2023-08-29 08-48-24.png,HPCAB8923
2023-08-29 18-01-56.png,HPHJ22603
2023-08-30 09-56-09.png,APCBE5914
2023-06-29 17-14-57.jpg,YLPIO7
2023-05-30 12-13-20.jpg,WPXMIGS
2023-08-29 05-52-35.png,PEAF7964
2023-09-03 00-04-13.png,LKPZ2141
2023-08-29 02-24-38.png,KKW76995
2023-08-29 12-33-19.png,6325933
2023-08-29 12-07-06.png,REVIEW_NEEDED
2023-08-29 12-26-24.png,REVIEW_NEEDED
2023-08-28 21-57-44.png,K70Y
2023-09-03 00-05-30.png,NCAD9330
2023-08-30 11-05-46.png,HPPG55494
2023-08-29 11-03-22.png,MDAF3728
2022-04-29 21-10-48.jpg,SPUR9205
2022-06-25 17-24-08.jpg,IRKS328
2023-08-28 22-36-57.png,SGCAC0223
2023-08-29 10-13-50.png,HPPG30686
2023-02-03 13-15-58.jpg,SPAPF0479
2023-08-28 22-29-15.png,NPPEJ9043
2024-06-21 17-18-38.jpg,NCDTV0627
2024-02-15 17-42-58.jpg,EPVR4526
2023-08-28 20-21-50.png,SPKV59123
2023-08-29 07-05-01.png,NPPC56023
2023-01-29 01-11-19.jpg,NCBR0242
2023-08-29 05-11-36.png,SGDAF4260
2022-06-23 17-33-59.jpg,WPNGD3505
2022-12-24 20-20-32.jpg,PTU3469
2023-08-29 16-26-05.png,25256110
2023-08-29 16-47-58.png,25118D97
2023-08-29 17-47-41.png,NCAX5252
2023-08-29 07-09-58.png,00NPPF51610
2022-03-15 16-23-01.jpg,EC3OG
2023-08-29 06-42-27.png,5629620
2023-07-06 07-34-28.jpg,CTF792
2023-12-04 01-33-14.jpg,0XY0944
2024-05-22 02-57-31.jpg,CPFNL6S99
2022-02-26 10-30-37.jpg,NCNC4736
2022-05-19 20-55-14.jpg,CPZLM5246
2024-01-30 14-21-26.jpg,NCYH9376
2023-08-30 16-58-35.png,REVIEW_NEEDED
2022-05-12 10-42-54.jpg,MF3425
2024-11-08 12-06-50.jpg,BP6O88
2024-02-09 05-32-01.jpg,7742369
2023-08-29 17-28-44.png,HPKA56085
2023-04-24 03-26-39.jpg,0GT7265
2023-08-29 10-03-55.png,UPKS5L263
2023-08-29 01-23-45.png,HPABG5126
2023-09-03 00-00-21.png,CGH59586
2023-08-30 16-31-04.png,25058236
2023-10-10 17-04-02.jpg,GT05939
2023-08-30 16-14-55.png,WDL25353116
2022-08-29 15-12-15.jpg,CPNZF4333
2023-08-08 20-28-53.jpg,MPGQC1354
2022-09-23 05-08-50.jpg,VE7752
2023-08-29 05-59-11.png,AAB2622
2023-02-09 06-16-52.jpg,EP407370
2022-12-26 18-11-19.jpg,PEQM0035
2023-08-28 23-57-35.png,5637273
2023-08-29 11-37-31.png,MPKH0604
2024-11-27 19-32-49.jpg,EPMDI387
2023-08-30 20-50-54.png,HPKQ73331
2023-08-28 23-31-23.png,REVIEW_NEEDED
2023-08-28 16-22-55.png,CPCAS7250
2023-07-10 07-42-55.jpg,CE18O
2023-08-29 02-50-10.png,NAGO57439
2024-01-31 12-52-44.jpg,V10294
2022-10-10 05-56-41.jpg,CPJL7453
2023-08-29 08-20-47.png,0HPAAH4413
2023-08-29 02-52-38.png,5852586
2023-08-28 22-22-48.png,WPCAX0329
2023-08-29 18-03-36.png,WPCBG2865
2023-08-19 02-43-22.jpg,NCNZB5866
2023-08-29 06-11-51.png,SGPG51715
2023-07-27 02-28-08.jpg,N4G01914
2023-09-02 23-10-36.png,KPCAP8274
2022-03-09 20-01-54.jpg,MPFKO762
2023-08-28 22-59-18.png,HBZ5554QP
2023-11-25 22-01-51.jpg,SPR13424
2023-09-15 22-26-12.jpg,NC78690
2023-08-29 00-09-01.png,NPPE79043
2023-08-29 18-21-14.png,KPKL25550
2024-01-14 15-54-10.jpg,P7G2848
2022-03-01 22-53-01.jpg,CPCRF6E53
2023-08-29 07-39-10.png,T25376062
2024-10-01 10-45-21.jpg,04D6254
2023-08-30 08-57-54.png,EPPG53979
2023-08-30 15-06-59.png,CAM0470
2023-08-29 03-03-55.png,AAT3982
2023-04-25 08-03-48.jpg,777795
2023-08-29 15-29-31.png,592586
2022-04-08 14-56-53.jpg,CPCXE7964
2023-08-29 09-29-15.png,KPCAC9332
2023-08-28 20-59-17.png,KPCAO1422
2023-08-30 15-56-23.png,0WPDAE5392
2023-12-19 01-24-14.jpg,479690
2022-12-09 05-09-09.jpg,MPCR0094
2023-08-29 00-58-41.png,CPABOP7404
2023-08-29 06-34-13.png,CPKR58837
2023-08-29 11-31-37.png,MPKY54705
2024-01-25 00-54-30.jpg,1728869
2023-08-29 05-32-53.png,650226
2023-08-13 13-03-05.jpg,TITL78026
2023-08-28 22-07-26.png,8YE2273
2023-08-28 22-31-55.png,Q0AZ
2023-08-29 03-24-10.png,2525614
2022-10-11 20-07-44.jpg,SH6I73
2023-08-28 23-37-49.png,CAN3454
2023-08-28 22-38-15.png,CPCAW9234
2023-08-29 14-30-45.png,HPCAK4625
2023-06-22 23-28-10.jpg,SP103I04
2022-04-12 11-51-24.jpg,FE9236
2023-08-28 16-06-40.png,6213291
2023-08-29 06-10-41.png,UPCAS7352
2023-06-24 02-50-16.jpg,SPRC0347I
2023-09-29 06-45-02.jpg,NC1JG219
2024-12-04 03-05-53.jpg,MPUCI963
2023-10-15 09-38-35.jpg,BPH003139
2022-06-11 03-30-20.jpg,WPPIO36
2023-03-19 17-31-46.jpg,EPEB3522
2023-08-29 02-33-37.png,275
2023-08-27 09-32-40.jpg,NCSOS5905
2024-06-26 23-46-37.jpg,EPIP4332
2023-08-28 20-22-38.png,WPKB53365
2023-09-02 23-44-18.png,CEKOH0511
2023-08-28 16-12-13.png,SPKX72172
2022-11-04 14-40-11.jpg,510476
2023-08-29 04-31-14.png,25303161
2023-08-29 16-48-45.png,9SGYG53796
2023-08-29 09-45-04.png,CPHL25718
2023-08-29 08-18-31.png,REVIEW_NEEDED
2023-08-29 10-41-42.png,120314
2024-01-10 03-34-33.jpg,CPEHK3996
2022-08-18 14-45-19.jpg,EPLB6O85
2024-12-20 00-15-25.jpg,CP1243
2023-08-28 16-18-40.png,GPCAI3623
2023-08-29 11-33-11.png,T05724402
2022-01-25 17-41-10.jpg,0BZ8795
2023-01-05 06-20-37.jpg,NCW006390
2023-08-29 10-49-56.png,SPCAL5256
2023-03-26 01-58-30.jpg,RJKSDS
2022-08-21 09-47-16.jpg,18537
2023-12-23 08-33-24.jpg,NMJTT8614
2024-05-27 14-55-28.jpg,SPGU8504
2023-08-28 19-41-18.png,MPQH8042
2023-08-29 17-46-02.png,KPKK77977
2023-08-29 08-33-45.png,HPCAK6496
2023-08-28 21-20-36.png,5429906
2023-04-04 18-54-59.jpg,NP0N8982
2023-09-02 23-32-52.png,HPCAM2615
2023-08-29 17-15-15.png,MPPG58288
2023-08-30 17-00-47.png,SPPEG2343
2023-08-29 16-22-38.png,KPYR55263
2024-06-25 17-55-31.jpg,AL0597
2024-07-22 19-47-03.jpg,BJ4871
2023-08-30 09-54-58.png,RPBGK4291
2023-08-28 22-47-48.png,WPKHF5844
2023-08-29 14-39-04.png,EPNC54520
2023-08-29 14-20-23.png,NHCAN4706
2022-08-01 08-35-51.jpg,069786
2023-08-29 17-09-05.png,FABA1410
2023-08-28 19-20-22.png,CBC5958
2023-08-28 19-50-52.png,CPGC5613
2023-08-29 08-23-18.png,MPCAZ9776
2023-08-28 21-50-16.png,507660
2023-08-29 16-30-50.png,WPCAV0338
2023-09-03 00-04-59.png,CPPAZ1580
2023-10-13 01-45-32.jpg,CPRO82756
2023-08-29 07-32-31.png,KPCAV8573
2023-08-29 07-23-49.png,V09EPGA57311
2023-08-29 08-13-26.png,CPGN56837
2023-08-29 10-44-03.png,MPCAS3582
2023-08-29 10-36-00.png,NKCAE3680
2023-08-29 04-48-07.png,PCAA79771
2023-08-29 05-20-08.png,WPCBL3687
2024-05-22 22-51-52.jpg,EPRRI
2023-08-29 14-26-37.png,0CPGVJ4605
2022-11-11 23-20-05.jpg,NCRJ06226
2023-09-02 23-33-40.png,SFCAV8237
2023-08-28 16-12-42.png,TCBK0149
2023-08-26 00-23-48.jpg,753303
2023-08-30 15-52-42.png,CPCAC5343
2023-08-29 16-57-06.png,5920628
2023-08-29 14-35-23.png,HPCAT9718
2023-08-29 09-22-11.png,HPKU58553
2023-03-16 03-31-22.jpg,EPEK2OI7
2022-02-19 04-39-23.jpg,NC0018837
2023-09-02 23-21-45.png,NECAA6452
2023-08-07 10-43-59.jpg,NCGM8245
2023-08-29 14-39-38.png,REVIEW_NEEDED
2023-08-29 08-03-47.png,SGNC57026
2023-12-05 06-05-20.jpg,EKB9986
2023-08-29 16-35-33.png,MPAAL6221
2023-09-03 00-12-10.png,HPKV23793
2023-08-30 10-06-51.png,WP25221457
2023-05-28 10-53-01.jpg,PRN4496
2023-08-29 09-55-52.png,801208F
2023-08-30 10-30-08.png,FPPG57774
2024-11-08 10-55-17.jpg,NWXU5732
2024-03-31 05-48-23.jpg,TCX3985
2023-08-29 07-04-24.png,WPCBK6967
2024-09-02 18-04-16.jpg,HJI902
2023-08-29 09-46-36.png,HPCAA212
2022-08-21 21-40-36.jpg,LFBGG9E
2023-08-28 20-04-48.png,SGJS58384
2023-08-30 09-22-10.png,NU
2023-08-29 08-32-39.png,IPPE9182
2023-08-29 07-41-50.png,HPPE59189
2023-08-28 22-21-49.png,VKU9643
2024-08-05 03-16-41.jpg,075780
2023-08-29 07-23-26.png,E02252M8985
2023-08-29 01-41-56.png,WPNC27414
2022-01-20 17-23-38.jpg,CPJIA9553
2023-08-28 23-16-29.png,EPCBJ07304
2023-08-30 11-43-20.png,NPCAT0820
2023-08-29 03-33-01.png,S6ABJ8562
2022-04-13 13-13-14.jpg,CP1SC3914
2023-08-29 04-12-02.png,NCAP9856
2023-08-29 04-35-19.png,5738471
2024-08-25 23-45-04.jpg,MCZPZ4456
2024-01-30 21-26-58.jpg,EFL3OT
2023-10-27 10-15-56.jpg,CPPPJ9752
2023-08-29 01-00-09.png,NPPFJ0686
2023-08-29 05-07-36.png,NCPI548G4
2023-09-02 23-46-47.png,WNC52517
2024-02-25 06-51-44.jpg,NHMBA5827
2023-08-28 22-51-12.png,WPCBL1141
2022-05-15 10-20-13.jpg,CPMF7653
2023-08-29 18-10-34.png,CCAX95401
2023-08-29 14-39-48.png,HPPD52303
2023-08-30 11-56-07.png,MPCBB1342
2023-09-02 23-37-49.png,NPPH58229
2023-08-28 22-24-06.png,NPJ3720
2022-08-31 08-14-16.jpg,PKF9940
2023-08-29 03-42-05.png,NC4673
2023-08-30 16-17-49.png,CBM2316
2023-02-25 21-09-34.jpg,KNROGI7
2023-08-29 10-04-16.png,NHJI57759
2024-02-06 05-45-04.jpg,ACA039183
2024-09-25 20-59-10.jpg,TV7296
2023-11-06 10-34-49.jpg,SPHC334
2024-07-07 10-23-06.jpg,SPPKC2761
2023-08-29 12-36-35.png,CPAAH2891
2023-08-29 10-23-11.png,MHCAS7809
2024-04-01 12-10-58.jpg,HUE8546
2022-10-25 01-18-34.jpg,YP562
2023-08-28 21-54-13.png,PCAD1788
2024-07-31 18-24-49.jpg,571542
2023-08-30 08-49-47.png,SPPC54107
2023-08-29 14-53-45.png,0X262
2023-08-29 10-39-54.png,HPPD22701
2023-08-30 10-20-30.png,20528758
2023-08-29 16-21-30.png,ABE3296
2024-08-25 08-00-41.jpg,SP0RK8225
2023-08-29 14-51-42.png,FEPKF5717
2023-08-30 15-23-51.png,177781
2022-01-23 21-02-12.jpg,EPKT0184
2023-08-30 10-54-20.png,HPYX58272
2023-08-30 18-09-43.png,SPJG53092
2023-09-02 23-05-51.png,WPPL56657
2023-08-29 18-47-23.png,0JZG254
2023-08-29 14-37-08.png,RPNG55562
2022-11-01 21-24-38.jpg,XBO096
2023-08-28 23-26-55.png,NGBFRI24
2024-08-31 00-36-04.jpg,NCYTE9029
2023-08-30 20-51-00.png,6A3
2023-08-28 22-13-58.png,REVIEW_NEEDED
2023-08-29 08-34-10.png,HPPD56994
2022-02-04 01-29-51.jpg,5P1C6333
2023-07-14 21-19-22.jpg,M24T77
2024-12-02 22-03-43.jpg,WP87A4370
2023-08-29 09-51-34.png,SPCBJ6099
2023-07-18 03-59-57.jpg,PNRS264
2023-08-30 16-39-16.png,FPDAE6745
2023-12-27 14-14-43.jpg,CPGWX8878
2023-09-03 00-04-17.png,57FO55
2022-12-07 06-40-28.jpg,EPGY0I72
2023-09-02 23-51-39.png,SPCAZ1091
2023-10-28 00-02-15.jpg,SPC13984
2023-08-29 03-02-53.png,PI2715
2023-08-28 22-49-37.png,OC83
2023-08-28 20-11-30.png,6555605
2023-08-29 07-03-03.png,KPPEF5225
2024-04-06 05-47-37.jpg,MPYS6OO7
2023-08-30 15-24-45.png,REVIEW_NEEDED
2023-08-29 07-24-10.png,KPQB4998
2023-08-29 00-44-16.png,252215357
2023-08-30 18-35-29.png,NEKS53156
2022-02-19 21-09-33.jpg,CPHH5726
2023-04-03 21-50-59.jpg,EZU5882
2024-06-26 05-26-49.jpg,HE9664
2023-09-02 23-03-55.png,KPKYF078
2023-08-29 00-53-07.png,HGAAE2685
2023-01-17 12-08-44.jpg,LP3458
2023-04-22 20-35-04.jpg,X000218
2023-08-29 05-50-08.png,KFKF545L5
2023-08-29 03-17-01.png,EPCBB7937
2023-08-28 16-16-59.png,EPPD56945
2022-01-27 03-40-21.jpg,C47807
2023-08-29 14-34-02.png,REVIEW_NEEDED
2023-08-28 22-40-02.png,UPCAI6539
2024-01-04 04-09-24.jpg,0JC5477
2022-04-27 07-49-58.jpg,EPEE0542
2023-08-28 23-53-59.png,6453031
2023-08-28 22-36-45.png,WPCBJ1556
2023-08-29 16-35-57.png,MPPJP781
2024-08-28 09-15-10.jpg,NCIE43E47
2023-08-29 17-40-41.png,KPCACG484
2023-08-28 19-55-46.png,125253952
2023-08-28 22-20-33.png,HPCAU8688
2023-08-28 16-09-05.png,930027234
2022-10-14 20-50-59.jpg,803651
2024-10-11 14-55-25.jpg,A1D1688
2023-01-31 00-57-33.jpg,SPPCC2I04
2023-08-28 19-49-04.png,APCADG294
2023-08-30 09-52-51.png,REVIEW_NEEDED
2023-08-29 11-34-22.png,CPKR078837
2024-04-27 00-57-44.jpg,MPWDXI377
2022-12-26 07-45-38.jpg,0B3900
2023-08-29 03-09-59.png,N125127995
2023-08-28 21-22-41.png,WPCBL4586
2023-08-29 10-05-50.png,MPJZ59613
2023-08-29 09-48-45.png,CPKN57235
2023-08-29 18-01-34.png,2537565
2023-07-05 23-52-00.jpg,060470
2022-10-22 01-45-27.jpg,FBT66O6
2023-02-01 01-05-03.jpg,ZARA1J
2024-08-05 12-41-18.jpg,AX3804
2023-08-30 10-39-49.png,SGJF7667
2023-08-29 07-53-27.png,WPCBC5928
2023-02-24 15-13-10.jpg,CPVV084
2023-12-01 16-47-11.jpg,GIM3501
2023-10-13 07-19-14.jpg,VCIQBD
2023-08-29 00-39-12.png,HYT26102
2023-08-29 03-38-06.png,50J4473
2023-08-29 09-13-47.png,HPCAU1246
2022-07-10 21-00-25.jpg,RKS9805
2023-08-29 10-06-17.png,FPCAK5499
2023-09-08 10-13-19.jpg,RF9578
2023-08-29 14-48-23.png,JOO157523757
2023-08-30 18-14-38.png,REVIEW_NEEDED
2022-01-30 04-23-11.jpg,2P01798
2022-09-25 02-44-06.jpg,MPFUI3684
2023-08-29 07-08-25.png,HPPC73123
2023-08-29 08-42-32.png,HPPFG9957
2024-05-21 02-33-41.jpg,EPFPT37S3
2023-08-30 15-26-49.png,HPCAC9213
2023-08-28 22-09-01.png,SGCBI3352
2023-08-28 21-02-01.png,HPKL24122
2023-08-28 21-59-16.png,ANIESAN3EE
2024-05-31 08-44-02.jpg,NCLDJ428I
2023-08-30 15-44-41.png,REVIEW_NEEDED
2023-08-29 14-48-31.png,HPDAE5322
2023-08-28 22-42-59.png,HPKY24233
2023-08-29 10-11-11.png,26KT8790
2022-05-01 18-33-09.jpg,LY7607
2024-08-26 07-25-15.jpg,WPTZ6827
2023-08-29 05-12-09.png,CDPD56387
2023-08-29 05-47-17.png,KPPEA5225
2023-06-26 17-39-37.jpg,003972
2023-08-29 02-55-08.png,5873841
2023-08-28 16-22-30.png,KPCAP9307
2023-08-29 12-31-52.png,NHPH54431
2023-08-29 06-59-05.png,SPPI50828
2022-03-01 19-48-49.jpg,SPGHTO6O0
2023-08-28 23-41-02.png,APPI56988
2023-08-29 00-52-14.png,VP5634682
2024-03-05 16-24-02.jpg,EPY209889
2022-06-02 13-42-17.jpg,HBRGGII
2022-12-10 17-35-16.jpg,069228
2022-08-08 07-39-20.jpg,R19O55
2022-07-24 19-14-10.jpg,CPXNV5446
2023-08-30 09-56-43.png,NPHR59035
2023-08-29 14-04-29.png,EDN8551235S
2023-06-03 20-47-06.jpg,MPFX6413
2023-10-29 02-44-45.jpg,074225
2023-08-30 17-04-21.png,KPKJ4779
2023-08-28 22-38-13.png,WPGAJ0129
2023-08-29 07-49-47.png,5620536
2023-07-07 18-08-46.jpg,SPHBRO663
2023-08-29 03-33-52.png,ACAQ8126
2023-08-29 09-59-21.png,HPCAB
2023-08-30 15-48-30.png,REVIEW_NEEDED
2023-08-29 10-36-51.png,HPCAX9418
2024-07-09 17-09-37.jpg,EPXHUZEIQ
2023-09-26 08-40-30.jpg,NCVN8792
2023-08-28 20-01-38.png,REVIEW_NEEDED
2023-08-29 09-42-46.png,RFPD56967
2023-08-30 09-58-19.png,IPKP37025
2023-08-29 18-46-00.png,SPNCJ4447
2023-08-29 08-24-30.png,HPCAP5208
2023-01-23 17-34-37.jpg,CP0130498
2023-02-21 23-10-53.jpg,PG9936
2023-08-29 08-20-17.png,HPJBF2171
2023-08-29 00-39-05.png,HYT26102
2022-10-18 20-28-22.jpg,ZM8181
2023-08-29 02-32-31.png,HPCAV6G10
2023-08-29 03-30-37.png,0SGPJF8598
2023-08-30 16-02-54.png,6CPHB54748
2022-03-17 16-21-37.jpg,HPUIOS6
2023-08-30 16-16-51.png,KPCAO3214
2023-12-16 03-38-59.jpg,MON4327
2023-09-02 23-19-54.png,VCAU2520
2023-08-28 21-45-54.png,00O3QCQG
2023-08-29 14-54-55.png,CAV0564
2023-08-07 14-27-49.jpg,PXS7380
2023-09-02 22-52-13.png,HTNA53400
2022-05-26 15-52-34.jpg,N7086844
2023-08-29 08-15-09.png,0SGKH53225
2024-02-05 07-40-53.jpg,EPOC4462
2023-01-10 17-05-35.jpg,Y0R5887
2023-08-29 16-56-57.png,EABA1410
2023-08-29 09-44-36.png,WPCAR7417
2023-08-28 16-15-12.png,2VQL90050N
2023-08-29 09-28-19.png,HPKHG3401
2022-04-17 11-02-52.jpg,NCROO383
2023-11-03 09-41-42.jpg,ES5490
2023-08-29 01-23-31.png,HPABG5126
2023-07-10 17-44-43.jpg,PN37
2023-12-20 21-45-12.jpg,703619
2023-08-29 03-25-23.png,WHKL70428
2023-09-02 23-51-31.png,MPCAH1260
2024-12-04 17-49-26.jpg,EP5I09896
2023-08-30 10-30-49.png,HPPC56059
2023-08-29 15-28-46.png,HKY24672
2023-08-10 23-10-47.jpg,J05838
2022-10-07 10-18-40.jpg,SPCFHBI6O
2023-09-03 00-01-18.png,L0PGJ1160
2024-09-07 17-56-40.jpg,NCKJP0602
2022-11-24 19-33-34.jpg,WFJ75G0
2022-06-08 06-18-02.jpg,SP0T7268
2022-07-30 20-15-07.jpg,L7V8237
2023-08-29 11-41-49.png,HPPR5418900
2024-04-11 13-53-05.jpg,1A42063
2024-04-06 02-20-12.jpg,MPKC9367
2023-08-28 23-37-31.png,IPAAP4774
2024-12-23 01-37-40.jpg,0C584Q
2023-08-28 22-12-37.png,KPCAC2000
2023-08-30 09-32-32.png,HPKO58953
2023-08-30 18-45-19.png,MRGA2
2023-08-30 18-07-11.png,544369
2023-08-29 16-55-59.png,MACAF2648
2023-08-29 04-47-41.png,NHAAQ5076
2023-08-30 17-51-06.png,REVIEW_NEEDED
2023-08-29 11-08-30.png,HPCBH4183
2023-08-29 09-28-15.png,EPGX55313
2024-06-04 00-38-04.jpg,ABBII7I
2022-07-14 18-37-46.jpg,WGC9901
2023-08-28 20-21-20.png,6152814
2023-08-29 10-55-55.png,TPPE57276
2022-10-02 23-28-35.jpg,NCQJ6345
2024-10-25 06-00-43.jpg,EPCOS7973
2022-01-25 12-06-06.jpg,DD98275
2024-02-22 17-00-07.jpg,EZZO18
2023-08-29 10-47-49.png,80PE57222
2024-08-16 12-46-03.jpg,REVIEW_NEEDED
2023-08-29 17-22-41.png,HPABR2639
2023-08-28 23-56-27.png,NW5954427
2023-08-29 04-12-09.png,KPDAD3897
2023-08-30 09-30-02.png,HPPM59595
2022-03-18 14-53-41.jpg,MIC4586
2023-08-20 18-53-51.jpg,MR15060
2023-08-29 16-26-46.png,NKNAJ0782
2023-08-28 16-17-37.png,9781
2022-05-08 21-34-55.jpg,DK5323
2023-08-29 09-07-20.png,HPCAI3465
2023-08-30 18-19-41.png,CPPL7577
2023-08-29 04-47-06.png,NKAAQ5076
2023-08-29 18-11-31.png,5F0
2023-08-29 16-55-08.png,30211643
2023-04-17 21-12-30.jpg,CPNAT7424
2023-08-29 10-25-58.png,UPJK267617
2023-08-28 20-19-39.png,HPBGHGG08
2023-08-29 05-16-09.png,CPYXJ5911
2022-01-22 09-27-27.jpg,ZCR1786
2022-11-21 01-43-47.jpg,MPVEV5902
2022-01-15 16-39-37.jpg,NMLHO765
2022-10-21 00-14-45.jpg,A29142
2022-01-26 12-45-12.jpg,KIC5661
2022-09-04 20-14-23.jpg,GBE9809
2023-08-28 20-54-25.png,25227959
2023-08-29 08-12-42.png,25052426
2023-08-28 19-49-34.png,514403
2023-08-29 02-00-32.png,NMPE73677
2024-04-26 09-18-34.jpg,EYE921
2023-02-14 22-19-55.jpg,MPUVF4156
2023-08-29 17-40-30.png,WPCAY1508
2023-08-30 11-38-16.png,HPDAE5392
2023-08-28 19-50-08.png,8HPDAE5322
2023-08-29 08-27-53.png,NPCBC5072
2022-03-10 02-59-22.jpg,SPKGAI586
2023-01-04 21-31-42.jpg,NCTFVI787
2022-01-14 02-23-26.jpg,GDF5796
2022-08-08 01-06-03.jpg,RP9662
2024-03-18 05-09-52.jpg,CPKXK7376
2023-08-29 02-36-45.png,5858872
2023-04-25 15-03-01.jpg,SPEJIC2
2023-08-29 03-30-08.png,DPJH3736
2022-06-14 21-06-40.jpg,WCKRI9OO
2023-08-29 03-58-00.png,NPPDJ6370
2023-08-29 14-39-55.png,APPC56230
2023-08-29 18-02-23.png,HPCAE1285
2023-08-29 03-03-45.png,529467
2023-08-28 21-56-16.png,ISGYQJ8096
2023-02-22 07-03-50.jpg,AG2372
2023-08-30 18-19-52.png,SPJL51626
2023-08-29 15-38-18.png,20727220
2022-01-20 00-43-10.jpg,SPERAS380
2023-08-29 07-03-18.png,HPCAJ5115
2023-09-02 22-54-29.png,IKAAL562
2023-08-29 17-35-04.png,CPKXF3650
2022-04-26 18-58-41.jpg,CPHF1C579
2022-04-07 04-27-16.jpg,N0A72085
2023-08-06 18-53-32.jpg,005586
2023-08-30 09-26-13.png,NPND53663
2023-08-30 14-13-31.png,0WPPJ24458
2022-02-15 01-41-08.jpg,MJ06050
2023-08-29 06-08-40.png,NHR57525
2023-08-28 21-09-57.png,PI2753
2024-03-10 21-52-21.jpg,NCTY2S61
2023-08-29 17-58-46.png,0WPDAE5392
2023-08-28 21-21-32.png,KPCAD6294
2024-04-06 08-48-13.jpg,SPZF1253
2023-09-02 23-33-06.png,HFNB57230
2023-01-08 08-53-37.jpg,SP08X53G
2024-12-18 23-48-43.jpg,NCGE9338
2023-08-28 21-55-41.png,N125053618
2023-04-06 17-44-57.jpg,MFR7D4798
2023-08-29 02-38-56.png,HPABC6498
2022-08-03 04-22-27.jpg,FLG1040
2023-08-29 17-57-52.png,4I
2023-08-30 15-58-38.png,SPCAC9658
2022-07-21 01-14-05.jpg,IAZ5107
2023-08-28 22-14-28.png,WPNE59545
2023-08-28 23-31-10.png,E58576
2023-11-28 12-47-53.jpg,EPSIC42I6
2023-08-29 17-44-24.png,LZ
2024-11-28 08-28-52.jpg,ESYZB1
2024-09-12 08-18-50.jpg,EPNLE9134
2023-08-30 10-12-00.png,HPCBG0562
2024-09-04 21-13-56.jpg,E7S9677
2024-03-28 12-01-00.jpg,0J2754
2023-05-28 21-51-33.jpg,AFC5412
2023-08-29 02-00-11.png,NPKL73525
2024-09-24 17-16-18.jpg,NCDZI626
2023-08-29 07-49-31.png,IPCBG7359
2023-08-29 09-15-11.png,4CND54147
2023-08-29 09-51-32.png,HPNC53222
2023-08-30 10-17-56.png,VE55786
2024-08-28 14-10-35.jpg,PPSNL9330
2023-12-12 09-21-34.jpg,SPHDT45I
2023-12-08 20-10-21.jpg,9AR7645
2023-08-29 09-56-09.png,MGR52121
2023-08-28 16-14-57.png,EPKGF2811
2022-08-22 06-43-36.jpg,MNEG02598
2023-10-20 01-12-20.jpg,NXC2I6S
2023-08-29 15-42-13.png,00MPPL28021
2022-05-05 13-08-55.jpg,YANEI36
2023-08-29 01-24-10.png,NPCAE2826
2023-08-29 08-27-47.png,REVIEW_NEEDED
2023-08-29 08-54-40.png,2527384
2023-08-28 23-26-36.png,KPKH5844
2023-08-30 17-03-01.png,NNBFHL467
2022-11-29 02-02-58.jpg,SP0P5436
2023-08-30 10-14-59.png,HPHC76683
2023-08-28 22-04-20.png,NPJK5816
2024-12-04 06-41-36.jpg,MP7L2073
2023-08-28 22-42-55.png,61JT53737
2024-11-04 20-26-06.jpg,2L49744
2023-08-29 00-05-55.png,KEBF48274
2023-08-28 23-39-13.png,HPPEF639
2023-08-29 00-26-53.png,IFCAQ8214
2023-08-28 21-13-09.png,CCAE3765
2023-08-29 01-46-31.png,KPCA5814
2022-05-05 17-12-00.jpg,NMFQ4363
2024-06-24 08-43-47.jpg,1XG4742
2023-08-30 10-45-13.png,SGCAD8631
2024-04-27 19-42-14.jpg,NJ9483
2022-01-30 13-57-19.jpg,SPWP4422
2024-08-01 12-45-41.jpg,70E4455
2023-04-06 10-07-48.jpg,SPG69861
2023-03-06 05-15-07.jpg,MPSLN823
2023-08-28 22-18-02.png,KPCBK2901
2023-08-29 08-20-53.png,2WPAAH4413
2023-01-08 02-54-45.jpg,NWKG3208
2023-08-29 10-19-56.png,CAG1546
2024-03-08 11-43-02.jpg,4P059428
2023-09-02 23-27-40.png,IPABK4426
2023-02-08 23-23-39.jpg,Z016645
2023-08-28 23-01-40.png,NCAG2126
2022-03-02 21-05-00.jpg,1E12239
2023-08-30 08-36-50.png,REVIEW_NEEDED
2023-08-30 11-05-32.png,88NPCAR560
2023-08-28 22-05-44.png,WPCAR3863
2023-08-29 07-25-52.png,2507353
2023-08-30 20-36-03.png,CF8524
2023-01-29 23-53-12.jpg,SPJ041
2023-08-29 18-29-27.png,4548553
2023-11-07 17-00-06.jpg,NX8I93
2022-02-20 23-49-57.jpg,SPBEU2583
2023-08-29 04-07-37.png,KPKY76314
2024-01-07 22-14-16.jpg,NCH5844
2023-08-28 19-52-02.png,HPCAH0538
2023-08-29 10-39-59.png,LPOHOGGG5
2023-08-30 16-55-06.png,HPJQ56116
2024-04-13 07-31-52.jpg,FU9994
2024-10-05 03-51-35.jpg,NCN05089
2023-08-28 23-37-43.png,XPPBG1308
2023-09-02 23-37-16.png,UCAR5280
2023-08-29 03-21-04.png,WPABV2919
2022-01-23 06-55-23.jpg,PB3475
2022-06-06 07-58-04.jpg,EP0D60
2022-12-01 21-00-06.jpg,NMEC7916
2024-11-27 14-10-21.jpg,NWZH3694
2023-08-30 16-14-33.png,REVIEW_NEEDED
2024-05-01 02-51-11.jpg,EPPCO2I
2023-08-29 01-29-55.png,SPAAPA7328
2024-10-06 07-19-07.jpg,NCBQF3571
2023-08-30 10-57-32.png,WPCAX2838
2023-10-02 06-46-27.jpg,CP02986
2023-08-29 06-19-53.png,WND54910
2023-08-29 10-43-39.png,LPPE34926
2024-01-10 07-53-05.jpg,SPHV747I
2022-09-04 06-56-51.jpg,RG107O
2023-09-02 23-49-26.png,MEAAL8232
2022-02-25 21-49-26.jpg,A70859
2024-10-22 22-18-37.jpg,Q58066
2023-10-13 13-47-50.jpg,493
2023-08-29 16-18-55.png,PPHJ2796
2023-08-28 22-21-07.png,5473186
2023-08-28 20-31-00.png,KPCAW1803
2023-10-13 10-46-39.jpg,ATLC907
2023-08-30 15-48-59.png,SPPHF3937
2023-12-18 12-43-52.jpg,TFX90
2024-07-17 03-55-42.jpg,CPREKSGOO
2023-08-29 15-50-11.png,FPJC55263
2023-08-29 08-46-52.png,50I6201
2024-10-13 21-38-44.jpg,FF2882
2023-08-28 23-34-18.png,WPCAS1383
2023-08-28 21-56-20.png,SGPP57555
2023-08-28 21-10-34.png,MPCAL3562
2023-12-25 02-06-54.jpg,SP12Q6505
2023-08-29 03-18-23.png,563330
2023-08-29 15-04-27.png,HPGJ50068
2023-08-29 01-23-33.png,KPABG5126
2023-08-29 02-13-32.png,CPYMS7507
2024-12-05 17-54-31.jpg,0902226
2023-08-28 21-01-31.png,25221604
2023-08-29 16-55-17.png,HPCAK3105
2023-08-30 17-14-04.png,15429244
2023-08-29 15-30-25.png,APCAH3452
2023-08-29 18-13-50.png,WPCAG1315
2022-03-03 13-23-01.jpg,GZK2768
2023-08-29 12-55-54.png,WPCAU8624
2024-07-04 04-36-58.jpg,CPHB1B37
2024-10-28 11-02-33.jpg,04P76624
2023-08-28 20-23-51.png,SPCAF0867
2023-08-28 22-54-32.png,UPCBK0510
2022-12-15 10-38-37.jpg,WPMRD9966
2022-05-02 12-53-35.jpg,EP148373
2023-08-30 10-04-14.png,KQ58108
2023-08-29 16-06-32.png,2CBJ3716
2023-07-27 09-32-13.jpg,MICCF52I3
2023-11-11 05-34-45.jpg,1TJ8757
2023-08-30 16-38-29.png,NP5759374
2023-08-29 01-41-11.png,HPKHF6226
2023-08-29 07-31-53.png,IPHP25275
2022-11-19 03-47-54.jpg,NPLKHG756
2022-03-16 16-02-23.jpg,CPLZ6614
2022-05-01 05-49-00.jpg,SAR5248
2023-08-29 03-42-11.png,KPCBH2627
2024-05-22 16-41-04.jpg,SY33
2023-08-29 14-00-16.png,NCKG55821
2023-08-29 03-14-01.png,7779
2022-08-04 10-39-12.jpg,HS5231
2023-01-20 17-00-51.jpg,SPKZO623
2022-07-05 04-02-29.jpg,SPCVJ3607
2022-12-01 00-09-07.jpg,EPFTC7880
2023-08-28 19-39-18.png,HPCAH0714
2023-08-30 10-00-52.png,22NPPD0443
2023-08-29 06-17-34.png,5659620
2023-08-29 09-42-08.png,6321757
2023-08-30 08-46-26.png,FPCAZ3425
2023-08-28 23-42-12.png,7NE9525
2023-08-28 22-35-01.png,0WPCAX3341
2023-08-28 21-43-23.png,RPCBB5160
2024-11-26 11-30-30.jpg,NCYS8642
2022-04-06 11-02-34.jpg,L406586
2024-07-24 00-27-16.jpg,CPRBI838
2023-08-29 15-14-10.png,2NKNC53885
2023-08-29 07-02-08.png,SGPAAA6462
2023-07-30 19-36-45.jpg,NWXLE6428
2023-08-29 17-50-44.png,HPCAP6584
2023-08-28 22-29-21.png,SFKE51510
2024-07-02 21-28-54.jpg,TNO18D
2024-01-08 14-57-50.jpg,NNSP9290
2023-08-29 00-33-18.png,NPE20527
2023-08-29 11-02-34.png,HPPF51317
2022-12-27 03-19-44.jpg,TH8923
2023-08-28 22-25-43.png,SGABI5826
2023-08-28 22-28-46.png,25929ISPJN
2023-11-18 00-33-39.jpg,ILH7762
2023-08-28 20-51-17.png,KPKG75200
2024-02-03 19-00-50.jpg,NHJON3398
2023-08-29 17-06-00.png,3004703
2023-08-29 07-21-57.png,FGAAA4402
2023-08-28 22-25-36.png,SGABL5826
2023-08-28 22-08-53.png,MPYR21827
2023-08-29 09-02-50.png,HPCAR7417
2023-08-29 03-46-18.png,5622055
2023-08-29 12-51-32.png,REVIEW_NEEDED
2023-08-28 20-57-08.png,1PCAO4834
2023-09-21 06-23-54.jpg,CPKSS7252
2022-12-27 07-17-53.jpg,SYN702
2023-08-29 08-45-44.png,ECAP9824
2023-01-13 23-10-39.jpg,CPOYI74O
2023-08-29 03-48-22.png,HPCAA6862
2023-02-06 08-33-48.jpg,514584
2024-09-24 01-16-17.jpg,MPAIM2225
2023-08-29 01-50-16.png,276221HQD
2022-01-17 21-27-48.jpg,RP1T4361
2023-09-13 02-02-06.jpg,YER2049
2023-11-07 23-09-28.jpg,NKR6381
2023-08-28 23-18-44.png,2519312
2023-05-31 07-33-28.jpg,A71D0966
2023-08-29 04-47-12.png,NHAAQ5076
2023-12-04 01-19-06.jpg,RPLIP8029
2024-04-19 10-02-53.jpg,HU19636
2023-08-28 21-58-38.png,HPPHG2379
2023-04-28 22-06-37.jpg,NCPCF81E5
2023-10-21 08-53-23.jpg,TO50759
2023-08-29 01-22-56.png,HPPC75978
2023-08-29 05-37-36.png,WPCAG7539
2023-09-02 23-16-36.png,EDABG70521
2022-07-29 18-44-17.jpg,CPRUX2639
2023-09-02 22-56-14.png,MPQT21220
2023-08-29 04-46-32.png,NKPB51949
2023-08-29 09-18-48.png,WPRG55846
2023-03-29 13-29-51.jpg,EPVEI2I
2022-06-02 05-10-44.jpg,NCNAIO93
2023-08-29 17-58-27.png,HPPJ517L
2023-08-30 10-18-49.png,KPPH1346
2023-08-30 11-56-16.png,UPCAC1481
2023-09-27 00-17-07.jpg,MRX5O35
2023-08-30 09-20-36.png,HPAAV5199
2022-05-06 06-49-58.jpg,WPC100888
2023-08-29 00-14-35.png,NCJ4073WP
2023-08-29 09-39-11.png,NPJ6626
2022-03-30 03-22-41.jpg,TLI506
2023-03-15 09-17-23.jpg,A004576
2023-08-28 20-50-06.png,164467
2023-08-29 12-13-58.png,DU6322327OSTE
2023-08-29 07-11-18.png,HPCAZ7738
2022-04-26 13-36-17.jpg,ZK2260
2023-08-29 09-59-23.png,HHEMF
2023-08-28 22-40-52.png,CPCAB9878
2022-09-04 20-49-21.jpg,NMEL0375
2022-05-05 23-19-55.jpg,EP2U9815
2023-08-30 15-08-00.png,00KPPM34747
2023-08-29 10-50-09.png,CFKF54602
2023-08-30 16-15-10.png,5726091
2023-10-23 06-12-49.jpg,SPLTESS57
2023-08-29 08-51-21.png,WPCAJ4484
2023-08-30 16-10-42.png,REVIEW_NEEDED
2023-08-30 10-10-37.png,50Q
2022-03-25 22-46-03.jpg,LX8O
2024-03-26 07-02-14.jpg,SPXCX2365
2023-09-30 03-52-29.jpg,7M4872
2023-08-28 20-46-41.png,CFKL20806
2023-08-29 14-59-43.png,AEKW52241
2022-05-15 17-50-14.jpg,SPPRT9792
2023-08-30 11-09-04.png,CBA7122
2024-08-13 05-40-56.jpg,HFV789
2022-03-10 09-05-47.jpg,5PCL2946
2023-08-28 23-57-42.png,19235
2024-07-14 12-38-31.jpg,EPFLOBI22
2022-07-28 18-14-24.jpg,EPLD3860
2023-08-29 15-42-48.png,2SGAAG4322
2023-08-29 03-12-39.png,W5253333
2023-09-02 23-26-54.png,CFPE51225
2023-09-02 23-39-16.png,VKU30749
2024-10-06 12-28-46.jpg,504512
2024-06-16 02-43-35.jpg,OCP1636
2024-09-04 15-51-49.jpg,CZ7286
2023-08-29 09-57-15.png,HPCAQ4237
2023-09-02 23-30-46.png,EPCAN1338
2024-04-30 10-47-50.jpg,225994
2023-08-29 03-12-25.png,HPPF58315
2023-05-30 01-15-08.jpg,CP10Y2359
2023-07-08 03-25-35.jpg,HMM8532
2023-08-28 19-32-00.png,HPCBC7266
2023-08-29 06-09-39.png,CFAWI19361
2023-08-29 00-50-19.png,KCAL2681
2024-05-16 09-57-53.jpg,EPGAD9414
2023-08-29 03-58-36.png,NKJ4348
2022-08-13 12-18-37.jpg,EPKDAG397
2023-09-03 00-00-48.png,CPAAP5764
2023-08-29 14-54-10.png,REVIEW_NEEDED
2023-01-26 06-38-58.jpg,SPLR24D
2023-08-29 11-02-26.png,SPPG54793
2022-01-23 00-00-48.jpg,NCNO6997
2023-08-29 14-07-03.png,2ICPYZ21986
2023-08-28 21-22-18.png,0PAFGG1
2024-10-20 21-59-41.jpg,KZT0451
2023-08-29 05-16-46.png,CPYXJ5911
2023-03-20 08-47-21.jpg,2B26940
2023-08-30 10-30-29.png,HPKS53237
2023-08-29 12-01-31.png,SPCAG7454
2022-10-24 22-44-15.jpg,KR21966
2024-02-24 18-13-25.jpg,CPOL2994
2023-08-28 23-52-46.png,NBI1111
2023-08-29 02-46-47.png,9IPYD28430
2024-04-22 21-58-34.jpg,SPIH0559
2023-08-28 20-41-36.png,TPCAQ5916
2023-08-29 15-40-30.png,REVIEW_NEEDED
2023-03-18 09-50-32.jpg,SPKDTI82S
2023-08-29 06-35-00.png,HPGJ54221
2023-12-27 22-55-35.jpg,JC17657
2023-08-29 02-29-13.png,5915506
2022-04-29 02-25-27.jpg,5K1939
2023-08-29 00-21-31.png,WKGZ2076
2023-08-29 03-22-23.png,CPYX5911
2023-08-29 12-15-11.png,REVIEW_NEEDED
2023-08-30 20-31-21.png,REVIEW_NEEDED
2023-08-29 03-42-46.png,LPFJ8315
2023-08-28 22-46-05.png,KPCAI3374
2023-08-28 21-12-43.png,HPCAQ3252
2022-05-15 23-33-35.jpg,NCMF0072
2023-01-07 09-50-50.jpg,0L0259
2023-08-28 16-20-16.png,HPKX58583
2024-09-27 00-56-51.jpg,QNN9377
2023-08-29 18-09-52.png,063720353
2023-05-08 19-29-02.jpg,900589
2023-08-29 15-34-44.png,NXABD1538
2022-08-02 21-10-40.jpg,NMIT2990
2023-08-29 14-30-12.png,HPCAF6230
2023-08-29 04-45-32.png,73
2023-08-30 15-18-39.png,30120951
2023-08-29 15-22-24.png,25262497
2023-08-29 14-50-51.png,590137
2024-01-11 02-56-49.jpg,NHNQE2897
2022-10-16 02-19-33.jpg,NCQEI
2023-08-29 10-09-56.png,9SGPF51957
2023-08-29 10-02-54.png,WNB51465
2022-05-14 17-12-14.jpg,MPHB5784
2023-03-10 04-59-12.jpg,CPP1Z6742
2024-08-04 20-46-19.jpg,H45587
2023-08-28 21-01-40.png,PCBF8792
2023-09-02 23-01-19.png,KFKU59620
2023-08-29 15-56-45.png,NGQK5817
2022-10-14 10-09-36.jpg,DTO002
2023-08-29 04-06-59.png,HPKI77667
2024-03-10 15-31-04.jpg,NPR0525
2023-11-03 09-42-14.jpg,EPOF6393
2023-08-28 19-15-31.png,KPKUI3437
2023-08-29 09-55-59.png,0NPPB58838
2023-08-29 07-44-23.png,25378596
2022-08-06 23-52-51.jpg,XEQ6464
2023-08-29 03-59-19.png,215005265
2024-02-03 19-53-26.jpg,SPTW6I42
2023-08-29 12-20-37.png,MARGET
2024-06-28 18-01-16.jpg,EPCKI3O7
2022-07-01 17-52-24.jpg,T7802
2023-08-29 05-58-40.png,WPGJJ1370
2023-08-29 09-48-25.png,HPKO27988
2023-08-29 04-48-17.png,REVIEW_NEEDED
2024-04-11 14-58-25.jpg,J07539
2023-08-29 18-37-26.png,FEKX51019
2023-11-19 21-42-31.jpg,SPALO3OT
2022-11-03 03-06-39.jpg,SPMH3O9I
2024-09-19 17-53-59.jpg,M4094227
2023-08-29 15-32-16.png,NWDAE1335
2023-01-30 00-15-55.jpg,0J6571
2024-05-07 07-29-18.jpg,CLNZ244
2023-09-02 23-33-17.png,SPCAS4968
2024-12-23 06-29-14.jpg,MPPRAZAI
2023-08-30 10-37-33.png,WPPH55624
2023-08-29 09-18-42.png,MPKA29997
2024-04-27 01-43-27.jpg,MIEXG2570
2023-09-02 23-18-51.png,MPCBK5614
2023-04-11 20-12-32.jpg,A55902
2023-08-30 08-36-34.png,PPG5427
2022-06-29 19-47-44.jpg,NCE07532
2023-08-28 20-30-40.png,EPPD54433
2023-08-29 15-08-42.png,BJD2527
2023-08-29 01-14-34.png,HPCBH2284
2023-08-28 23-36-33.png,DCBAL516
2023-08-26 13-07-20.jpg,GEE3943
2022-04-15 12-44-33.jpg,NCAR16756
2023-08-30 08-53-47.png,5720503
2023-08-28 21-43-04.png,WPCAS9671
2023-09-02 23-34-35.png,WPPJ56423
2023-09-02 23-59-46.png,KA53048
2023-08-30 17-51-18.png,WPCAB3227
2023-08-30 15-30-37.png,CPND83344
2023-08-29 02-15-44.png,NKGC21626
2023-08-29 02-05-33.png,NPPF50387
2023-08-29 05-48-18.png,CPPH76243
2023-08-28 23-44-09.png,HPCAQ3436
2023-09-02 23-52-46.png,E
2022-11-23 13-14-35.jpg,CP1N839
2023-08-29 04-39-50.png,KPKHF7540
2023-08-29 05-54-08.png,NEE575J2
2023-08-29 05-03-36.png,PA59812EP
2023-08-28 20-32-09.png,WPNCJ6624
2023-07-07 14-30-28.jpg,ZVH65I3
2023-08-30 10-30-00.png,HPCAY0452
2024-07-30 11-53-17.jpg,NPXP5053
2023-08-29 00-57-39.png,CPPA56177
2023-08-29 07-40-17.png,20SPKXK1795
2023-08-29 14-24-41.png,RALLIART
2023-08-29 00-30-30.png,7GJ16131
2023-08-29 01-31-22.png,WPCAS4592
2023-08-28 20-48-48.png,LBMVP3376
2024-01-13 00-35-34.jpg,074567
2023-01-27 15-49-30.jpg,VTB3
2023-08-29 08-50-39.png,0HPPGFL224
2023-08-29 11-14-44.png,EPGR50316
2023-08-29 06-26-35.png,KPPE59688
2023-08-29 14-40-52.png,MPCBH2526
2023-08-30 08-48-24.png,CPCAH5383
2024-12-17 10-46-20.jpg,CPRREZ992
2022-08-17 07-58-53.jpg,CXTSSS
2023-08-28 19-34-13.png,WPHN73574
2023-08-29 10-54-38.png,FPCAQL237
2024-12-22 06-47-43.jpg,NMFGCIIII
2023-08-29 03-36-16.png,SPI
2023-08-18 17-31-11.jpg,SX9341
2023-05-17 07-27-24.jpg,NHLI365
2023-08-28 22-45-58.png,KPHBG5554
2023-08-29 05-36-37.png,25220820
2023-08-29 07-48-43.png,SGCB2231
2023-08-28 22-53-26.png,NPPEJ8428
2023-08-30 09-14-40.png,5724665
2023-08-29 05-54-49.png,25121451
2022-02-05 04-23-56.jpg,MCPM2436
2022-02-20 10-09-02.jpg,BHKO6ON
2024-06-13 09-21-58.jpg,SPYF7728
2023-08-29 17-04-18.png,WPCAH6376
2023-08-30 17-42-47.png,HPNB24869
2023-08-29 03-45-39.png,WPCBB1250
2023-08-30 18-20-27.png,SGCAC6251
2022-11-15 19-02-29.jpg,CPUBT3913
2022-03-12 07-58-29.jpg,EPHLU7257
2023-03-06 01-26-15.jpg,1J2707
2023-08-29 10-06-03.png,CPPC55015
2023-08-29 16-25-59.png,WKG57462
2024-05-02 19-35-49.jpg,EPFUV8958
2023-03-07 01-17-06.jpg,NCD87059
2023-08-28 23-56-50.png,NPPNG3223
2023-08-29 03-55-20.png,NGF52577
2023-08-30 18-15-01.png,CPAAF8228
2024-09-14 01-32-56.jpg,NCGMV5054
2023-08-28 20-41-50.png,HPCAP2845
2024-10-04 08-35-41.jpg,CPGG1402
2023-08-30 11-17-10.png,EPPG27357
2023-08-30 17-24-46.png,EPPB54403
2023-08-28 08-53-15.jpg,HA963
2023-09-02 23-38-53.png,VYVF3143
2023-08-28 19-14-29.png,CPPC4448
2023-08-28 23-40-29.png,HPCAG0C57
2024-03-21 18-58-45.jpg,CPNA9262
2023-08-29 15-22-51.png,62Q052429
2023-08-29 00-35-01.png,NPPN53223
2023-08-30 16-37-36.png,4PVN85218
2023-08-19 10-15-07.jpg,GEQ6123
2023-02-19 07-36-07.jpg,CPPP8457
2023-08-28 21-36-56.png,WPCBK3117
2023-08-30 17-37-59.png,25159871C
2024-11-04 03-48-57.jpg,NCCTVOM7
2024-12-15 13-14-58.jpg,MJ3845
2023-08-29 08-08-14.png,SPKV53432
2023-08-29 16-49-21.png,5P25376780
2023-08-29 15-24-14.png,RPAAI185
2023-08-29 04-47-33.png,NKAAQ5076
2023-08-29 01-57-57.png,HPCAD5542
2023-08-29 15-17-00.png,EE
2023-08-29 04-47-27.png,UPCBG2321
2023-08-30 20-47-33.png,777
2023-06-28 02-47-46.jpg,NA0240
2022-06-08 21-48-35.jpg,CPIV3604
2023-08-29 18-12-06.png,25352466
2022-11-18 12-41-56.jpg,KUK4217
2023-03-19 20-23-28.jpg,EPLN03323
2023-08-29 09-26-52.png,EPCBT3465
2023-08-29 15-47-37.png,EABA1410
2023-08-29 17-32-24.png,RPPB5490
2023-08-29 14-39-42.png,REVIEW_NEEDED
2023-08-29 10-27-14.png,HKTRG501
2023-08-29 14-51-59.png,REVIEW_NEEDED
2023-02-12 16-14-23.jpg,EJ6273
2024-11-28 21-00-57.jpg,CP0L04325
2023-03-23 13-32-34.jpg,RER592
2023-08-30 15-30-51.png,NHAAC3484KO
2022-03-27 20-32-34.jpg,AX8460
2023-10-24 12-10-44.jpg,MTRCG9903
2024-10-02 07-24-44.jpg,VLS799
2023-08-29 15-55-04.png,REVIEW_NEEDED
2023-08-29 03-54-11.png,EPGRJ7324
2023-08-29 00-16-45.png,HPCAX7776
2024-02-17 11-56-54.jpg,JX1920
2023-08-29 06-45-03.png,HPND58038
2023-08-28 21-54-56.png,HPKV70442
2023-08-29 01-16-43.png,5725498
2024-11-19 04-15-15.jpg,N39667
2023-08-28 22-57-38.png,25029889
2023-01-13 13-31-59.jpg,DD0643
2024-04-30 17-21-11.jpg,CH4989
2023-06-24 03-03-20.jpg,NU954
2023-08-28 23-10-29.png,REVIEW_NEEDED
2023-09-02 23-56-25.png,CPPF24167
2022-05-19 22-49-22.jpg,TF59G6
2024-04-21 07-20-17.jpg,WPNFP8525
2023-08-29 06-48-23.png,NKKHG3155
2024-09-08 03-40-59.jpg,NML05427
2023-08-29 07-29-19.png,5954176
2023-08-29 09-00-43.png,OPCAX7606
2023-08-29 04-50-01.png,2552712
2023-08-28 23-43-44.png,KGKJ6775
2023-08-30 16-47-12.png,612520
2022-11-14 06-46-07.jpg,MNR08O05
2024-07-30 08-36-17.jpg,E087972
2024-10-22 00-41-30.jpg,CPSIAI
2023-08-29 03-28-51.png,9CPPG2259
2022-04-28 17-10-00.jpg,FL8S3I
2024-09-11 16-07-37.jpg,WPD02682
2024-03-04 12-21-26.jpg,CVI236
2023-08-29 15-57-49.png,KPNCA58526
2024-10-11 05-19-00.jpg,J622377
2023-09-16 14-42-11.jpg,CPAXT9O9
2023-09-25 04-03-24.jpg,XJV0470
2023-08-29 14-59-27.png,HPCAY6565
2023-08-29 17-13-50.png,MPHNWH6
2022-07-07 05-53-55.jpg,VR3020
2023-08-29 15-42-03.png,6PAL
2024-02-14 07-51-30.jpg,602803
2024-08-20 20-52-47.jpg,CPTT7OE
2022-07-01 18-48-50.jpg,NWCMP442O
2024-06-11 02-01-48.jpg,005408
2022-02-19 12-43-54.jpg,WP7B3
2023-08-29 15-24-18.png,SPCBJ3311
2024-12-10 20-17-26.jpg,MFJS
2023-08-30 17-17-14.png,CPCAH0725
2022-08-11 05-39-55.jpg,KP6084
2023-09-03 00-07-45.png,6501802
2023-08-29 16-45-22.png,GSH9371
2024-10-13 00-16-49.jpg,045369
2023-08-28 23-09-39.png,HPCAC2GGI
2023-08-29 08-49-46.png,RKYC154
2023-08-30 16-04-59.png,MPABC4541
2023-09-02 23-32-58.png,FPPJ75941
2023-09-02 22-56-27.png,NNG3809
2022-01-27 22-10-13.jpg,E738567
2023-08-29 14-19-38.png,HPKC78887
2023-09-02 23-33-31.png,SPPK14472
2024-08-24 05-41-08.jpg,US8606
2023-09-02 22-54-34.png,CPHDG27092
2023-07-03 10-00-27.jpg,EPEM320
2023-08-28 22-04-10.png,HB2614
2022-06-02 15-09-03.jpg,CPNK3525
2024-09-09 12-50-30.jpg,0715246
2022-10-07 06-48-54.jpg,EP184955
2023-08-29 01-36-44.png,KPKJF6286
2023-08-29 05-55-51.png,M41757
2023-08-29 09-49-04.png,HUMPKPL7222
2023-08-29 16-12-16.png,INPJV54387
2023-08-28 19-03-48.png,SPKN59982
2023-08-24 11-24-22.jpg,PM3290
2023-08-29 06-07-39.png,NIKU59996
2023-08-30 11-57-39.png,SGCAZ9988
2023-02-02 21-25-44.jpg,NWUJII36
2023-08-29 08-01-27.png,CPCAB3279
2023-08-29 09-25-41.png,HPKX52424
2023-08-29 15-22-56.png,52436307
2023-12-31 17-08-10.jpg,FG4683
2023-08-29 02-29-15.png,PJF7131
2023-08-29 10-23-13.png,WPCBL5695
2023-08-28 22-43-56.png,2235
2023-08-29 14-50-37.png,FPPD54562
2023-08-29 16-07-36.png,RCPV58235
2023-08-29 02-46-16.png,CPYD28430
2023-08-29 05-26-21.png,VPYNE9858
2023-08-29 09-55-27.png,JOT5603772
2022-05-22 19-45-24.jpg,4215153
2023-08-29 03-38-53.png,VFAAB5187
2023-08-28 19-06-14.png,K5077531
2024-09-19 15-09-09.jpg,CPZO9750
2023-08-29 01-35-54.png,NPPA2475
2022-02-12 16-59-32.jpg,J87317
2024-09-27 17-45-24.jpg,MPOC14977
2022-07-14 23-40-52.jpg,XN67I7
2023-08-29 16-19-15.png,HPCAC3358
2023-08-29 13-58-44.png,6HPDAE5392
2023-04-27 19-37-11.jpg,MPF01656
2023-08-28 22-22-39.png,PF74690
2022-02-16 21-56-48.jpg,CPFQ0156
2023-08-29 09-26-05.png,HPCAY9326
2023-08-29 08-07-42.png,5624514
2023-08-28 21-55-48.png,HPCBH6138
2023-11-24 02-29-42.jpg,SPHPQDI
2023-08-29 03-38-41.png,5263E16
2023-09-02 23-27-41.png,WPKE79667
2023-08-28 21-59-48.png,KPCAB4721
2023-08-28 22-29-04.png,NPPE55811
2023-08-29 14-25-11.png,REVIEW_NEEDED
2023-11-21 14-32-40.jpg,NHNKD6917
2023-08-29 14-33-35.png,DY4241
2023-08-29 04-33-43.png,543186
2024-08-30 04-14-57.jpg,NMNP03227
2023-09-01 13-10-09.jpg,WPV5469
2023-08-28 16-19-09.png,REVIEW_NEEDED
2023-08-30 11-12-08.png,REVIEW_NEEDED
2023-08-29 14-01-27.png,CBM3096
2022-06-24 13-52-35.jpg,SR0299
2023-09-02 23-11-04.png,CPCAZ3259
2023-08-29 06-26-37.png,SPCAJ1797
2023-08-29 00-25-09.png,MPLW0074
2023-08-30 16-48-34.png,REVIEW_NEEDED
2022-05-04 23-34-00.jpg,RD2807
2023-08-30 11-49-14.png,36YL5810
2024-06-15 07-58-34.jpg,0072656
2023-08-29 15-58-00.png,WPCAV4560
2022-05-04 10-01-12.jpg,NHGQ3849
2023-08-28 16-11-02.png,SEHS59163
2022-01-29 20-33-25.jpg,SP279338
2023-08-30 11-34-59.png,8HPCAW1261
2024-05-03 09-31-03.jpg,EX2
2023-08-28 21-23-05.png,57293661
2023-08-29 14-42-31.png,CPSL2487
2023-08-29 15-05-59.png,EPKY56615
2023-08-29 09-06-57.png,0NCKS73156
2023-08-30 16-25-52.png,25155376
2024-09-25 02-31-21.jpg,NKG46S
2023-08-28 23-30-51.png,NPPD56370
2023-08-29 13-56-33.png,EPPA54765
2024-12-18 05-16-50.jpg,VHZ330
2023-08-29 16-07-11.png,HPYK24773
2023-08-29 15-27-57.png,NCPBP2010
2023-08-29 17-45-51.png,6474672
2024-06-09 08-18-05.jpg,UXX1438
2023-11-12 12-33-50.jpg,014829
2023-02-14 06-01-41.jpg,NPAKIZI7
2023-08-29 10-07-03.png,KPKY75528
2023-08-28 16-13-07.png,0SPCAK5499
2023-08-30 18-18-27.png,CPPAI8145
2023-04-28 23-30-10.jpg,PK89849
2023-08-30 21-13-53.png,59533289
2023-08-29 15-33-39.png,WPPA54765
2023-08-29 01-53-54.png,SPCAI0790
2023-12-04 12-55-36.jpg,0LA93
2023-09-26 11-30-38.jpg,EPNY2J
2023-08-29 14-17-32.png,HPGJ70068
2023-08-29 09-40-22.png,HPCAA9102
2024-06-09 07-09-38.jpg,47709458
2023-07-06 11-21-06.jpg,SPLP65GS
2024-08-20 02-07-03.jpg,NWFSW3232
2023-08-29 10-45-13.png,HPCAO8874
2024-10-24 06-14-22.jpg,EQF6330
2023-08-15 13-28-46.jpg,CT5476
2023-08-29 15-41-43.png,REVIEW_NEEDED
2023-08-29 11-38-10.png,KPLJ35888
2023-08-28 22-23-41.png,HPKCF3836
2023-08-30 17-02-13.png,HPKT59574
2022-09-13 19-24-12.jpg,EPZI7913
2023-11-25 14-58-29.jpg,NHMF3064
2023-08-30 15-59-29.png,HPCAF1807
2023-08-29 09-50-41.png,CPKR58837
2023-08-28 23-01-51.png,3224853
2023-08-29 10-45-21.png,IA
2023-08-29 09-01-54.png,HPVS14780
2023-12-12 01-57-59.jpg,ZUK3398
2023-08-29 17-24-38.png,FABA141
2023-09-02 22-59-49.png,HFCAC6744
2022-12-01 17-37-12.jpg,MARDO6O5
2023-08-28 19-04-50.png,MPKNZ6314
2023-08-29 09-22-02.png,4P5353967
2022-06-26 12-59-08.jpg,VM14253
2023-06-22 13-12-22.jpg,EPHHRO235
2023-08-28 22-52-01.png,NPJ372
2023-08-28 20-52-05.png,EHG38668
2023-08-29 10-51-35.png,WPCBD5842
2023-08-30 16-46-40.png,162J5888
2023-08-29 10-50-16.png,SPCAR6772
2023-08-28 20-29-08.png,75
2023-08-30 18-39-43.png,CPHE5128P
2023-08-28 21-13-03.png,IPCAU6178
2024-07-10 15-20-04.jpg,EEG1I9
2024-04-13 11-41-14.jpg,PRJ7022
2023-08-30 15-18-51.png,REVIEW_NEEDED
2023-09-02 22-51-44.png,WPCAT9079
2023-08-29 07-37-53.png,5634387
2023-08-28 20-47-48.png,ISGCAC1175
2023-08-17 11-36-32.jpg,F0Z0604
2023-08-30 10-11-43.png,REVIEW_NEEDED
2023-09-12 15-04-59.jpg,509378
2023-08-29 08-05-33.png,SPPJ53346
2022-08-14 03-17-29.jpg,833675
2023-08-29 18-05-13.png,CPGO56805
2023-08-29 02-38-59.png,ABQ6498WP
2023-08-29 17-12-26.png,4CPPB54677
2024-04-26 01-15-22.jpg,K0859
2023-09-23 22-01-05.jpg,SP052274
2024-04-12 09-31-36.jpg,SPSQ0386
2023-08-30 15-36-43.png,UPQG58940
2022-12-14 20-00-07.jpg,SPJK62I7
2023-08-30 16-01-45.png,300H2905
2023-08-29 11-38-22.png,HPKN50725
2023-08-29 04-02-29.png,YQ73561P
2022-06-07 01-59-10.jpg,CMXB229
2023-08-28 22-25-54.png,SGABL5826
2023-08-29 01-23-10.png,SGZ0764
2023-08-30 15-06-25.png,SPPF53877
2022-01-10 23-48-22.jpg,MNSI325
2023-08-29 09-21-58.png,NHCAA6271
2023-08-29 06-15-10.png,EPGC53962
2023-08-28 20-10-41.png,KPKV55594
2023-02-04 04-10-58.jpg,NKE92J6
2023-08-28 20-33-50.png,WPKXJ4227
2022-12-31 16-40-20.jpg,SPER03866
2023-08-29 16-51-15.png,WPCAV0130
2023-08-29 17-31-24.png,9061770
2023-08-29 17-47-06.png,REVIEW_NEEDED
2023-08-29 07-47-08.png,4NHHN53561
2022-12-07 12-26-56.jpg,FX08875
2023-08-29 09-30-30.png,20CPPG71380
2023-08-28 20-25-27.png,73
2022-08-01 16-57-22.jpg,NP2068
2022-05-06 13-53-42.jpg,FS3843
2023-08-30 11-12-16.png,RPPE59179
2023-08-29 00-01-34.png,SD
2023-11-05 23-40-32.jpg,SPHXO62I
2023-08-28 21-49-55.png,5836460
2022-11-24 01-24-14.jpg,CPRV2634
2024-12-27 19-48-34.jpg,MNB9316
2023-08-28 21-07-02.png,CPCAW9234
2023-08-30 08-38-04.png,REVIEW_NEEDED
2023-08-29 14-53-29.png,NPPC56301
2023-08-29 08-09-02.png,KPJS59200
2023-08-28 20-03-44.png,KPABL1293
2023-08-29 07-02-25.png,HPCBB6526
2023-10-31 08-07-49.jpg,PKQ4804
2023-08-28 21-08-16.png,HPKV25843
2023-08-30 14-03-31.png,SPHWV
2022-04-05 08-03-14.jpg,YDCI346
2022-10-17 15-16-00.jpg,8K2OD0
2023-08-28 20-51-27.png,EPHG58668
2023-08-29 09-39-48.png,HPKKF6631
2023-08-28 20-09-04.png,4U4249
2022-10-09 23-02-17.jpg,OR046OZ
2023-08-28 21-55-27.png,PYPF4GMH
2023-08-28 23-16-11.png,HPKXZ4007
2023-06-07 23-18-47.jpg,NCOF4487
2023-08-29 06-02-01.png,APCBH3513
2023-11-03 11-35-34.jpg,F23210
2024-12-13 07-10-18.jpg,WPTK4224
2023-08-29 16-22-00.png,WHHHM
2022-06-04 03-49-19.jpg,SPC29484
2023-09-02 23-31-23.png,WCAJ4071
2023-08-29 15-38-25.png,00HPCBH0710
2023-08-30 16-47-48.png,SG25229135
2022-06-16 12-35-33.jpg,APH8975
2024-01-18 04-26-24.jpg,NC764B00
2024-12-11 20-04-21.jpg,CPEF12791
2023-08-28 22-30-11.png,10129335
2023-08-29 16-28-09.png,251414597116O
2023-08-28 20-36-40.png,NCGQ59293
2023-04-18 01-49-57.jpg,GFN3280
2024-09-29 04-11-30.jpg,2J9708
2023-08-29 11-41-42.png,HPPK1775
2022-05-22 05-06-05.jpg,043253
2023-08-29 02-35-49.png,KPCAN5859
2023-08-29 08-26-19.png,25178395
2023-08-28 21-45-56.png,5425110
2023-08-28 16-17-22.png,5613817
2023-08-29 08-45-12.png,25029268
2023-08-30 15-37-22.png,5222252
2023-08-29 17-23-15.png,FABA1410
2023-08-30 10-20-10.png,4PD329
2023-08-30 17-52-49.png,SPKX54425
2023-08-29 00-41-06.png,FBING676
2023-08-28 22-03-38.png,HPCAQ8214
2022-08-18 07-00-49.jpg,SPACIE66
2023-08-28 22-08-45.png,NC32273
2023-06-19 02-22-19.jpg,EPTTV9882
2023-08-28 23-07-09.png,40SPCBK6732
2023-08-29 08-26-11.png,SGCAP3320
2023-08-29 16-23-27.png,20156098
2023-08-30 16-00-36.png,REVIEW_NEEDED
2023-08-29 02-43-31.png,653323
2023-08-29 06-02-05.png,25253221
2023-08-29 02-14-45.png,CAN2586
2022-11-10 06-42-45.jpg,7M426
2023-08-29 10-02-03.png,NPJV54387
2023-11-30 03-47-23.jpg,EPIU0643
2023-08-28 20-15-59.png,0KPHN77136
2022-04-25 11-52-36.jpg,RD79844
2023-01-03 17-54-46.jpg,0L7388
2023-08-29 06-22-35.png,HGJ54921
2022-02-05 01-22-13.jpg,SPYT2163
2023-08-28 19-52-23.png,SPKNT9989
2024-03-02 14-18-45.jpg,N893BZ
2023-08-28 23-14-31.png,NCAD2717
2023-03-15 11-15-46.jpg,EPZEG7I9O
2023-07-06 18-04-08.jpg,TCF6464
2023-08-29 06-44-08.png,WPPL56244
2023-08-28 20-39-51.png,KPCBJ1795
2024-07-17 14-10-21.jpg,GK265
2023-08-29 18-37-39.png,HPPHG2379
2023-08-29 11-04-21.png,AH1Z8
2023-08-27 03-05-34.jpg,PKF7263
2023-08-28 23-30-02.png,0NWCAC4266
2023-11-11 18-34-30.jpg,NCNA4702
2023-08-29 00-59-15.png,XPCAJ8976
2023-12-07 15-27-55.jpg,CPCG4573
2023-08-28 19-09-53.png,5339694
2022-06-13 22-54-02.jpg,A401529
2023-08-29 03-05-21.png,KPCAQ8110
2024-04-24 06-23-06.jpg,576750
2024-12-23 11-52-02.jpg,FZI2237
2022-10-02 15-56-00.jpg,CN9052
2024-08-27 17-34-23.jpg,NRZE2I39
2023-08-29 00-27-10.png,HPKHA9984
2023-01-27 01-26-29.jpg,NMVGI266
2022-06-04 22-22-30.jpg,NMAQ8350
2023-08-29 05-15-59.png,SPPE50252
2023-08-29 08-00-38.png,HPCAJ5115
2024-02-13 21-16-32.jpg,NARREOJ
2024-08-17 04-41-06.jpg,EPXT4636
2023-08-30 15-11-38.png,0HPGC50812
2023-02-04 11-54-23.jpg,CZSC90T
2024-04-22 06-42-03.jpg,SPRV2460
2023-08-28 20-32-51.png,VB1N0676
2023-08-29 02-39-30.png,4
2023-08-28 23-26-05.png,NPJF7959
2024-09-03 07-53-39.jpg,WMARTI276
2023-08-29 01-51-42.png,505506
2024-09-12 14-16-20.jpg,JRG7I7
2023-08-28 23-51-50.png,KHSF7644
2023-06-06 09-49-53.jpg,EPCPO3123
2023-02-11 17-36-28.jpg,XA9697
2023-05-12 14-14-50.jpg,NHCP8329
2024-12-11 17-53-31.jpg,NMRT9813
2023-08-29 18-48-26.png,SGKR34G
2023-08-28 20-17-09.png,GPCAZ7195
2024-03-12 04-59-46.jpg,BH0642
2023-05-24 20-01-30.jpg,CPUYG2587
2024-07-18 06-08-49.jpg,FP4342
2023-08-28 22-07-31.png,CAF8699HP
2022-01-16 07-08-38.jpg,EPRGAZO80
2023-08-29 11-13-45.png,6025424
2023-08-29 14-04-07.png,REVIEW_NEEDED
2023-08-29 11-11-37.png,ECAP9505
2023-08-29 00-51-55.png,REVIEW_NEEDED
2022-05-15 04-06-26.jpg,EPF64442
2023-08-28 20-49-01.png,KTCAL5745
2023-08-29 10-08-14.png,0CPKV27736
2023-08-30 17-28-03.png,REVIEW_NEEDED
2023-09-08 14-06-55.jpg,SPNC6995
2023-08-29 16-00-41.png,EPABA1410
2023-08-30 10-27-00.png,575110
2023-06-03 11-40-02.jpg,MY849
2023-08-29 10-03-53.png,NKNF3429
2024-08-29 19-43-00.jpg,FK2992
2022-08-30 13-17-47.jpg,CPMJO8220
2023-09-25 19-25-48.jpg,RZL7133
2023-08-30 15-41-09.png,25051250
2023-08-30 09-54-17.png,SPCAN2258
2023-08-29 16-28-20.png,AAA5284K6
2024-06-05 09-43-48.jpg,WPP03734
2024-03-06 06-05-07.jpg,MWPA5485
2023-08-29 16-12-05.png,252I079
2023-08-29 14-58-05.png,EPCAS1966
2022-05-03 17-55-58.jpg,NPL6559
2022-02-23 05-45-47.jpg,J2775
2023-08-29 12-30-52.png,RPDAD1427
2023-08-29 06-52-26.png,RPYO8022
2022-03-09 16-31-55.jpg,E72349
2023-09-02 23-06-53.png,GYSZ8168
2023-08-30 17-15-42.png,VPKM53139
2023-08-28 21-18-02.png,SPNBJ1323
2022-10-17 20-07-42.jpg,SPLOG4695
2024-01-18 03-31-12.jpg,SPVNC63D4
2024-05-12 21-13-05.jpg,0074805
2024-08-12 19-54-16.jpg,NCSZ544
2023-08-29 14-30-19.png,PA253U540434MU
2022-05-15 10-18-48.jpg,EPYK755I
2023-08-28 22-07-11.png,BFV32273
2023-06-15 22-55-29.jpg,V49798
2024-02-24 08-57-51.jpg,H74923
2022-08-13 13-36-11.jpg,SP0C73G
2023-02-21 21-16-18.jpg,EP07Z84E3
2023-10-29 21-36-34.jpg,MPTMBO27
2023-08-29 01-15-20.png,SPPQ53221
2023-08-29 01-52-32.png,25400A
2022-03-09 10-22-05.jpg,KHO744
2023-08-29 11-38-01.png,MPPI56204
2022-11-08 10-32-01.jpg,YPE7693
2024-08-04 13-45-55.jpg,CPDQC2425
2023-08-30 14-13-02.png,TPAAP5125
2023-08-28 16-08-10.png,MLF52745
2023-08-29 09-39-31.png,VPCBF0941
2024-03-03 04-53-34.jpg,MPGQ01654
2023-08-29 05-48-45.png,CAS7581
2023-08-30 10-16-15.png,MPPF50572
2023-08-28 23-00-12.png,CPKV20527
2023-08-29 07-12-04.png,MPKE55739
2023-08-30 17-44-32.png,PPG53546
2023-08-29 02-38-53.png,NPABQ6498
2023-08-29 16-02-23.png,HPCAB5198
2024-09-16 02-18-21.jpg,CJ03I67
2023-08-21 04-39-11.jpg,SPHY2659
2023-08-30 17-06-58.png,FGCAP7476
2023-08-29 17-00-53.png,PHIF2918
2023-08-28 19-20-26.png,CPPF55019
2023-08-28 20-32-19.png,PF1576
2023-03-31 16-37-28.jpg,Y00078
2023-08-29 09-49-59.png,HPLHL0567
2023-08-28 16-21-52.png,7570146256422
2023-08-29 09-41-11.png,253911382
2022-02-13 16-21-10.jpg,CPYSE7727
2023-08-29 03-33-16.png,S6ABJ8562
2023-12-09 18-38-12.jpg,MWBMJ8980
2023-08-28 23-46-38.png,5425110
2023-08-29 08-12-36.png,EPPEJ6401
2023-08-28 21-58-04.png,TKYJ5823
2023-08-29 00-02-06.png,3221718
2023-08-30 15-12-28.png,REVIEW_NEEDED
2023-08-29 05-39-05.png,EPKTF1676
2023-08-29 10-06-43.png,SPCAJ5103
2023-08-29 01-51-52.png,REVIEW_NEEDED
2023-08-29 05-46-33.png,WPCBD6867
2023-08-29 15-20-03.png,IOXE
2023-08-30 15-25-16.png,REVIEW_NEEDED
2023-08-29 16-18-16.png,REVIEW_NEEDED
2023-08-30 06-37-47.jpg,SHY2523
2023-09-02 23-17-35.png,CPCAE5922
2023-08-29 17-00-21.png,525440350
2023-08-29 12-44-56.png,5125
2023-08-28 20-08-18.png,DEFN36143
2024-05-28 19-45-57.jpg,SPFFM2OO7
2023-08-30 15-13-24.png,HPDAE5392
2023-08-28 19-20-07.png,3EEL79M3
2023-08-29 04-47-31.png,NAAQ5076
2024-10-03 00-36-17.jpg,SPCT8059
2023-08-29 00-15-26.png,6T59712130
2023-09-17 23-12-20.jpg,SPFCZ4349
2023-08-29 10-53-30.png,HPKM5074827
2024-12-22 07-11-10.jpg,CPF2354
2023-10-12 06-24-13.jpg,EP4G2048
2023-08-29 14-01-31.png,7213
2023-08-29 15-45-30.png,KPKE77221FR
2023-08-28 20-26-11.png,HFPHG2379
2024-09-18 04-49-31.jpg,CP0M6285
2022-08-25 16-52-53.jpg,SPSNZO297
2023-08-28 23-45-35.png,5721432
2022-09-19 16-34-19.jpg,MPST0830
2023-08-29 11-58-48.png,HPKQ29089
2023-08-29 09-52-25.png,5757308
2024-02-19 21-11-18.jpg,SPXC9230
2023-12-15 10-48-08.jpg,CPNF5252
2023-08-29 02-19-31.png,HPKN2403
2023-08-29 10-45-39.png,EPPF50289
2023-08-30 15-12-27.png,00PJF2262
2024-10-17 09-10-37.jpg,NCNS3568
2022-08-03 19-33-57.jpg,KF9822
2023-08-29 08-37-18.png,SECBL2231
2023-08-28 20-53-04.png,PI0266
2023-08-29 06-44-51.png,EPPE56401TET
2023-08-30 10-29-07.png,8SPKA54342
2023-08-28 23-02-35.png,PF51092
2023-08-29 01-10-50.png,NKJ1320
2023-08-29 12-25-54.png,REVIEW_NEEDED
2023-08-29 17-24-54.png,5952707
2023-08-29 15-13-32.png,WPYEF9622
2023-08-29 14-44-14.png,LOX262
2024-02-01 16-17-27.jpg,N003216
2023-08-28 19-16-01.png,05613WPGC
2023-08-29 00-03-22.png,S5PD9644
2024-12-08 19-54-51.jpg,EPZDHO85I
2023-07-28 18-28-49.jpg,0B3307
2022-06-08 01-23-13.jpg,EPPRJ92J7
2024-10-20 00-56-37.jpg,SPEEZ8I49
2023-08-28 21-41-07.png,HPKLI41227
2024-07-21 05-37-29.jpg,0213028
2024-01-27 10-28-33.jpg,LT5127
2024-04-01 01-30-07.jpg,JSY0085
2023-08-28 20-26-09.png,KYJ5510
2023-08-30 15-15-37.png,NPJV29285
2023-08-28 23-03-54.png,HPCAV8809
2023-08-29 17-56-24.png,4EJK
2023-08-29 08-53-27.png,0KPCAJ9820
2024-09-30 06-46-44.jpg,CPYXO743
2022-12-19 22-19-40.jpg,BKC9229
2023-09-02 23-26-40.png,CAO5578
2023-08-29 03-05-26.png,CPPF53468
2024-01-18 21-38-02.jpg,FAE203
2022-10-14 10-02-25.jpg,BG51O
2023-08-29 16-07-15.png,CPPA58299
2022-08-02 21-49-07.jpg,DA8614
2023-08-29 18-29-34.png,KPNBI2153
2023-08-29 03-24-56.png,NCPI54804
synth_00000.jpg,UKT7980
2023-06-27 10-08-41.jpg,DJN9784
2024-04-01 13-08-40.jpg,C13255
2022-04-12 11-53-18.jpg,RYE86ID
2023-02-26 17-17-46.jpg,SPPPFSI4
2023-08-29 12-55-47.png,WPCAH2986
2023-08-29 02-44-42.png,NPJ9458F
2023-08-29 11-25-07.png,OWPDAE5392
2023-08-30 10-07-09.png,4PCAP1873
2023-08-29 14-31-10.png,REVIEW_NEEDED
2022-07-18 04-08-27.jpg,BL3645
2023-08-29 03-20-21.png,25125284
2023-08-29 01-18-45.png,KAAU5420
2023-08-30 08-54-07.png,FPJT53175
2023-08-29 09-40-07.png,CAS9965HP
2023-08-29 07-50-38.png,28WPDAA7368
2022-06-10 16-11-45.jpg,CPH25283
2023-08-28 19-05-02.png,12568KFKP
2023-08-28 22-47-12.png,26102
2024-02-16 23-19-09.jpg,NCVCC672Z
2023-08-28 22-59-33.png,SPNB51323
2024-02-16 02-42-38.jpg,RLEDB
2023-08-30 10-20-37.png,IFCAR9432
2023-08-29 08-06-47.png,WPGJ50068
2023-08-29 00-50-51.png,WPPF52208
2023-08-29 04-28-36.png,SPCAK5492
2023-08-30 17-01-38.png,38KHJ1927
2023-08-29 08-19-37.png,HPKM5025
2023-08-29 15-27-11.png,CPPR50413
2022-10-19 18-16-08.jpg,EP40197
2023-08-28 22-08-10.png,REVIEW_NEEDED
2023-05-21 09-40-36.jpg,SP539560
2023-08-28 23-03-05.png,HFCAR3863
2022-04-30 21-02-03.jpg,077329
2023-01-09 20-30-34.jpg,NRYO583
2024-07-17 16-05-07.jpg,EP1K3979
2023-08-29 15-21-09.png,HPABH702
2023-08-29 09-47-23.png,DCSPKRP6406
2023-08-29 17-44-39.png,REVIEW_NEEDED
2023-08-29 08-05-14.png,2WPPD57934
2023-08-30 16-47-49.png,KPABL9210
2023-02-15 06-53-59.jpg,M4NVZ7072
2023-04-21 11-31-20.jpg,SP0J42849
2023-08-29 07-03-32.png,E0NKKC59843
2024-01-19 11-27-57.jpg,EPKA2538
2023-08-28 16-18-31.png,REVIEW_NEEDED
2023-03-19 19-09-54.jpg,AVC82I8
2023-01-27 17-44-57.jpg,T4443
2024-10-20 23-08-03.jpg,ND2464
2024-01-18 09-28-39.jpg,PV6687
2023-08-30 20-50-19.png,PQ
2023-11-16 06-44-21.jpg,CPHWT9370
2023-04-24 08-00-03.jpg,EM7612
2023-07-15 05-51-57.jpg,BQP2498
2023-08-28 16-08-57.png,25050778
2023-02-25 23-06-01.jpg,DACO95
2023-08-28 20-46-18.png,REVIEW_NEEDED
2023-08-29 10-34-49.png,8HPNB58767
2023-10-25 01-50-25.jpg,PG6315
2024-07-23 23-16-29.jpg,N83449
2023-01-05 02-13-03.jpg,TUC7308
2022-08-24 11-01-03.jpg,IKX6I2I
2022-11-13 12-23-18.jpg,NCV32
2023-08-29 01-05-57.png,621542
2023-08-30 09-33-13.png,HPCBH3044
2023-08-29 05-50-52.png,CPHWI1938
2024-03-29 17-11-52.jpg,CPDN3336
2023-08-29 08-20-57.png,PAAH4413
2022-05-13 13-12-52.jpg,VX86S
2023-05-01 02-44-15.jpg,MBJ4852
2023-11-21 00-31-20.jpg,CPDI33
2023-08-29 10-21-49.png,PC51620
2024-08-15 02-34-19.jpg,CPK0089D
2023-08-29 07-03-25.png,EPCAH56357
2023-08-29 08-24-42.png,NHPKF3699
2023-08-29 04-21-21.png,KPHL55352
2023-08-30 16-16-23.png,8CPCBB9210
2022-04-19 20-35-39.jpg,RJY6320
2023-08-28 22-49-19.png,KPPG52823
2023-09-03 00-08-31.png,FPPJ5105524
2023-01-08 12-48-07.jpg,779242
2022-12-07 20-20-20.jpg,EPOLJ7750
2024-10-07 22-10-17.jpg,CPOQ716
2023-08-28 21-10-00.png,0MCAF8087
2023-10-10 17-49-58.jpg,MPCT9301
2024-08-30 17-44-48.jpg,04709453
2023-08-28 22-09-31.png,QEF3446
2023-01-11 07-18-44.jpg,LI3O04
2022-10-27 17-45-03.jpg,NY7658
2023-09-03 00-04-43.png,CEAAC8341
2023-08-29 11-01-12.png,1251991
2023-09-02 23-53-51.png,KPPIF6657
2023-05-21 13-56-38.jpg,YBR65ES
2023-12-25 02-29-42.jpg,SPOSKIGO3
2023-01-11 10-42-44.jpg,F0299
2023-08-29 09-38-52.png,RAPI51003
2023-08-29 10-39-38.png,2PCBJ6361
2023-06-13 15-26-33.jpg,S800653
2023-08-29 18-13-06.png,0133
2022-06-11 06-59-19.jpg,CPYC0293
2024-05-24 06-15-46.jpg,G265179
2023-08-29 12-15-32.png,80PDJ8757
2023-08-29 01-22-01.png,25128490
2023-08-29 06-54-51.png,CPCBJ3048
2024-07-02 14-19-20.jpg,HD04992
2022-12-05 04-58-35.jpg,006742
2022-11-28 13-03-30.jpg,SPR079499
2023-08-29 15-21-02.png,EPCAB7349
2022-09-08 23-11-23.jpg,MFKVC8297
2023-08-29 08-24-50.png,5721371
2023-08-29 04-08-08.png,CPPE78881
2023-09-02 23-01-34.png,4PKUA07C
2024-03-01 23-14-51.jpg,HG87087
2023-08-29 00-14-04.png,HPCAZ9989
2023-08-29 01-00-24.png,SPKPJ9740
2023-08-29 16-22-06.png,REVIEW_NEEDED
2024-01-22 07-35-47.jpg,XA10734
2024-10-05 18-12-42.jpg,MPRXKS747
2023-08-29 06-17-45.png,54FU4847
2023-08-29 04-05-28.png,ECJ0228
2023-08-29 14-23-40.png,08MPCBH6986
2023-08-29 04-10-08.png,SPCAH9511
2023-08-28 19-09-41.png,25075898
2024-04-05 18-17-32.jpg,SAR965
2023-08-28 16-16-30.png,625IL2460
2023-09-19 03-20-41.jpg,Z3P478
2023-08-29 03-01-18.png,JK55816
2023-08-29 14-26-04.png,CPYKZ6050
2023-08-29 03-01-48.png,PBJ9477
2023-08-28 20-38-34.png,FCBA0185
2023-08-30 15-37-42.png,KPCBG8524
2023-08-29 00-57-06.png,CAA9989
2023-09-03 00-09-44.png,UPYL08
2022-10-16 00-37-59.jpg,SPFCF9307
2023-12-26 20-37-14.jpg,YN3040
2023-12-15 05-16-48.jpg,Y16918
2023-08-29 01-53-14.png,1CBI8559
2023-09-17 18-48-35.jpg,PT6726
2024-06-03 05-55-17.jpg,NCGJ0828
2023-05-01 03-39-36.jpg,102426
2023-08-29 06-17-36.png,AAF7964
2023-08-29 17-33-33.png,5757481
2022-02-01 11-56-43.jpg,CPOAZ6995
2023-08-29 16-27-44.png,SBGF52763
2023-10-24 15-16-30.jpg,MPMDII79
2023-08-28 22-06-54.png,GFVC2273
2023-02-28 12-34-38.jpg,HCGBR4947
2024-06-01 22-03-23.jpg,NXVHO9D4
2024-04-20 20-06-27.jpg,EP006545
2023-10-25 03-31-22.jpg,MPHOR42O2
2023-08-28 16-16-36.png,HPPE58523
2023-11-12 10-51-30.jpg,XR1339
2023-08-29 15-19-20.png,REVIEW_NEEDED
2022-09-08 09-57-28.jpg,SPNTE6628
2023-02-22 01-15-11.jpg,MPYPO9437
2023-06-01 08-19-35.jpg,MARS5908
2022-04-03 16-57-38.jpg,J683579
2022-12-05 15-42-09.jpg,083784
2023-08-28 22-07-47.png,CED9983
2023-08-29 18-28-12.png,LABA1410
2023-09-02 23-19-28.png,NCBD3584
2023-12-08 02-24-06.jpg,67232
2023-08-30 15-23-49.png,REVIEW_NEEDED
2024-10-17 19-19-30.jpg,O011325
2022-11-08 20-50-17.jpg,EPOLSI676
2023-08-30 17-50-57.png,5058180
2023-08-28 22-07-03.png,51663KPPC
2023-08-28 22-43-55.png,SGCAH1824
2023-08-28 21-38-42.png,REVIEW_NEEDED
2023-08-29 11-58-14.png,G2G6E8307
2022-08-13 02-57-52.jpg,003248
2022-07-27 17-39-15.jpg,774636
2023-08-29 04-39-35.png,CPCAJ1181
2023-08-28 16-14-36.png,RKN53279
2022-02-20 09-18-53.jpg,REVIEW_NEEDED
2023-08-29 14-38-37.png,60HI76699
2023-09-02 23-25-15.png,8KP35877
2022-11-24 03-01-01.jpg,BAVESDS
2023-08-29 14-41-40.png,20174557
2023-05-28 08-24-21.jpg,SPQS4299
2023-09-02 23-40-06.png,5FHT22424
2023-09-02 23-49-56.png,WPAA
2023-09-17 00-49-46.jpg,EPKG3056
2023-08-30 16-06-09.png,6156165
2023-08-28 23-09-26.png,NPPCF8035
2022-02-26 10-00-40.jpg,EPQKX4397
2023-08-29 13-39-55.jpg,CFTMC868S
2023-08-29 03-34-33.png,250278312
2022-06-08 00-17-31.jpg,EPKF0372
2023-09-02 23-24-40.png,NPHP53123
2023-08-29 08-57-46.png,T045603772
2023-08-29 08-37-01.png,2CHLF5718
2023-08-28 20-21-05.png,NPF52121
2023-08-28 19-04-14.png,APCAAGG12
2023-08-29 18-17-33.png,0CPPKG3990
2022-01-21 09-05-32.jpg,INR47B3
2023-08-28 23-24-24.png,250151
2023-08-28 20-31-11.png,1419889
2023-08-29 13-55-59.png,IPBDT3664
2023-08-30 17-06-35.png,00SPKYZ5722
2022-06-27 16-50-22.jpg,EPCZD7945
2023-04-12 17-19-21.jpg,TV8962
2022-08-11 11-31-18.jpg,NCFOI6Z
2023-08-28 23-41-55.png,HPPF58569
2023-08-29 09-24-04.png,4917476
2024-05-31 21-24-33.jpg,RR374
2023-08-28 23-29-36.png,FQWKFGK
2024-05-17 04-39-54.jpg,D58485
2023-08-29 12-01-22.png,20SPKP59740
2023-08-29 04-43-14.png,CAP9824EP
2023-08-29 16-11-35.png,CPABA141
2022-05-15 23-37-16.jpg,NCTMQ4
2023-08-29 15-58-54.png,NDAE1335
2023-08-28 20-53-48.png,75613WPGC
2023-09-02 23-54-57.png,5113
2023-08-29 09-58-10.png,HP1823984
2022-10-16 12-56-21.jpg,SPNGVI552
2023-08-29 08-21-45.png,HPJ6761
2023-08-28 20-39-01.png,GAJ5299
2023-08-29 05-16-44.png,WPNC55305
2023-08-30 15-53-36.png,WPPF8728
2023-09-02 23-00-10.png,IGPC
2022-04-11 01-03-02.jpg,JVJM
2023-08-29 04-39-43.png,KPCAK7772
2023-06-08 10-45-02.jpg,CP267665
2023-08-29 11-16-03.png,22748204
2023-08-30 17-51-46.png,38KS55706
2024-09-16 17-23-48.jpg,MAZPY1338
2023-08-28 22-01-13.png,CPVI6863
2022-03-05 23-13-52.jpg,NCNCV3743
2024-05-27 06-10-32.jpg,F12568
2023-10-03 04-24-28.jpg,RAD1922
2023-08-29 04-45-20.png,GCHHC95E
2023-08-29 03-11-32.png,CAE53386P
2023-08-29 12-52-04.png,REVIEW_NEEDED
2024-05-16 11-37-04.jpg,FSI375
2023-08-30 09-59-54.png,4PIKQ71036
2023-08-30 11-13-42.png,EF5286
2023-09-02 23-23-48.png,NKP54015
2024-02-15 15-08-36.jpg,AJ8334
2024-01-28 02-40-10.jpg,EPGCO340
2024-04-28 14-38-18.jpg,Y01720
2023-08-30 11-09-16.png,8HPCAU562
2023-08-28 21-59-14.png,JTJ3737SP
2023-04-11 10-21-42.jpg,SPKXP746
2023-08-29 06-26-59.png,HPPV55570
2022-09-09 03-44-00.jpg,6Z6433
2023-08-30 15-12-39.png,NYJ25174
2023-08-28 16-21-16.png,HPCAF713
2023-08-29 16-09-11.png,MPCBF7298
2023-08-29 05-46-39.png,NHN53561
2022-03-27 03-09-32.jpg,BLT403
2024-01-27 11-57-16.jpg,CPPSZ021I9
2023-08-29 03-56-57.png,12541562
2023-08-29 08-38-41.png,E4O
2022-01-11 01-58-48.jpg,NCHG4795
2023-08-29 07-03-59.png,EPGFQ0804
2023-11-05 08-12-51.jpg,DMR2O14
2023-08-29 18-14-00.png,0AAO3369
2024-02-12 07-34-49.jpg,WPVY94
2023-08-28 23-19-30.png,REVIEW_NEEDED
2023-08-30 20-53-47.png,KK6953
2023-08-28 20-32-54.png,PH63551
2024-09-06 21-38-23.jpg,HGB5806
2023-01-16 11-50-22.jpg,SPV0L8068
2024-11-23 17-38-46.jpg,0474595
2023-08-30 10-39-16.png,KPKVR87521
2023-08-29 10-05-13.png,HPPD4468
2023-08-29 08-28-04.png,SPCAP7608
2022-07-12 04-46-14.jpg,Y02584
2023-08-28 23-01-37.png,FS1882066
2023-08-28 22-18-07.png,WPPI56988
2023-06-10 13-09-27.jpg,42252
2023-06-24 21-28-50.jpg,NCRC7929
2023-08-28 23-32-38.png,KPKH56976
2023-08-29 00-37-21.png,KPKY27041
2023-08-29 01-38-18.png,ICTHLJ8520
2023-08-29 16-03-11.png,HPCBB9672
2022-11-25 21-24-58.jpg,MCJ12774
2023-01-17 19-54-15.jpg,EPOA57I6
2023-08-29 10-13-57.png,MPPD57934
2023-08-29 07-46-41.png,582M0RO17629
2022-06-28 02-31-09.jpg,PAL399
2023-08-13 13-27-54.jpg,07X6884
2023-08-29 14-33-18.png,CPB1BZ46Z
2023-08-29 04-36-18.png,SPKWJ0125
2024-12-14 21-57-13.jpg,516640
2023-08-29 16-01-00.png,EPABA1410
2023-08-29 04-03-10.png,NCAP0121
2023-08-30 10-35-21.png,WCKT50527
2023-08-29 14-50-19.png,HPCAZ8619
2023-02-13 15-22-00.jpg,GE5993
2023-08-28 22-00-59.png,SPKEJ1510
2023-08-30 14-10-37.png,5278978COSEOT105O
2022-07-12 15-46-58.jpg,EDX2S14
2023-08-30 15-40-34.png,SPDAH6996
2023-08-30 18-11-53.png,CAC3430
2023-01-15 17-59-41.jpg,SPK14797
2023-08-29 02-39-23.png,MPABC6498
2023-08-28 20-51-37.png,KPKWF6207
2024-08-14 14-28-42.jpg,EPYX8763
2024-04-12 20-55-44.jpg,VPJPX6G58
2023-10-06 06-04-30.jpg,EPFRE0325
2023-08-28 16-22-47.png,0WPPI56792
2023-08-28 22-08-08.png,PPCE2257
2023-08-29 13-05-29.jpg,RGBIO13
2023-12-25 15-09-16.jpg,EJ8229
2023-08-29 09-38-53.png,HPCAG0705
2023-07-06 01-18-05.jpg,IVPO439
2023-08-29 02-01-57.png,AAT3982
2023-08-30 15-15-45.png,TO1O5752858
2023-08-29 07-08-42.png,2DAE5322
2023-08-29 16-01-24.png,WPVX23958
2023-08-29 10-46-06.png,RAKV77068
2023-08-28 16-20-07.png,08SPJJ51181
2023-08-30 18-32-36.png,HPCAQ2034
2023-08-29 05-18-10.png,SPJI52200
2023-08-30 16-54-19.png,2MCPPE21059
2023-08-29 03-48-43.png,PKV74246
2023-08-29 17-09-32.png,HPJJH8282
2024-11-13 06-39-01.jpg,WPJA2693
2023-05-12 08-22-15.jpg,VC7850
2023-08-28 23-06-30.png,BPCBF1632
2022-05-22 11-35-36.jpg,AGY7867
2023-08-30 17-39-45.png,REVIEW_NEEDED
2023-08-29 05-26-48.png,5452552
2023-08-28 21-55-19.png,WPCAW1260
2023-08-29 15-23-37.png,8304
2023-08-29 03-21-01.png,PJJ3562
2023-10-11 15-44-05.jpg,0RJA0978
2023-08-28 22-03-03.png,NCAQ9420
2022-04-16 17-53-06.jpg,EP0U8959
2022-08-26 19-24-20.jpg,SPAL8O39
2024-01-05 00-06-19.jpg,NMPRJ3946
2023-08-29 07-07-58.png,HPCAG3193
2023-08-30 10-42-08.png,YE55786
2023-08-29 10-42-23.png,BEE4W21
2023-08-28 20-54-53.png,KPCBJ8558
2023-08-29 00-27-32.png,5721868
2023-03-09 01-57-08.jpg,ROP3651
2024-07-14 17-43-44.jpg,NNBA02932
2024-02-21 04-42-19.jpg,EPMSNO45I
2022-04-03 11-34-17.jpg,1003760
2023-07-17 00-05-01.jpg,VF6553
2022-08-16 23-10-56.jpg,W706531
2023-08-30 18-14-58.png,NKCBE3050
2024-07-28 06-07-46.jpg,FM8987
2024-05-29 05-33-34.jpg,CP10390
2022-10-26 09-04-34.jpg,CPKL73Z
2023-08-28 16-11-49.png,4P50129865
2024-05-10 15-16-46.jpg,A04060
2023-09-02 23-07-35.png,APKT35088
2023-08-28 21-08-07.png,HPCAO6938
2023-09-22 14-34-46.jpg,CFONE1448
2023-08-29 06-09-14.png,WPCAR6167
2022-11-19 02-09-07.jpg,MVCL6638
2023-08-28 23-24-32.png,WPCAD6897
2023-08-29 05-46-19.png,SGAAA4462
2023-02-10 19-10-46.jpg,0E8853
2023-08-29 04-27-43.png,WPCBF2646
2023-08-29 02-21-22.png,SPCAC3453
2024-12-28 15-05-24.jpg,EP713985
2023-08-30 09-53-41.png,EPAAH77
2023-08-30 15-09-07.png,922624434
2023-08-29 09-08-01.png,250P9268
2023-09-02 23-55-17.png,WEABN4511
2023-08-30 16-40-18.png,RHAAL2366
2023-08-29 18-07-15.png,KPKY28612
2023-08-29 08-51-04.png,HPPMJ1918
2023-08-29 03-24-26.png,NCS88
2024-08-25 07-53-40.jpg,RHP4536
2023-08-28 22-21-34.png,KPHB58150
2024-04-09 19-05-47.jpg,N0K2067
2022-12-10 06-34-31.jpg,KMII34
2023-02-27 18-34-06.jpg,0T4019
2023-08-28 19-04-10.png,NPPD52783
2023-02-10 21-15-26.jpg,DNEZI59
2023-08-29 07-22-10.png,SGSAAA6002
2023-08-29 14-06-21.png,RPPB59205
2023-11-20 23-15-51.jpg,N75630
2023-08-29 05-09-36.png,HYI820
2023-08-29 12-08-00.png,BPH
2022-08-22 14-04-43.jpg,J18379
2024-12-12 02-40-15.jpg,NMTBI6O7
2023-08-29 08-06-22.png,MPKLZ2555
2023-08-29 17-00-15.png,KPCBO50203797
2023-11-14 16-54-23.jpg,EPFXT4532
2023-08-29 00-48-15.png,NTAAW4435
2024-06-18 00-03-13.jpg,SPTX6324
2023-08-28 22-44-24.png,UPPCG2257
2023-12-23 06-54-02.jpg,P29486
2023-04-21 21-09-22.jpg,PKI318
2023-08-29 04-47-03.png,NKAAQ5076
2022-04-09 13-57-28.jpg,1T9R
2023-08-30 08-44-50.png,HPPF52645
2023-08-29 14-59-55.png,LPHW59998
2023-08-29 13-04-04.png,MPQF31343
2023-09-02 23-53-27.png,MPPI55595
2023-08-29 09-12-15.png,WKC78762
2022-06-17 00-47-03.jpg,DC2899
2023-08-28 23-50-36.png,5751637
2023-08-28 20-58-42.png,HPCBK8613
2023-08-29 00-55-24.png,NAGAA1033
2022-01-13 04-19-29.jpg,NCVT2B4
2022-01-11 13-29-03.jpg,Z007405
2023-08-30 10-46-44.png,WPCAL9716
2023-08-29 07-55-25.png,2529MM2348
2023-08-26 19-32-21.jpg,SPLMII76
2023-12-03 09-52-01.jpg,EPLO6281
2023-08-29 08-16-53.png,I22SPND56202
2022-09-07 11-47-32.jpg,SPJA0955S
2024-08-25 14-05-09.jpg,CPCZY629
2023-08-28 23-39-41.png,WPKD72987
2024-07-25 09-16-16.jpg,NV5I08
2023-08-29 00-31-40.png,SGQR50572
2023-08-29 10-07-48.png,IIR0596243148
2023-10-07 15-30-53.jpg,CPJ03673
2023-08-30 09-23-47.png,KPKLR4662
2023-08-29 01-38-50.png,M5ZE6155
2024-08-15 06-15-57.jpg,LP8883
2023-08-30 11-59-36.png,HPBGHGGGH
2023-04-05 14-53-25.jpg,INA6O54
2023-08-29 10-03-17.png,HFCAO9206
2023-08-29 09-41-06.png,5829646
2022-03-07 19-19-35.jpg,JR7408
2023-12-17 12-50-28.jpg,PL3052
2024-02-25 07-19-37.jpg,MPZTK2597
2023-08-29 04-32-25.png,REVIEW_NEEDED
2023-03-22 08-56-37.jpg,EVO7
2024-06-22 22-18-35.jpg,TYMI072
2023-08-28 23-23-09.png,APKY76673
2023-08-29 15-19-30.png,548110
2023-08-30 17-34-12.png,REVIEW_NEEDED
2023-08-28 16-03-26.png,NPPG59270
2023-08-30 09-13-51.png,2559097
2023-08-30 11-29-10.png,WPCAZ9138
2023-08-30 09-01-14.png,HPNB50289
2023-08-29 08-46-38.png,HPKC54501
2022-12-03 20-31-26.jpg,SPSK4929
2022-05-02 16-37-40.jpg,NC30P5772
2024-01-17 08-54-47.jpg,J29021
2023-04-19 20-25-27.jpg,SAP5447
2022-11-16 02-09-19.jpg,EPYA9712
2023-08-28 16-24-16.png,2MPCBD2565
2022-03-21 16-53-59.jpg,0706348
2022-02-18 23-24-37.jpg,MYAC4993
2023-08-29 02-46-49.png,CPYD28430
2023-08-29 09-00-37.png,HPCAA5991
2023-08-28 23-07-24.png,NPHB32258
2023-04-24 19-17-25.jpg,MCFK03944
2023-08-29 14-17-00.png,REVIEW_NEEDED
2023-08-30 09-31-19.png,SPDAF1974
2023-03-15 08-52-40.jpg,NIRTN5O72
2023-05-10 11-07-28.jpg,NMBIF9024
2022-08-24 20-18-30.jpg,MGI722
2024-07-10 22-28-59.jpg,CP002293
2023-08-29 07-54-08.png,NPPB53750
2022-09-10 07-39-27.jpg,CPYAR26S5
2023-08-29 14-53-07.png,PKC28887
2024-10-03 21-20-28.jpg,SPZATTS
2023-08-29 09-56-40.png,SFKV59803
2023-03-10 05-55-16.jpg,WPAYR4326
2023-08-05 20-17-42.jpg,EN6298
2023-09-02 23-39-13.png,WKLF6577
2023-08-29 02-58-57.png,FPKL51646
2024-07-28 03-57-30.jpg,V3Z4978
2023-08-30 14-06-01.png,KPCBM0014
2024-05-21 21-10-57.jpg,0L6235
2023-08-29 17-49-37.png,0EEPPL52212
2024-12-06 23-46-55.jpg,Z20476
2023-08-29 02-06-36.png,MPAAF53684
2023-08-28 20-53-38.png,NKCAI3074
2024-04-08 04-36-29.jpg,CPFRCI52I
2023-08-30 15-22-47.png,RECAO9536
2023-08-29 09-54-06.png,25126188
2023-08-29 17-41-55.png,BEI15
2023-08-30 10-46-55.png,6370
2023-08-29 05-23-31.png,S6KQA5542
2023-08-29 15-28-43.png,5850884
2023-08-24 12-04-44.jpg,VTH8097
2023-08-30 08-35-13.png,REVIEW_NEEDED
2023-08-29 01-31-08.png,SPCAQ4379
2023-08-29 03-24-48.png,KPPC75978
2023-09-25 17-59-54.jpg,CPYJ4679
2023-08-29 15-03-43.png,KPKX52781
2023-08-28 22-47-49.png,ACBF4894
2022-06-09 17-32-04.jpg,MXP34
2023-08-29 08-05-24.png,WPKP77299
2023-08-29 06-57-47.png,HPCAQ0704
2023-02-05 08-27-30.jpg,DUK5325
2022-05-28 03-02-29.jpg,MPSJDO324
2023-06-07 17-57-07.jpg,ME0I28
2022-08-03 14-16-23.jpg,P89687
2023-08-29 10-59-56.png,PPPHF6364
2023-08-29 03-23-10.png,SPPC5976
2023-09-02 23-23-12.png,MFCAT6841
2023-08-29 02-13-40.png,CPYMS7507
2023-08-29 05-40-21.png,SGPG21715
2023-08-15 05-29-04.jpg,IP4596
2023-08-29 15-48-19.png,8PPL79061
2024-06-19 01-14-06.jpg,L24394
2022-05-25 12-29-59.jpg,CPKLIS3I
2023-08-30 17-01-53.png,2SPJE21347
2023-08-29 09-26-57.png,GPCAK125
2023-03-08 00-06-20.jpg,PF7B478
2023-08-29 15-44-44.png,KPPC58306
2022-12-05 03-38-34.jpg,NTP6595
2024-10-08 06-41-39.jpg,LE5I07
2022-07-09 20-11-01.jpg,ZP197
2023-08-28 23-52-53.png,KPCAD9116
2024-01-28 09-50-44.jpg,6J548
2023-02-14 04-52-14.jpg,NYS12942
2024-03-11 16-13-14.jpg,NCNIR0524
2022-11-28 22-19-58.jpg,YZG0I7
2023-08-30 10-33-57.png,20NPPD56786
2023-06-08 12-06-35.jpg,SFPG35J2
2023-08-29 00-55-31.png,PCAT3731
2023-08-30 08-43-37.png,REVIEW_NEEDED
2022-05-27 18-29-14.jpg,CJ8753
2022-03-14 10-19-00.jpg,R78593
2022-05-27 21-41-52.jpg,ZUC1080
2023-09-03 00-03-01.png,SGNB50417
2024-10-14 23-12-17.jpg,CPOKD9505
2023-08-29 08-17-58.png,NPABU2716
2023-08-29 09-33-56.png,HPPI51301
2023-05-08 06-02-31.jpg,QN7520
2023-08-29 12-48-01.png,NWPG55568
2023-08-29 18-24-08.png,8HG56672
2023-09-03 00-00-59.png,GL50676
2022-08-12 23-44-52.jpg,REVIEW_NEEDED
2023-08-30 17-43-52.png,CAL262
2023-08-30 11-49-54.png,36HPKB79929
2023-08-28 21-43-22.png,HPKB53365
2024-07-03 04-10-43.jpg,XE6681
2024-01-16 08-23-46.jpg,CPPZA8722
2022-04-01 02-08-47.jpg,0205109
2022-07-31 22-41-11.jpg,COL8204
2023-08-29 00-49-16.png,NKMJ6775
2022-08-11 21-18-03.jpg,L093
2023-08-28 20-03-06.png,MPABL1923
2024-07-05 15-46-10.jpg,EPFS6739
2023-08-28 20-30-58.png,MCAF8087
2023-12-15 19-41-14.jpg,204298
2023-08-29 10-14-20.png,RCCAT6970
2023-08-29 05-28-12.png,SPKHJ0195
2023-08-25 16-11-59.jpg,N0L677450
2023-10-31 20-57-49.jpg,FGJ516
2023-11-24 04-33-46.jpg,OLC4965
2022-04-20 01-12-44.jpg,NC109270
2023-08-29 15-32-47.png,69W9989
2022-12-29 16-46-22.jpg,018423
2023-06-17 03-27-12.jpg,CWV7790
2022-06-22 08-02-28.jpg,PEJ8090
2023-08-29 02-33-48.png,NPPE51256
2023-08-29 03-52-05.png,HPCBL4184
2023-04-05 00-49-43.jpg,EPDLL2623
2023-08-29 10-16-47.png,CPHPF5975
2023-06-13 08-32-55.jpg,NNMPV7780
2023-06-25 19-10-50.jpg,EPARP635
2023-08-28 23-57-07.png,25057649
2023-08-30 20-53-54.png,HPPA52628
2023-08-29 05-29-57.png,SPK024703
2024-11-02 02-38-45.jpg,TK05204
2022-04-18 00-26-10.jpg,YTD7630
2023-07-02 09-06-13.jpg,DSX8228
2023-08-29 02-46-51.png,CPYD28430
2023-10-16 08-51-37.jpg,WL9983
2023-08-29 05-56-44.png,6625032494
2023-08-30 17-34-53.png,CPCAG7391
2023-08-29 07-31-13.png,HPCAN7756
2024-02-16 07-08-25.jpg,AL3394
2023-08-29 10-34-36.png,5722306
2023-02-15 15-10-02.jpg,5P0EN9779
2023-08-28 23-46-01.png,FFIEE2
2023-08-29 06-35-12.png,NCHQ55745
2023-08-29 16-13-37.png,EPCAC1956
2023-08-28 21-52-54.png,5229534
2023-08-29 06-27-13.png,HPKUA3338
2024-03-30 03-11-57.jpg,4C3934
2024-12-26 21-01-24.jpg,ZKK5363
2023-08-29 17-14-56.png,152M1CP
2023-08-29 03-27-33.png,SGPJF8598
2023-08-29 08-47-57.png,25228479
2023-08-29 04-58-25.png,R25151877
2023-08-29 09-05-25.png,HPKMP5139
2023-08-30 15-56-34.png,HPCBI5307
2023-08-29 14-16-06.png,NYABA8630
2023-08-29 03-01-13.png,REVIEW_NEEDED
2022-10-20 09-21-33.jpg,SRBO448
2023-10-31 11-27-54.jpg,Y079899
2023-08-30 17-19-59.png,NKGX58860
2023-09-02 23-24-55.png,3022035
2023-07-18 08-03-16.jpg,BN9773
2023-08-29 03-20-28.png,HPKX7G393
2023-08-29 10-19-30.png,HPPJ58585
2024-07-14 10-52-54.jpg,JC6534
2023-07-03 12-40-22.jpg,X00883
2023-08-29 08-43-59.png,2SPKV59803
2023-08-10 00-49-32.jpg,CPCX77609
2023-02-24 02-51-33.jpg,EP5F3046
2023-08-30 16-46-20.png,0WPCBF9395
2022-07-04 10-30-51.jpg,SPKF1413
2022-02-17 19-39-39.jpg,7JJ43
2023-08-29 03-33-59.png,NPCAQ8126
2022-03-14 09-56-05.jpg,EPMR456
2023-08-29 18-16-50.png,WPND53426
2023-08-29 05-34-15.png,323049
2023-08-30 10-29-28.png,REVIEW_NEEDED
2023-08-28 21-21-37.png,HPKPA4257
2024-01-06 22-04-44.jpg,P28203
2023-08-29 11-05-52.png,WPABA1868
2023-08-04 07-42-45.jpg,NCAT8928
2023-08-29 03-39-40.png,SP5920815
2024-09-05 04-17-15.jpg,006519
2023-08-30 09-21-10.png,REVIEW_NEEDED
2024-12-26 22-57-34.jpg,MZFNBS46
2023-08-29 09-09-53.png,NPPG35834
2023-08-29 09-53-47.png,HPCAE2959
2023-08-29 14-42-14.png,NHCAK9261
2023-08-30 09-32-07.png,KV78035VP
2024-07-18 10-52-47.jpg,WPKY6944
2023-08-29 08-34-38.png,REVIEW_NEEDED
2023-08-29 10-44-07.png,HRW562F3148
2023-08-30 17-21-48.png,SPPE50953
2024-08-09 21-58-06.jpg,P5S0526
2023-08-29 03-32-09.png,AP6529403
2022-07-01 04-54-08.jpg,CPKT3468
2022-12-24 00-03-11.jpg,EPP8643
2023-08-28 21-28-49.png,KPPF53225
2023-07-06 22-44-18.jpg,NTZM0
2023-08-29 02-20-51.png,HPCAK3159
2023-08-29 00-21-20.png,CPPF23468
2023-03-06 08-33-31.jpg,NWTOX5985
2022-04-04 00-02-05.jpg,E059323
2023-08-28 19-10-36.png,KPCAV1216
2023-08-29 02-55-43.png,581379
2023-08-30 09-52-13.png,KPCAH6440
2023-08-29 03-24-08.png,SKT50621
2023-08-28 16-13-51.png,10PDJ0829
2023-08-30 15-01-02.png,N45924093
2024-11-16 15-52-53.jpg,CP0U7642
2024-10-03 19-18-44.jpg,BF7026
2024-09-17 01-54-09.jpg,WJ4636
2022-08-30 09-48-11.jpg,CPAY6O95
2023-08-29 13-01-37.png,REVIEW_NEEDED
2023-08-29 17-28-29.png,HABAI4IL
2023-08-29 10-11-41.png,C0SPPF50289
2022-04-17 09-57-21.jpg,J06165
2023-08-29 16-23-17.png,REVIEW_NEEDED
2023-08-29 11-34-45.png,NCABS9050
2023-08-29 14-05-25.png,REVIEW_NEEDED
2023-08-29 14-50-53.png,KPPH50132
2024-06-24 22-20-40.jpg,CPL39805
2023-08-29 11-29-09.png,KHFHM
2023-08-28 19-17-35.png,KPPD50695
2023-08-28 23-11-38.png,PD16843
2022-09-12 01-32-21.jpg,MPZEJ0I29
2024-04-16 00-50-40.jpg,NCGMP9712
2023-08-30 14-10-54.png,20HPKE56454
2023-08-29 17-34-21.png,250M3659
2023-10-28 11-05-35.jpg,PDJ283
2023-08-29 17-40-24.png,WPNC78466
2023-08-29 15-01-30.png,5455446
2023-01-31 11-59-43.jpg,MPDOPI427
2024-11-11 20-52-17.jpg,SPJ82562
2022-05-16 04-36-28.jpg,EFPSIGQ
2022-07-06 22-00-13.jpg,SP1ES895
2023-08-29 07-55-30.png,HPCAG9952
2024-03-28 09-15-32.jpg,L089705
2023-10-28 11-09-02.jpg,CPC1G3
2023-08-28 22-19-23.png,SPKIR7054
2022-11-05 19-20-55.jpg,CPSC3996
2023-08-28 21-28-06.png,HPKUI5210
2023-08-29 06-42-41.png,REKA77217
2023-08-29 11-36-58.png,560486
2023-08-29 09-34-53.png,50MEPG58343
2023-08-29 18-14-26.png,PCBJ8940
2023-08-29 09-55-42.png,S6PBF0897
2023-08-29 05-58-15.png,HPDAD1807L
2023-08-30 17-14-24.png,0KPNC72689
2023-08-29 02-56-57.png,RDE
2023-08-29 16-42-34.png,EABA1410
2023-08-28 22-02-26.png,PG52645
2023-08-28 20-58-30.png,SPKVJ9193
2023-08-29 02-53-45.png,4575500
2023-08-29 10-27-01.png,FPCBL5625
2022-03-24 02-19-07.jpg,PPICRI300
2023-08-30 08-44-37.png,CPAAE4485
2023-08-30 17-55-06.png,HPKHA4246
2023-08-30 11-04-02.png,0ESPTNC54761
2023-04-16 09-50-21.jpg,XU51776
2024-03-06 01-28-22.jpg,ECI6783
2023-08-29 00-21-09.png,PF58569
2023-08-29 05-54-06.png,CAD4672KP
2023-08-30 18-28-08.png,REVIEW_NEEDED
2023-08-29 15-59-20.png,WPABKC07
2024-06-17 14-32-54.jpg,JN4356
2024-10-31 08-25-59.jpg,MPURB7371
2024-06-08 18-52-11.jpg,CY16O88
2023-08-29 04-51-08.png,KPCAN3825
2024-02-22 16-07-01.jpg,UFO880
2023-08-29 08-57-57.png,06NKN53422
2023-08-28 16-08-14.png,5422830
2023-08-30 18-35-44.png,5741783
2023-08-29 11-21-05.png,REVIEW_NEEDED
2023-08-30 16-20-04.png,EPCAQ6523
2022-02-22 15-59-37.jpg,NCFXIZBI
2024-07-20 07-15-46.jpg,EPR48388
2023-08-29 08-57-58.png,QG23192KP
2023-08-29 06-32-42.png,REVIEW_NEEDED
2023-08-28 19-14-08.png,SDCAB6936
2022-06-08 07-56-26.jpg,6RZ72
2023-01-23 21-29-28.jpg,8J7261
2023-01-20 02-17-49.jpg,AD5287
2023-08-29 08-52-56.png,80NWPC54041
2023-08-29 09-47-30.png,EPGG59258
2022-03-27 06-52-45.jpg,0U86275
2022-05-08 17-56-32.jpg,MNV421
2023-08-30 16-36-12.png,HPJD5839
2023-08-04 12-13-39.jpg,T1072625
2023-09-02 23-19-46.png,KLZ2B20
2023-08-28 16-12-22.png,WP50V7531
2023-08-28 21-47-48.png,P2823455
2023-08-28 20-22-06.png,S
2023-08-30 09-00-59.png,40GP22966
2023-09-25 21-33-53.jpg,CPSPJ
2024-07-14 13-46-18.jpg,HVY4SII
2023-08-28 23-51-21.png,WPCAO4L22
2023-08-30 10-20-09.png,HPKNF7205
2023-08-28 20-32-20.png,0EPPC75687
2022-11-09 20-04-35.jpg,NP3G19B2
2023-09-03 00-07-29.png,WPPL57620
2023-08-30 16-22-07.png,TPAF6478
2022-04-03 02-29-57.jpg,ZLF4733
2023-01-16 22-30-49.jpg,05675
2023-08-29 03-21-03.png,WPABV2919
2023-11-15 05-14-54.jpg,KR7635
2023-08-29 10-01-52.png,WPCAG0
2022-09-10 11-51-33.jpg,SPYCFO888
2023-08-29 15-07-42.png,SGHA57059
2023-08-29 02-46-34.png,CFYD28430
2023-08-29 08-47-10.png,HEF20
2024-02-28 13-51-00.jpg,NC0Y05834
2023-08-29 18-45-22.png,KPCAV0650
2023-08-29 09-27-26.png,HPNB52858
2023-08-29 15-33-01.png,MQZ50653
2023-11-04 15-36-47.jpg,NCHEP4044
2022-09-18 09-47-20.jpg,EPOOY9913
2023-08-29 15-45-04.png,NPAAU3214
2022-01-07 20-26-37.jpg,NCXI6832
2022-02-09 19-57-45.jpg,NCXI3S07
2023-08-28 19-17-14.png,HBBGHODOB
2022-02-06 06-30-38.jpg,NCR43315
2022-11-17 20-52-36.jpg,NUH5581
2023-08-29 14-45-36.png,REVIEW_NEEDED
2023-08-29 15-42-06.png,CPHL56783
2023-08-29 17-15-23.png,EABA1GI0
2023-08-29 14-42-28.png,EPYLF2487
2023-08-29 08-36-29.png,KPCAC9332
2023-06-09 07-24-27.jpg,NCHCNGO42
2023-08-28 20-05-18.png,NCBE8382
2024-08-20 14-00-06.jpg,K27702
2023-08-30 17-08-53.png,NPPFE0255
2022-11-25 21-33-35.jpg,HJ78493
2023-09-02 23-43-54.png,WKUR4226
2023-08-29 11-17-17.png,KPCAD0103
2022-11-21 22-42-07.jpg,Y059835
2023-08-29 15-52-33.png,ABA1410
2023-08-28 16-03-31.png,SPKM23607
2023-08-29 07-47-07.png,APPKF1274
2023-08-28 23-52-28.png,SPPEJ9373
2023-09-02 23-46-30.png,HPPL57620
2023-06-03 15-06-52.jpg,0J9461
2023-08-29 11-18-43.png,MPBHF2967
2023-08-29 08-44-56.png,HPCAG3908
2023-08-29 17-11-26.png,KPCAB8655
2023-08-29 16-42-57.png,WPCBI6933
2024-02-02 19-19-55.jpg,CP38XB467
2023-08-30 16-56-58.png,27S25663
2023-08-29 12-25-58.png,REVIEW_NEEDED
2023-08-28 22-53-11.png,WPPD55890
2022-04-22 20-52-57.jpg,6J00777
2024-11-02 15-39-56.jpg,SPC84659
2022-10-16 11-46-28.jpg,E01767
2023-09-02 23-24-14.png,WPCAH8586
2023-08-29 10-59-42.png,0NKBHH5698
2022-09-18 23-30-38.jpg,NCZF2106
2023-08-29 03-12-08.png,MPAAN5227
2022-07-14 14-43-12.jpg,0023625
2023-08-29 10-36-03.png,PKSF6521
2023-08-29 18-22-48.png,WPPE33419
2022-08-21 00-19-13.jpg,VFO333
2023-08-29 00-25-28.png,NPPLEZ6
2023-08-05 22-43-40.jpg,FANGO76
2024-03-06 01-00-36.jpg,BIP7052
2024-08-07 19-34-27.jpg,NCODCC52
2022-01-14 09-07-35.jpg,EPNE3389
2023-08-29 02-45-26.png,CPYD58430
2023-08-29 10-26-34.png,NPHB21474
2023-08-29 08-00-50.png,QF0898NC
2023-08-29 05-09-14.png,5475938
2023-08-28 22-13-02.png,CPCAH6463
2023-08-29 02-51-31.png,NCPA6203
2022-11-26 22-47-02.jpg,WPXV08919
2022-03-25 03-40-50.jpg,004589
2024-02-23 17-10-43.jpg,078768
2023-08-29 03-58-30.png,NPCAP0121
2023-08-28 22-46-20.png,KPPK75588
2023-08-29 14-02-35.png,E50
2023-08-29 06-49-13.png,0SGPG51715
2023-08-29 07-54-36.png,PGJF1613
2023-08-29 05-10-10.png,SPCAV9976
2023-09-02 23-49-29.png,HFPF56842
2023-08-29 10-40-16.png,HPCAB3921
2023-08-28 23-50-15.png,KPCAU6368
2024-10-13 18-27-22.jpg,XPQ8065
2023-08-28 23-08-41.png,NCAN8270
2024-01-30 23-54-13.jpg,XUS9754
2022-09-29 00-19-26.jpg,NWCYF6605
2023-08-29 01-39-17.png,6CAZ9989
2022-09-18 08-31-34.jpg,SPFS08970
2024-08-22 16-24-20.jpg,CPSS5IBQ
2023-08-29 17-10-37.png,SPNA5J5804
2023-08-29 07-34-04.png,SPPF58668
2023-08-29 12-27-48.png,25F7959
2023-08-28 21-52-16.png,PH6677
2024-02-16 16-07-42.jpg,05KIBR8
2023-08-29 15-44-29.png,REVIEW_NEEDED
2024-02-20 16-52-58.jpg,RTT7960
2023-09-02 23-18-34.png,WCAL8355
2023-08-29 06-14-57.png,HPPG57890
2023-08-29 10-02-37.png,CPCAD6688
2023-08-29 05-21-53.png,NANA55987
2023-09-02 23-28-49.png,MKLF2626
2023-08-29 01-06-51.png,25113141
2023-05-15 02-30-42.jpg,2102634
2023-09-23 00-24-41.jpg,AE587
2023-07-27 17-46-14.jpg,10X159
2023-08-29 11-14-51.png,WPPI56560
2023-08-29 03-10-53.png,KCAX7904
2023-06-14 19-07-52.jpg,CNX4307
2023-08-29 07-21-07.png,HPKV26019
2023-08-29 11-43-32.png,RCAZ5997
2024-09-12 13-03-38.jpg,NAD7610
2022-01-24 10-54-09.jpg,PJ0993
2023-08-28 19-12-43.png,WPKPJ6300
2024-06-01 19-09-10.jpg,875025
2022-05-05 06-35-11.jpg,RJE7792
2023-08-29 06-58-13.png,GFCAI9162
2023-08-29 09-43-19.png,EPPA54014
2023-08-30 16-16-49.png,20SPPF52342
2023-09-02 23-58-10.png,NPPF20257
2023-08-30 15-28-00.png,KPPD54226
2023-03-12 05-11-30.jpg,RB7490
2022-03-13 11-50-34.jpg,NWKL6435
2022-08-09 09-18-51.jpg,C3609
2023-08-28 22-40-16.png,CAD0897KP
2022-10-01 10-31-49.jpg,WPAN69J
2023-08-28 22-08-22.png,NC32273
2023-08-29 10-50-05.png,NHPB51949
2023-08-29 08-33-12.png,SGKN56619
2023-08-30 20-44-16.png,REVIEW_NEEDED
2023-03-28 14-40-10.jpg,ZDPI8B5
2023-08-21 10-59-09.jpg,Z30048
2023-05-18 12-03-16.jpg,MIREA7
2023-08-09 01-01-08.jpg,0Q43359
2023-08-29 15-28-53.png,SPKF78757
2023-08-29 10-22-18.png,00HPPF59262
2023-01-13 06-04-30.jpg,KV615
2023-09-02 23-49-33.png,MPKY21029
2023-08-29 15-25-39.png,SEYT20441
2024-04-16 03-52-19.jpg,CPD7B4763
2023-08-29 08-46-22.png,80HPNCA53922
2023-08-29 15-20-26.png,DQX
2024-12-15 09-41-39.jpg,NWEHJ8765
2024-01-23 10-00-02.jpg,05293
2023-08-29 11-04-45.png,8GJP71122
2023-03-24 20-04-15.jpg,DFJ0235
2023-08-28 22-46-59.png,WPCAS8823
2023-08-29 11-28-55.png,RJ5827181
2023-08-28 19-39-27.png,IPKRZ5871
2023-07-12 21-37-00.jpg,NHK009583
2023-08-29 15-20-33.png,REVIEW_NEEDED
2023-08-29 03-46-53.png,HPCAP2446
2024-11-10 01-18-55.jpg,SXG5802
2023-08-28 23-18-53.png,IPCAN5859
2022-02-05 12-04-44.jpg,CP470939
2024-05-28 07-20-08.jpg,WPL60323
2024-07-09 06-11-54.jpg,612335
2024-01-19 22-08-42.jpg,A26589
2023-08-30 17-25-44.png,HPCBL8706
2024-05-17 12-13-39.jpg,MPRB6497
2023-08-28 23-44-59.png,NPPN53223
2022-06-22 05-12-43.jpg,SPSKK9643
2023-08-16 03-08-39.jpg,808996
2023-08-30 14-08-38.png,5431408
2023-09-02 22-55-56.png,MPPI57620
2023-08-30 11-28-16.png,HPNB52486
2024-10-02 17-14-52.jpg,NCE8V5464
2023-08-28 16-05-50.png,AEOIJOULTZEGJ
2023-08-29 03-23-31.png,NPPG8085
2023-08-29 15-26-12.png,REVIEW_NEEDED
2023-08-28 23-50-07.png,WPGA54821
2023-08-30 09-36-15.png,HPCBF6500
2022-07-26 04-32-09.jpg,71900
2023-08-30 16-55-23.png,20APHTE6783
2022-10-02 00-15-29.jpg,CPPI095
2022-08-14 06-50-54.jpg,OFX9I69
2024-09-22 19-21-17.jpg,CPLJ556I
2023-02-16 23-49-47.jpg,K204232
2023-08-30 10-43-37.png,PKUF9524
2024-04-12 19-20-22.jpg,VX0572
2023-08-30 16-34-57.png,REVIEW_NEEDED
2023-08-29 02-48-34.png,KPKN2403
2023-08-29 17-01-39.png,NHCAN2303
2023-08-29 09-12-17.png,HPNB58888
2022-12-11 04-41-00.jpg,NF19625
2022-12-09 00-14-38.jpg,NMMN69I8
2023-05-03 21-47-52.jpg,SP0J434
2023-08-29 16-17-46.png,SPYR58688
2023-08-29 10-35-31.png,HPJL293311
2023-08-29 09-52-26.png,25328623
2023-08-29 08-24-06.png,SPPD52001
2023-08-28 23-12-34.png,MPYRZ1827
2022-03-25 22-32-32.jpg,ZIF2270
2023-08-29 09-39-51.png,2SPJR51259
2023-08-28 22-13-08.png,3012863
2023-08-28 23-02-30.png,NGYDIT
2023-08-29 15-16-29.png,WPCBB8036
2024-02-28 14-34-09.jpg,CPUP3391
2023-04-06 10-23-04.jpg,62B4734
2023-07-05 05-29-59.jpg,MPGQ8761
2023-08-28 19-31-28.png,NRCAV3790
2022-05-10 23-43-24.jpg,NCPFE730
2023-08-28 21-08-45.png,NCAH8555
2024-08-17 23-21-28.jpg,SPC46093
2023-08-29 01-23-19.png,HPABG5126
2022-05-02 20-20-57.jpg,EP4L3607
2023-08-30 17-19-01.png,0HPKH21274
2022-07-05 18-29-15.jpg,EY8825
2023-08-28 23-35-07.png,NKCAF0379
2023-08-29 14-40-15.png,UPAAE132
2023-08-28 21-48-30.png,30129335
2023-09-02 23-13-52.png,LPKRF5037
2023-08-30 17-42-35.png,SPCBE8126
2022-10-08 05-48-49.jpg,W8F3816
2023-08-29 04-11-46.png,SGVF58368
2023-08-28 19-40-24.png,NK5429514
2023-11-17 08-01-58.jpg,NC4D5680
2023-08-29 10-33-58.png,EPPG52848
2023-08-29 02-15-47.png,HPYZJ5322
2022-09-25 23-02-27.jpg,MPSLI853
2023-03-18 15-06-25.jpg,NCUK2070
2023-08-30 20-37-21.png,MKPH0524
2023-08-28 16-07-49.png,HPCAC1465
2023-08-29 16-28-08.png,NHABS7748
2023-08-29 14-46-58.png,IRVSZ1616
2024-12-14 01-28-38.jpg,EPVE5725
2023-08-29 04-29-56.png,KPCAA6862
2022-08-03 21-56-31.jpg,NCBMV2846
2023-08-29 08-13-01.png,HPCBA7854
2023-08-28 16-20-19.png,L251886B
2023-08-29 18-24-24.png,3U
2023-08-29 08-38-38.png,G240EPYO
2023-08-29 08-04-57.png,KPCBA5485
2023-09-02 23-56-20.png,VPKOZ1201
2022-08-14 04-07-19.jpg,TV2068
2023-08-29 14-55-04.png,EPAAZ5761
2023-09-02 22-56-12.png,1PQT21296
2023-06-29 01-42-25.jpg,XK7556
2023-08-28 19-51-54.png,EPJG59974
2023-08-29 15-59-12.png,HPKY59253
2024-02-06 06-36-58.jpg,LM725
2023-08-29 15-44-14.png,05HP09JP
2023-09-02 23-59-25.png,NPPG59970
2023-08-28 19-32-33.png,1522947
2022-10-24 22-05-22.jpg,P12954
2023-08-29 17-46-50.png,REVIEW_NEEDED
2023-08-29 04-32-44.png,6HPABN6618
2023-11-15 07-54-17.jpg,VOFO153
2023-08-07 20-15-56.jpg,KES722
2023-08-29 06-38-05.png,KPKMZ6260
2024-08-28 17-11-30.jpg,1J6221
2023-08-30 09-07-38.png,NHPBP1196
2023-08-30 15-48-20.png,REVIEW_NEEDED
2023-08-30 17-10-40.png,CPKO72762
2023-08-29 08-32-06.png,PKY76956
2023-09-02 23-03-37.png,6553468
2022-10-09 10-57-20.jpg,CPEG8473
2024-04-30 07-59-10.jpg,CPEKP15S9
2023-08-29 18-00-28.png,SEAAM2L85
2023-08-29 14-04-52.png,NK5376555
2023-08-29 07-12-09.png,6HLV11
2023-08-29 17-19-22.png,5256239
2023-02-21 04-10-13.jpg,MP1J29
2023-08-30 18-38-09.png,NGTI4415
2023-01-27 17-44-11.jpg,N7TX3430
2024-08-05 06-49-33.jpg,SPJA30S0
2023-08-29 10-48-54.png,HPCBD6336
2022-07-21 15-23-41.jpg,RWUSC4860
2023-08-29 09-15-30.png,2SPCBF6572
2023-08-29 00-58-44.png,CPABO7404
2023-08-30 15-40-55.png,WPCAH1029
2023-08-28 22-42-24.png,CAQ4822CF
2024-06-12 14-59-29.jpg,TR0352
2023-08-29 03-39-24.png,SPNA5827
2023-08-29 09-56-20.png,6245335
2023-08-28 21-11-29.png,CPCBB4076
2024-07-15 04-12-11.jpg,NCATU7788
2022-12-22 10-16-34.jpg,ARA6535
2023-08-28 19-58-05.png,WPPJ5250
2023-08-29 11-11-17.png,RFCAE2053
2022-03-20 18-34-31.jpg,NCVSI8I2O
2023-08-29 00-52-44.png,KIPH36538
2023-08-29 07-41-41.png,635838
2024-10-14 17-50-04.jpg,SPSR4085
2023-08-29 17-28-38.png,30026440
2023-08-30 10-28-13.png,4PYU51269
2023-08-29 18-02-19.png,KPCAC0198
2023-08-28 21-42-30.png,CKV20763
2023-08-29 18-12-01.png,WP5821342
2022-06-17 03-56-00.jpg,NVPP10430
2024-06-28 19-20-31.jpg,6A6250
2024-03-29 12-57-03.jpg,076468
2023-08-29 16-06-24.png,WP50139065
2024-02-25 22-41-43.jpg,CN1TGGS4
2023-08-30 20-51-16.png,WPPA5227
2023-07-18 21-38-07.jpg,WPRXM2O85
2023-08-29 11-10-43.png,73306
2023-09-02 23-44-09.png,0PXBF4943
2023-07-16 17-16-30.jpg,N7VB54
2023-08-30 09-20-48.png,HPNC53508
2022-07-10 17-50-29.jpg,SUU1481
2024-05-14 02-35-20.jpg,NCJ6P2136
2022-12-10 13-58-12.jpg,EPPIS489
2023-08-30 09-22-17.png,REVIEW_NEEDED
2023-08-30 14-13-35.png,SPKI76948
2023-08-29 09-41-13.png,GXF54631HP
2023-08-29 08-11-09.png,UKLR1035
2023-08-29 11-08-00.png,HPNBB1612
2023-08-28 19-47-52.png,KPCBI4586
2023-08-30 08-44-55.png,26SPPGJ2793
2023-08-29 15-39-27.png,QB5356
2023-08-29 15-23-32.png,CPGTG0079
2024-08-17 19-00-08.jpg,CP0R04558
2022-09-08 15-35-45.jpg,NV5I55
2023-03-25 03-20-47.jpg,N09456
2023-08-29 17-18-19.png,585WPGOIG
2023-08-29 11-24-03.png,HPCAG2058
2023-08-30 17-25-03.png,HPCAO1411
2023-08-29 02-02-15.png,SPKYI7143
2023-08-29 15-20-59.png,MJD26281
2023-08-29 15-11-58.png,5457825
2023-08-29 07-24-36.png,REVIEW_NEEDED
2023-08-29 02-48-12.png,SGABP9622
2023-08-29 10-59-39.png,KPPA58173
2022-09-07 21-36-00.jpg,4PET4532
2023-08-29 16-12-48.png,06457027
2024-08-18 01-29-07.jpg,CPBM093
2023-08-30 09-48-48.png,SPDAF1974
2023-08-29 15-10-00.png,CAOL6
2023-08-29 16-13-09.png,FPPK702326
2023-08-30 10-14-01.png,RPBJA96I
2024-11-08 19-26-05.jpg,EPHT2924
2023-08-28 21-39-21.png,UPKA59327
2022-06-15 21-53-43.jpg,HPINE7282
2023-08-28 23-26-00.png,EPGPJ6689
2023-08-29 02-43-32.png,MPCBB7221
2023-08-29 08-34-48.png,HPCAJ0747
2022-12-20 02-55-55.jpg,X3394
2023-08-29 14-59-14.png,SPKH55051
2022-03-31 01-30-19.jpg,H49504
2023-09-02 23-14-09.png,NPKTZ8919
2023-08-30 20-43-04.png,YC21841
2023-09-02 23-22-18.png,WPCAH8503
2024-06-26 05-40-37.jpg,NCX9C2819
2023-08-29 07-16-35.png,KPKKA6631
2023-08-29 04-52-56.png,HFPI26206
2023-08-29 01-56-12.png,NNA25964
2022-10-10 14-39-09.jpg,CP1LL646B
2023-10-08 12-40-38.jpg,NCRJ5O37
2023-08-28 16-03-53.png,W30159665
2023-08-29 01-05-48.png,606032852
2023-09-02 23-53-29.png,HPKME7100
2023-08-29 16-34-47.png,RAPI20032
2024-10-04 06-05-05.jpg,GC0635
2024-04-21 11-09-15.jpg,NHXR6541
2024-06-10 00-08-17.jpg,NI1848
2023-08-29 08-06-05.png,CPKY27726
2023-08-29 15-10-05.png,JOPJ462
2023-08-29 07-43-35.png,REVIEW_NEEDED
2023-08-29 09-50-25.png,NPPB2894
2022-01-27 09-12-37.jpg,MLZ3055
2023-08-29 15-10-28.png,32522437
2023-11-19 16-39-35.jpg,A16725
2023-08-30 18-12-25.png,PGO54172
2024-06-04 11-10-23.jpg,NCUDE4092
2023-09-02 23-29-35.png,PPPH57356
2023-08-14 23-43-37.jpg,SPCYT
2023-08-28 22-08-07.png,CPCAF1730
2023-08-29 17-08-06.png,PCAO1625
2022-10-03 07-11-38.jpg,0K6369
2023-08-30 10-23-56.png,8NKCBG9790
2023-08-29 10-37-57.png,HPBHF22671
2023-12-13 13-01-03.jpg,CPXX13B42
2023-08-28 22-07-23.png,86V2273
2023-08-29 10-51-27.png,WPDAH28091
2023-08-28 23-11-50.png,CPKL73920
2024-01-09 07-26-21.jpg,PR12532
2023-08-29 16-28-13.png,6SGPF56939
2023-08-29 11-19-32.png,RCCBD7470
2023-08-30 11-16-33.png,VE55786
2023-08-29 09-10-35.png,HPCAX9418
2022-06-28 04-23-38.jpg,MHX9247
2023-08-29 08-31-01.png,WPCAM5824
2023-08-29 04-34-46.png,5L0154
2023-08-29 09-58-34.png,KPCAV9548
2023-08-29 07-45-56.png,APKH59869
2023-03-23 20-53-22.jpg,102878
2024-09-14 23-57-37.jpg,CPWCR4795
2022-12-23 19-48-30.jpg,EPWRMOO85
2022-02-06 01-33-52.jpg,MPMKP6403
2024-04-18 21-00-00.jpg,983491
2023-04-21 12-17-54.jpg,CP3T7864
2023-08-29 04-03-57.png,CPNC55504
2023-08-29 04-31-31.png,NLQF25110
2023-08-29 10-10-09.png,HP53953YF
2023-08-28 19-31-40.png,06T4
2023-08-29 11-02-41.png,168330
2023-08-29 15-26-21.png,REVIEW_NEEDED
2023-10-27 11-43-58.jpg,GF7097
2022-11-26 17-33-02.jpg,EPCSSOE4
2023-08-30 17-07-19.png,SPKQ71170
2024-11-07 03-17-11.jpg,YP07N6306
2023-08-30 15-48-04.png,5674338
2023-07-05 21-50-38.jpg,1267535
2024-12-03 09-38-56.jpg,MHV03323
2023-08-29 04-35-14.png,4U
2023-08-30 21-02-53.png,HPCBE9857
2022-09-13 13-08-59.jpg,NMAE3995
2023-01-01 09-00-31.jpg,EPSTU4648
2023-08-29 11-08-37.png,MKD38430
2023-08-28 22-36-37.png,HPCBF4824
2024-08-27 10-05-30.jpg,NCBZ2966
2022-12-24 23-07-49.jpg,NCYI0261
2024-09-18 03-59-24.jpg,MPC07004
2023-08-28 21-39-00.png,0EPPB292
2023-01-23 23-21-18.jpg,MVV4895
2023-08-28 23-48-31.png,SGCAA3886
2022-02-22 12-15-16.jpg,CPVJ7624
2023-08-29 09-46-21.png,HPJS59200
2023-08-29 13-57-16.png,5674398
2023-08-29 18-28-30.png,KPKEG2222
2023-08-29 10-38-53.png,00HPCBF8761
2023-08-30 17-05-53.png,9CAZ4941
2023-08-30 10-35-54.png,HPCBB2068
2023-08-29 06-53-20.png,CPPL55539
2023-08-30 15-24-50.png,REVIEW_NEEDED
2023-09-02 23-46-11.png,ZKR75504
2023-08-28 20-55-50.png,MCBE8382
2023-09-26 04-05-29.jpg,SBF5637
2023-08-30 18-43-03.png,71272512
2023-06-29 07-45-06.jpg,NCVEK2977
2023-08-29 08-41-53.png,5253935
2023-08-29 08-18-08.png,HPCAN2297
2023-08-29 16-53-10.png,NPL529222
2023-08-30 10-10-24.png,HPND51094
2024-12-27 07-04-18.jpg,SHF2681
2022-12-17 23-54-59.jpg,WP7107366
2023-08-28 23-05-09.png,WGO57054
2023-08-29 08-54-51.png,40H03153
2024-09-13 00-39-22.jpg,VG164
2023-08-29 12-16-06.png,REVIEW_NEEDED
2023-08-30 16-36-21.png,5450126
2023-08-29 17-41-46.png,ELD
2023-08-28 23-31-22.png,APCBC9861
2023-08-29 17-09-53.png,HPGVF8822
2024-08-17 02-10-13.jpg,NCTP0329
2023-08-30 18-39-55.png,3
2023-08-29 12-38-18.png,NPPC56301
2023-08-30 09-54-31.png,20CAE4216YP
2022-10-20 13-44-15.jpg,RA5503
2023-08-29 03-29-18.png,IRQJZ3127
2023-08-30 08-44-21.png,2RPGV50528
2023-08-29 11-35-16.png,HPCBI9606
2022-03-21 16-09-40.jpg,SP089093
2023-07-20 14-11-46.jpg,NWR79095
2023-08-29 07-45-47.png,NPKS59917
2023-08-29 09-26-49.png,KPPC51620SEC
2023-08-29 10-12-01.png,REVIEW_NEEDED
2023-08-30 10-28-51.png,0NHCBE3436
2022-10-29 10-08-30.jpg,CPDWI865
2023-08-29 14-31-57.png,25328244
2023-08-30 11-46-18.png,HPNC54275
2023-08-29 11-12-49.png,00NC59062
2023-08-30 15-06-44.png,FKUR7830
2023-08-29 05-09-55.png,6YO30
2023-08-30 10-19-13.png,LYE55786
2023-09-02 23-04-48.png,SPPE53348
2023-08-29 12-14-08.jpg,S64016
2023-08-29 11-25-09.png,5472201
2023-08-29 09-57-10.png,CPGL57812
2023-08-29 15-55-58.png,REVIEW_NEEDED
2023-08-29 07-27-55.png,SPKQ27276
2023-10-19 22-33-41.jpg,MPOC03163
2023-09-02 23-54-42.png,GANE1362
2023-08-29 12-31-07.png,HPPL54100
2023-08-30 09-00-51.png,HPKHG2362
2023-08-29 00-21-07.png,WPCAX2838
2023-08-30 15-06-58.png,GIF1283
2023-08-29 02-41-09.png,WKC8301
2023-04-29 11-06-26.jpg,MPC40553
2022-07-27 07-49-15.jpg,EPU4846
2023-08-28 20-26-35.png,KPPG52645
2023-08-29 11-09-54.png,CPGS57353
2023-08-29 09-20-08.png,5256546CP
2023-08-28 20-57-05.png,FPCAA8809
2023-08-29 15-25-22.png,08HPCBE3005
2024-01-29 10-10-09.jpg,LRY5I37
2023-08-28 22-51-35.png,PPF59624
2023-08-28 23-35-49.png,0NPPKJ1421
2023-01-10 14-38-16.jpg,CP08244
2023-04-15 21-12-26.jpg,VX7O9
2023-08-29 09-40-04.png,NPPB53764
2023-08-30 11-59-10.png,KPHGS7260
2023-08-29 08-50-50.png,HPYVZ1951
2023-08-29 09-43-23.png,CPPE57528
2023-08-28 23-36-26.png,HPAAT5688
2023-02-25 11-56-03.jpg,CPNMO59I
2023-05-20 17-16-22.jpg,CPYI06O
2023-09-24 04-44-15.jpg,MPJF2184
2023-08-29 10-48-35.png,HPKH247342
2023-08-29 01-58-43.png,5751637
2024-08-27 08-32-56.jpg,WPJM62
2023-08-30 16-33-36.png,P5250656
2023-08-29 14-52-35.png,LOX265
2023-09-02 23-15-55.png,MPPD56712
2023-08-30 16-05-23.png,CPABO4569
2023-06-01 06-30-29.jpg,WP3J69951
2023-08-29 06-31-53.png,NKPE54258
2023-08-28 19-47-29.png,SPPG58717
2023-08-29 07-14-14.png,SGCAP9581
2023-08-30 09-16-26.png,NP5754259
2023-08-29 16-21-27.png,HPYV50718
2022-02-09 19-49-18.jpg,SPT7330
2024-01-21 14-46-44.jpg,4530301
2023-08-29 11-28-52.png,GGRE4
2023-08-29 10-28-40.png,HPP54480
2023-08-29 00-00-58.png,CAR2456
2022-11-04 23-38-00.jpg,CC2574
2023-05-01 08-18-03.jpg,P175
2022-05-24 07-33-27.jpg,0I3A
2023-08-29 15-12-59.png,REVIEW_NEEDED
2022-08-31 19-08-02.jpg,SRHBO4I
2023-08-28 23-48-13.png,HPGJG4254
2022-09-12 07-47-01.jpg,0H2248
2022-07-24 14-58-13.jpg,0408035
2023-08-28 21-40-10.png,WPPK75588
2024-12-18 21-31-08.jpg,UK9436
2022-09-06 20-25-11.jpg,0M19959
2024-09-14 05-46-13.jpg,SPRZ4193
2024-05-15 20-45-27.jpg,CNA7B03
2023-08-30 15-27-03.png,0HPKQ53041
2023-03-02 02-05-20.jpg,NKC417
2024-01-04 16-48-13.jpg,650396
2023-08-28 21-19-13.png,25253957
2023-09-04 00-03-59.jpg,WP05934
2024-12-15 09-22-33.jpg,70A9495
2022-04-01 11-55-27.jpg,WP0C0254
2023-05-17 22-08-03.jpg,SPJRJ6962
2022-04-05 20-47-07.jpg,03273
2023-08-29 12-37-21.png,6258249
2023-08-29 04-12-17.png,F56YF58368
2023-08-28 22-55-05.png,KPKHF2552
2024-07-09 17-58-35.jpg,NCHLT2872
2023-12-16 12-36-33.jpg,E00095
2023-08-29 02-51-12.png,WPGKL0216
2023-08-29 14-13-20.png,YF55498C
2023-08-29 11-24-16.png,CP5256546
2023-07-03 20-05-17.jpg,1J835
2022-04-08 12-47-45.jpg,F09344
2023-08-28 21-23-39.png,RPPJH9704
2023-08-30 20-53-08.png,CPCAK2438
2022-03-22 17-22-30.jpg,NWMA6O86
2023-08-28 22-17-51.png,EPPFW5012
2023-08-29 12-38-14.png,2NPPF54629
2023-08-29 14-41-43.png,KPCAE4263
2023-08-29 00-21-02.png,5126826
2023-09-16 00-04-12.jpg,005720
2023-08-29 00-45-01.png,INPPK51421
2023-08-28 21-40-34.png,WVS
2024-05-03 07-52-28.jpg,189330
2023-08-29 08-12-35.png,MPKRE8773
2023-08-29 17-58-05.png,WPKX53200
2023-08-29 09-34-51.png,40KPLL50946
2023-08-29 00-02-27.png,KPCAC0L61
2022-03-29 23-04-54.jpg,J0827
2023-08-29 02-38-49.png,WPABQ6498
2022-04-11 19-07-28.jpg,SPDJ8262
2022-08-20 08-01-05.jpg,NCOP6009
2024-10-20 17-59-44.jpg,K403657
2023-08-29 06-19-39.png,5974176
2023-09-22 07-59-38.jpg,PLZ5OOO
2023-08-29 01-23-24.png,HPABG5126
2023-08-29 14-46-28.png,RPPD52303
2023-10-17 09-04-00.jpg,LG3333
2023-07-26 03-06-57.jpg,7G9564
2022-01-23 10-20-59.jpg,67J8856
2023-08-29 11-22-56.png,DKE25210
2023-08-30 10-55-44.png,8NPPF51721
2023-08-29 16-18-27.png,CAX0754
2023-11-22 16-20-00.jpg,T7824
2023-04-08 05-07-01.jpg,EPZK5694
2023-09-02 23-42-04.png,FPCBE5865
2023-08-29 17-17-16.png,APQB25852
2023-08-30 18-15-35.png,MPPI0115
2023-02-09 09-14-59.jpg,SPRRU7404
2023-08-29 10-17-41.png,25258472
2024-12-08 10-47-03.jpg,MPVFI5387
2023-04-16 15-12-48.jpg,LR33I2
2023-08-28 22-01-57.png,KPKH56276
synth_00006.jpg,KTS9055
2023-03-16 22-55-56.jpg,EP40797
2023-08-28 23-09-47.png,GY50955NP
2023-08-29 05-50-10.png,CPAAV4709
2023-03-31 04-04-50.jpg,MCA061B3
2023-08-30 17-31-10.png,38213HPPS
2023-06-09 23-39-07.jpg,FO0937
2023-08-29 09-05-11.png,CPKN57235
2023-08-29 08-54-57.png,0WPPJ58585
2024-02-06 09-09-27.jpg,MP019219
2023-08-29 12-04-46.png,WPCBD9246
2022-08-26 09-06-03.jpg,HP6786
2024-04-15 16-07-30.jpg,J1963
2024-10-31 04-17-08.jpg,SPYQ016I
2023-08-29 14-45-15.png,KPBG7256
2023-08-28 21-57-47.png,GCJ6755
2022-02-22 18-52-15.jpg,NKJT13998
2023-08-29 01-54-48.png,HKBG0811
2023-05-28 04-59-59.jpg,NCVJ680
2023-08-28 22-11-33.png,KPCAL4030
2024-06-10 18-08-22.jpg,0XX4873
2023-08-29 16-50-59.png,KPKS700136
2022-12-11 01-09-44.jpg,ESLI85O
2023-08-29 15-09-36.png,MN54277T
2023-08-29 02-39-00.png,8MPABC6498
2022-05-09 01-56-25.jpg,SPUAC9438
2022-08-24 23-49-39.jpg,NT0R5297
2023-08-30 17-13-39.png,835
2023-08-30 15-28-34.png,REVIEW_NEEDED
2023-08-29 10-56-12.png,MPKPF0997
2023-08-28 19-49-43.png,25127937
2023-08-28 22-48-22.png,EPPD54433
2023-12-20 11-57-49.jpg,MPBIQ0300
2023-08-30 09-05-43.png,REVIEW_NEEDED
2023-08-29 12-40-19.png,S6QNL8330
2022-12-30 09-32-31.jpg,0B0257
2023-08-29 14-37-20.png,REVIEW_NEEDED
2024-04-08 00-19-47.jpg,EPOKR8440
2023-08-29 08-54-05.png,25012977
2023-08-29 00-10-59.png,REVIEW_NEEDED
2023-11-02 19-15-32.jpg,AEC4578
2023-08-30 16-10-22.png,HPPI51357
2024-09-05 23-30-57.jpg,PK2226
2023-08-29 15-37-05.png,08HPDAE5392
2022-08-07 12-59-25.jpg,EPPL3A
2024-10-15 14-21-04.jpg,EPRF106S
2023-08-24 03-31-02.jpg,E084
2023-08-29 08-24-22.png,CBG7207
2023-08-29 10-46-53.png,EACAA6271
2024-08-21 18-56-06.jpg,CIBO1D
2023-08-29 11-28-08.png,EPKS54963
2023-08-30 11-11-04.png,HPPF51626
2023-11-15 09-48-05.jpg,IX9926
2023-08-28 23-06-37.png,KNJ6063
2023-09-26 18-36-34.jpg,RCS9764
2023-08-28 23-09-03.png,NAPAA1746
2023-08-30 15-20-48.png,SGHM58266
2022-12-29 05-00-55.jpg,425373
2023-08-29 06-57-38.png,HPCAI9162
2023-08-29 15-58-51.png,6520588
2024-03-13 10-39-11.jpg,REVIEW_NEEDED
2024-05-22 03-53-33.jpg,PV5941
2024-02-12 19-18-05.jpg,NWBY9802
2023-08-29 03-40-46.png,NPPG53676
2023-08-29 03-47-33.png,CPPER1195
2023-09-03 00-07-31.png,HPKT35088
2023-08-29 02-50-47.png,SPCAH9709
2023-06-09 14-49-48.jpg,6R5796
2023-11-12 00-41-30.jpg,ACQAJZ
2024-06-28 01-08-36.jpg,YE6132
2023-08-29 10-02-19.png,HPPG54224
2023-08-29 00-54-29.png,NKJ51320
2023-08-30 16-49-30.png,5956110
2023-08-29 02-22-43.png,REVIEW_NEEDED
2023-08-22 15-16-36.jpg,EPP405758
2023-08-29 03-49-09.png,HPHD56787
2022-10-16 19-36-02.jpg,028189
2022-06-30 04-47-33.jpg,DS3703
2023-08-29 16-51-37.png,CPQK30592
2023-08-29 03-50-02.png,PGJ8067
2023-08-29 10-43-02.png,ACCAOP2647
2022-10-28 15-20-05.jpg,ZAX5389
2022-08-29 11-19-28.jpg,OTU8006
2023-08-29 09-26-10.png,HPKDF2686
2022-09-10 05-42-58.jpg,L704819
2022-02-24 23-56-41.jpg,MC6843
2022-01-31 08-10-26.jpg,SJY3674
2023-08-29 06-09-41.png,NC25220794
2023-06-25 13-23-53.jpg,045619
2023-08-29 10-34-07.png,6222482
2023-08-29 05-15-22.png,KBDL2225
2023-11-23 16-04-04.jpg,GY0259
2023-07-20 06-38-16.jpg,JF9389
2023-08-30 16-34-15.png,26HPCAQ3561
2023-08-30 09-37-53.png,REVIEW_NEEDED
2023-09-02 23-11-43.png,7889
2023-08-29 07-13-36.png,RPB4027
2023-08-29 16-58-27.png,REVIEW_NEEDED
2023-08-28 21-27-30.png,SGPEJ4088
2023-08-29 03-52-44.png,SPCBFG424
2023-08-28 19-06-48.png,HPPG51885
2022-08-04 23-21-42.jpg,SPPU05769
2023-08-28 20-44-49.png,KPKE55511
2023-08-28 19-38-27.png,WPCBB2016
2022-10-31 10-56-49.jpg,R2I7616
2023-08-29 15-53-25.png,REVIEW_NEEDED
2023-08-30 11-25-27.png,HPCAL4774
2023-08-29 12-05-46.png,NH25082242
2023-08-28 22-56-04.png,6PPJ4278
2023-08-29 13-03-17.png,5727197
2023-08-29 08-50-14.png,SPPA5989
2023-08-29 02-02-04.png,5479603
2022-09-06 03-57-20.jpg,016658
2023-08-28 20-55-18.png,NGBFR24
2023-08-30 20-51-48.png,WPCBC9973
2023-08-29 15-57-38.png,2507450
2022-05-13 18-20-26.jpg,TKP438
2023-08-30 08-47-04.png,REI
2023-08-30 20-34-08.png,NKPG20261
2023-08-29 13-00-40.png,76291HPKX
2024-10-12 01-58-21.jpg,WPXJ8348
2023-08-29 09-21-42.png,PABR534
2024-10-07 03-05-30.jpg,EPD0625
2023-08-29 09-45-47.png,5620536
2023-08-28 16-06-47.png,ISBRANDONH0
2023-08-29 15-37-14.png,8HPCAF6695
2023-09-12 00-59-30.jpg,NCDER3628
2022-12-20 08-02-39.jpg,JF06806
2023-08-29 10-43-33.png,WJ0129065
2022-09-30 17-53-43.jpg,CPTCO335
2023-08-29 14-38-48.png,WPCBB8036
2023-08-29 08-24-55.png,KPCAF2984
2022-09-20 15-14-26.jpg,MPZV0I38
2023-08-29 09-39-05.png,80CPKV24238
2023-08-29 07-32-49.png,5461177
2023-08-28 19-25-24.png,SPPH54741
2024-10-19 12-29-23.jpg,Y76794
2023-08-29 08-47-08.png,MPF73580
2023-08-29 05-45-20.png,CAJ1181C0
2023-08-29 09-12-27.png,IS6AAR0909
2023-08-28 23-13-03.png,MPYRZ1827
2023-08-29 02-30-10.png,5850552
2024-08-07 10-51-46.jpg,WPAXM2682
2024-10-21 05-36-29.jpg,NXP2004
2023-08-29 14-53-33.png,30031529
2023-08-28 21-35-57.png,NPCBK3756
2022-09-21 17-06-05.jpg,N0X7577
2024-05-22 09-59-40.jpg,IX03806
2023-06-03 10-58-23.jpg,KDY3969
2023-12-29 21-32-39.jpg,SPP03944
2023-08-29 03-40-54.png,NPGV
2023-08-29 09-26-15.png,251571
2024-03-07 08-53-53.jpg,PB5138
2023-08-28 23-22-30.png,CBB9508
2023-08-28 21-03-37.png,CPNC52847
2023-08-30 16-45-43.png,0KPCBE5886
2023-09-02 23-59-28.png,WKTF0761
2023-01-04 10-22-45.jpg,VR6307
2023-08-30 10-32-53.png,GPNB54260
2024-11-28 15-26-19.jpg,JG9824
2023-08-29 09-14-44.png,CPPC59493
2023-08-29 14-38-25.png,65241292
2023-08-30 09-07-02.png,HPPKP2584
2023-08-29 15-05-40.png,KP5856778
2024-07-01 08-08-34.jpg,LCE552I
2023-08-29 00-20-35.png,WBHO3153
2023-08-29 00-28-48.png,235F1562
2023-08-29 07-41-25.png,BPVNI7401
2023-08-28 20-03-17.png,HPKY7L233
2023-08-30 20-47-54.png,HPCAT2243
2023-08-29 18-07-26.png,CCAV4US
2023-08-30 16-39-01.png,HPPE54086
2023-08-30 18-25-17.png,NCCAV2541
2023-09-02 23-14-35.png,20EPPA0300
2024-11-26 12-35-58.jpg,NMYQG6918
2023-08-30 08-51-18.png,0WPCAT1797
2023-06-08 22-43-33.jpg,PVB26SI
2023-11-16 16-23-55.jpg,NZ7724
2023-08-29 15-05-17.png,NRPK53946
2023-08-30 17-40-38.png,WPCAK2895
2023-08-29 09-01-25.png,HPPF58643
2023-08-28 22-04-08.png,5453828
2022-06-13 12-45-26.jpg,MPSZ6904
2023-02-10 12-38-01.jpg,NHSNYS404
2023-08-29 15-07-51.png,Q06153119
2023-09-02 23-35-47.png,252330651
2023-08-29 16-40-37.png,SP539457
2023-08-30 09-22-57.png,NPPC56123
2023-08-30 15-11-29.png,330
2023-08-28 23-13-45.png,CP78520HL
2024-10-22 17-22-21.jpg,WPKGR4143
2023-08-29 02-54-04.png,P5136326
2023-08-29 05-39-13.png,25151827
2023-08-30 20-48-46.png,0NPJ52127
2023-08-29 00-38-43.png,7581
2023-08-29 13-00-48.png,CAL1908
2023-08-30 09-51-45.png,25056361
2023-08-28 21-43-11.png,HPKE52406
2023-09-02 23-42-06.png,NABLD5001
2023-08-29 08-43-25.png,KPNB58888
2023-01-09 14-12-39.jpg,EHI0722
2023-08-28 23-24-48.png,MPCBK5156
2023-08-29 16-53-47.png,HPKX59252
2023-08-29 15-18-00.png,KOP
2022-07-03 14-43-12.jpg,RBN9773
2023-08-28 22-03-49.png,WPCAZ5860
2023-08-28 16-16-00.png,0YKPCAR7
2023-08-29 10-01-51.png,6324211
2023-08-30 17-03-17.png,KPPB51706
2023-08-29 00-33-12.png,REVIEW_NEEDED
2023-08-28 21-13-22.png,SEKHEEEBT
2023-08-29 11-19-27.png,HKQ29721
2023-08-29 06-17-59.png,MPKN54001
2023-03-23 10-21-09.jpg,LHM45I5
2023-08-30 11-48-24.png,HPCAU6679
2023-08-28 20-36-34.png,KPDAE5392
2023-08-29 11-04-13.png,T6EHISC
2023-08-28 23-08-46.png,UCAO1331
2023-08-29 15-25-08.png,KHCAL4070
2023-08-29 09-50-38.png,CPCAE8687
2023-08-30 21-11-25.png,REVIEW_NEEDED
2023-08-29 10-50-04.png,NH73516
2022-12-19 14-11-25.jpg,TJD2071
2023-08-29 10-31-38.png,5PCAL9706
2022-10-05 11-26-16.jpg,CPT0560
2023-08-29 00-28-18.png,AFCBK5156
2022-02-01 20-06-15.jpg,EPHKXO636
2022-09-15 01-19-59.jpg,E53033
2023-08-28 20-11-22.png,WPCBA8305
2024-07-29 14-22-16.jpg,RC723
2022-02-16 01-46-51.jpg,EPJBB2473
2024-01-20 14-40-03.jpg,NH0157
2023-08-29 16-53-52.png,NVZ507315
2023-08-29 07-02-31.png,HPCBH0550
2022-09-23 14-44-31.jpg,SPID0046
2023-08-29 07-00-29.png,FPCAY7953
2024-09-28 12-21-38.jpg,NCFRW5S707
2023-08-29 01-51-55.png,EPJK54066
2023-08-28 20-10-21.png,WPCAJ2850
2023-08-29 09-02-55.png,8773
2023-08-28 21-50-50.png,EPPD54433
2023-08-29 17-22-30.png,EFABA1410
2024-10-01 03-14-53.jpg,DE5080
2023-08-30 17-19-34.png,HPKL27228
2023-08-29 06-05-47.png,NCHQ55745
2023-08-29 06-10-53.png,FPCBB1674
2023-08-30 16-06-46.png,NPCAT6841
2023-08-28 20-10-05.png,HPCAJ2854
2022-11-04 12-19-12.jpg,MPP3980
2023-10-20 21-22-35.jpg,LJ7530
2022-03-27 08-46-01.jpg,MA1968
2023-04-10 14-40-43.jpg,717883
2023-08-28 23-46-04.png,HPKC53836
2023-08-28 21-15-32.png,MPKLH0858
2023-09-30 09-13-51.jpg,YE04I56
2023-08-29 08-40-25.png,25052426
2024-04-01 02-23-45.jpg,MPDEJ0699
2023-08-29 14-36-48.png,8SNHPK53946
2023-08-29 05-11-02.png,00PDJ3457
2024-05-13 09-55-40.jpg,JK4600
2023-08-29 14-53-14.png,KPPB0944
2023-08-29 06-47-39.png,NKPBF2132
2023-08-29 10-53-09.png,NHGK51040
2023-09-02 23-24-02.png,NKNA55876
2023-08-11 03-33-58.jpg,EPNQ5608
2023-08-29 09-52-03.png,HPCAI8134
2023-08-29 14-36-10.png,547567
2023-08-30 08-52-31.png,225244605
2023-08-30 17-22-06.png,NKKY77208
2023-05-29 21-15-45.jpg,EPQ114909
2024-01-20 21-53-42.jpg,0225637
2023-09-27 23-58-30.jpg,MA0073
2024-08-13 05-38-48.jpg,NCC4322
2022-06-24 02-32-37.jpg,SPHK5925
2023-08-29 15-23-27.png,EPJT59716
2022-10-31 10-26-01.jpg,EP007290
2023-08-29 11-00-57.png,0EPPG5500
2023-08-29 16-32-40.png,25353516
2024-03-23 13-35-51.jpg,NCIF2368
2023-08-29 06-22-07.png,CPPL20197
2022-02-14 17-18-09.jpg,NCEA1459
2022-02-27 12-36-26.jpg,FPKR2753
2023-08-30 15-17-33.png,HPCAK0573
2023-08-29 14-50-15.png,5477383
2023-08-29 08-26-56.png,HPCAG3193
2023-08-28 22-07-51.png,86VC2273
2024-04-26 03-12-01.jpg,MFOXA0733
2023-08-28 19-49-02.png,EPHN57001
2022-12-10 00-40-15.jpg,SPANK7533
2023-12-31 18-13-30.jpg,CPWGL9932
2023-08-28 22-35-26.png,1FCBK8613
2024-09-30 23-29-37.jpg,SPKUC5522
2024-09-02 12-33-02.jpg,PCIBA
2023-08-30 20-55-15.png,HPABR1836
2023-08-29 16-58-06.png,5585662
2023-08-29 04-38-21.png,71272519
2023-08-29 15-38-21.png,20727220
2023-08-28 23-31-49.png,25156824
2023-08-29 03-17-46.png,HPKU50G52
2023-08-28 21-12-36.png,HPCAP7025
2023-08-29 04-48-06.png,NHQ5076
2023-08-29 05-16-17.png,4CPYX55911
2023-08-29 14-56-02.png,25229174
2023-08-29 02-28-23.png,HPHB55554
2024-12-15 04-13-48.jpg,CG04667
2024-10-06 18-21-18.jpg,469740
2023-08-29 07-42-08.png,5411177
2023-08-29 08-17-19.png,HPPE56707
2022-08-28 13-55-18.jpg,4600062
2023-08-30 17-10-18.png,073813HPKY
2023-10-13 15-03-54.jpg,WP026765
2023-08-28 20-28-31.png,REVIEW_NEEDED
2023-08-29 02-01-40.png,WCAS0654
2023-08-28 20-52-00.png,PD0695
2023-08-29 10-11-24.png,632030
2024-06-03 05-46-14.jpg,MPQN7226
2023-08-29 06-22-43.png,HPPV55570
2023-08-28 19-13-19.png,57266257
2022-07-03 14-01-38.jpg,WPHSD5752
2023-08-28 21-30-40.png,SGJV79997
2024-11-16 14-18-41.jpg,CM0690
2023-11-23 21-03-21.jpg,FOTOO4
2024-01-01 00-50-05.jpg,NMRP5I09
2023-08-29 14-11-30.png,5833751
2022-06-26 08-06-56.jpg,NWSC4101
2023-11-01 05-33-13.jpg,NCDNISZE8
2023-08-28 20-31-45.png,PFJ7816
2022-01-16 16-38-18.jpg,013204
2023-08-28 23-44-57.png,25221604
2023-08-30 11-16-07.png,80HPPG53306
2023-04-19 04-22-33.jpg,VBF7865
2024-12-14 03-17-04.jpg,ED0377
2023-08-29 11-11-06.png,FGPJ86421
2023-02-22 10-06-18.jpg,PK1630
2024-12-23 16-59-22.jpg,NCOGA6SE2
2023-08-29 12-31-17.png,REVIEW_NEEDED
2022-08-13 23-54-39.jpg,MPVC303I
2023-08-29 08-32-50.png,CPCAE8687
2024-02-12 07-38-09.jpg,SPELY8753
2023-08-30 14-13-41.png,TL5746558DMAVAN
2022-10-05 03-27-55.jpg,MHZHC933
2023-08-28 21-27-25.png,APPGJ4527
2023-08-30 17-30-16.png,5
2023-11-17 11-27-19.jpg,NWFDSSS
2023-08-29 00-31-09.png,WKG2076
2023-08-29 11-15-06.png,EPH52631
2023-10-21 17-44-22.jpg,SPFK454S5
2022-03-04 02-23-25.jpg,VY4503
2023-08-29 11-32-39.png,RPPV5314
2022-12-29 02-10-21.jpg,CPFI9971
2023-08-28 23-02-13.png,HIW
2023-08-29 07-20-08.png,HPKP52632
2023-08-28 20-44-55.png,CPCAK1621
2023-08-29 01-01-09.png,KPKU52816
2022-01-14 05-04-28.jpg,NWMMO726
2023-09-02 23-23-21.png,25224452
2023-09-02 23-55-46.png,25327369
2023-08-29 01-59-23.png,NCPG53259
2023-08-29 00-50-39.png,NGV5401
2024-12-28 15-49-19.jpg,SPP0P2275
2023-02-25 06-12-03.jpg,APV0788
2023-08-29 11-37-14.png,REVIEW_NEEDED
2024-11-18 21-48-23.jpg,WPGJ8927
2023-08-29 00-10-11.png,WYI21327
2023-06-12 20-56-34.jpg,PFN9237
2024-07-04 09-36-43.jpg,SPVDP4494
2023-08-29 09-36-26.png,NP57573081
2023-06-29 00-33-40.jpg,07J0790
2023-08-29 09-15-24.png,00SGPG51715
2023-08-29 08-00-06.png,3050134
2023-08-29 16-16-22.png,IPCBB8654
2023-02-25 13-14-21.jpg,TF39
2022-07-07 23-02-34.jpg,0VB3284
2024-03-04 19-31-20.jpg,EPBFF6830
2023-08-30 11-37-13.png,HPJBF7838
2022-09-08 18-28-51.jpg,SZJ9P3
2023-08-29 15-55-33.png,MPABE4301
2023-08-28 20-57-33.png,MCAF8087
2023-08-28 23-08-18.png,HPKN52940
2023-08-28 22-01-31.png,HPCAT0E52
2023-08-30 15-08-11.png,7774CP253
2023-08-29 13-56-01.png,REVIEW_NEEDED
2023-08-28 20-46-10.png,SPKM53170
2023-08-29 15-18-57.png,BOX
2023-08-29 15-24-20.png,REVIEW_NEEDED
2022-01-01 18-09-03.jpg,MPYAZ9308
2023-08-28 19-19-15.png,APCAE4556
2023-08-29 02-02-02.png,WPC56334
2023-05-06 10-32-28.jpg,PVU4544
2023-11-14 23-08-15.jpg,EPFA17O5
2024-05-19 21-05-23.jpg,CRJ7777
2022-06-03 13-50-39.jpg,N4EB7872
2023-12-16 20-21-04.jpg,10505
2023-12-24 07-21-16.jpg,PYF0I96
2023-08-29 18-04-37.png,KPPG72505
2023-11-25 00-36-58.jpg,LZT2023
2023-08-28 22-52-53.png,MLISD49
2024-04-09 05-42-49.jpg,CPPNN3799
2022-07-27 01-17-25.jpg,CPVR6O8O
2023-08-28 23-59-49.png,WPCAT3731
2023-08-28 19-10-47.png,WPPI70266
2024-06-21 22-33-33.jpg,0Z8074
2023-08-29 14-41-04.png,MCBH863525
2023-08-28 20-30-16.png,NPPF52121
2023-09-02 22-58-00.png,CFCAU5507
2024-01-16 02-19-38.jpg,SP02I7186
2023-08-30 08-35-25.png,REVIEW_NEEDED
2023-09-05 08-10-19.jpg,NCVE77I7
2023-08-29 11-15-40.png,HPPBG5317
2023-09-02 23-27-22.png,MFKMZ22821
2024-03-26 21-32-47.jpg,0026840
2022-12-18 18-22-14.jpg,PMI825
2023-08-11 04-26-28.jpg,CPOF28798
2024-07-27 08-34-37.jpg,RC9451
2023-08-29 18-44-35.png,KPCAX2649
2023-08-30 16-18-50.png,MPPJE7837
2024-05-16 00-04-24.jpg,SP18C8609
2023-08-29 08-42-13.png,00SPCBJ6099
2024-03-25 10-13-40.jpg,MPORF3264
2023-08-30 09-29-51.png,ESPKP4542
2023-08-29 08-52-55.png,4PFZ501621
2023-08-29 14-41-14.png,0HPCAZ8612
2023-08-29 06-00-14.png,KPPCF3123
2023-08-29 00-22-01.png,CPYD5843
2024-08-21 20-31-27.jpg,EPKMBI8GI
2023-08-29 09-49-13.png,NCKS53156
2023-08-29 02-04-56.png,HPPI58561
2023-08-29 14-07-34.png,REVIEW_NEEDED
2024-03-08 08-54-59.jpg,EPLJ7O5S
2023-08-28 20-25-07.png,WPPK2241
2023-08-29 11-34-15.png,CPPC59264
2023-03-28 21-53-46.jpg,W8052
2024-08-04 05-31-11.jpg,8T7278
2023-08-29 16-26-18.png,ABA1410
2023-08-29 16-10-13.png,UPKIR1760
2024-03-03 11-37-09.jpg,EPJI6097
2022-10-31 18-04-35.jpg,CPER9964
2023-11-04 03-35-27.jpg,EPTRP37I2
2024-08-19 16-59-48.jpg,NC18057
2024-01-31 13-52-54.jpg,FNG3652
2023-08-28 19-58-51.png,SGNA56973
2023-12-16 04-20-08.jpg,LX71023
2023-05-14 21-13-26.jpg,MF13477
2022-03-16 00-34-18.jpg,545859
2023-08-30 17-01-34.png,74793MPHK
2023-09-02 23-12-54.png,WGYZ02392
2023-08-29 16-00-59.png,7L438HPKL
2022-02-25 06-10-11.jpg,S1U5484
2022-08-18 11-58-20.jpg,NCOX8252
2024-09-23 20-58-47.jpg,TPRA09
2024-11-23 15-45-58.jpg,NCMAF2I3
2023-08-30 15-34-34.png,61G9062
2023-08-29 14-03-44.png,6KPKAR0008
2023-08-29 05-48-11.png,5915506
2023-08-30 11-19-44.png,PG4
2023-08-29 10-00-35.png,W50129865
2023-08-29 04-00-42.png,L0SGCAC958
2023-08-29 08-32-32.png,RAGK59940
2023-08-28 21-01-57.png,HPCBA4516
2023-08-29 05-45-07.png,KPCAF9583
2023-08-29 14-43-42.png,CPPG52880
2023-08-29 15-46-22.png,5176123AID
2023-08-29 08-25-35.png,00NPPB53645
2023-08-30 08-45-14.png,HPKEF2652
2023-08-29 10-35-03.png,FPKYG4233
2023-08-28 20-42-00.png,VPCAW1260
2023-08-30 17-27-50.png,REVIEW_NEEDED
2022-03-13 00-39-51.jpg,NMEUI333
2023-08-29 03-11-10.png,KPCAE8773
2024-06-17 17-54-52.jpg,XCF8267
2023-08-28 22-15-53.png,SGCAF7214
2023-08-29 14-03-29.png,KPPF55813
2023-08-29 17-43-53.png,NHPH59373
2023-08-29 15-33-08.png,8543
2023-08-29 10-14-34.png,EPCAR9641
2022-09-21 17-20-25.jpg,SPOC9576
2023-08-29 17-00-49.png,CPGO56805
2023-08-30 21-10-49.png,HPKL79661
2023-08-29 09-01-26.png,RPCBL7309
2023-08-30 09-14-43.png,SGPF55628
2023-08-29 14-32-14.png,5918991GOYOTA
2023-08-29 00-43-04.png,25232
2024-12-25 10-22-25.jpg,NCOE7005
2023-08-28 23-49-19.png,NCHW58927
2023-08-29 11-35-22.png,6598802
2023-08-29 10-47-53.png,20CPPJ7223
2023-08-28 19-38-13.png,REVIEW_NEEDED
2023-08-29 06-27-21.png,6589646
2023-11-04 06-50-44.jpg,NAPRE8326
2023-08-29 02-57-01.png,ACBF5751
2022-02-10 14-58-08.jpg,SPKYO70O
2023-08-29 18-14-20.png,5813846
2023-08-28 16-21-04.png,REVIEW_NEEDED
2023-08-28 16-15-27.png,2NMVQL00050
2023-08-29 01-00-46.png,SPGVL0785
2023-08-29 09-54-26.png,SPKV76550
2023-04-27 03-23-52.jpg,9BZZ307
2023-08-29 15-57-02.png,MPKX20884
2023-08-30 20-52-55.png,6351783
2022-02-02 19-01-05.jpg,SP004021
2024-12-01 13-26-08.jpg,MNRE9604
2023-08-29 16-42-03.png,UP5325870
2024-12-18 01-55-58.jpg,DMYB544
2022-05-24 22-00-14.jpg,NCDN52E6
2024-11-28 06-23-30.jpg,7809164
2022-07-24 12-50-26.jpg,NCJTA7062
2023-08-30 15-30-52.png,NHPF59702
2024-02-14 11-35-38.jpg,SPQTR4783
2023-08-29 15-04-22.png,12525518
2023-08-29 15-42-25.png,TOTC1A5852235
2023-08-28 22-45-51.png,LCAX6999
2023-08-30 15-46-37.png,REVIEW_NEEDED
2024-08-20 00-16-01.jpg,SL3549
2023-08-29 17-27-44.png,20WPHF59562
2022-06-20 23-55-08.jpg,NMRJ3674
2024-04-27 17-26-11.jpg,014281
2023-08-29 15-34-42.png,REVIEW_NEEDED
2023-09-02 22-59-38.png,0NWND20129
2023-08-29 09-15-07.png,HPKS56821
2023-04-04 12-50-04.jpg,MYSQ0G5
2023-08-29 15-42-31.png,2500363
2023-08-30 10-08-56.png,WPGS70620
2023-08-28 21-07-10.png,WPNA27951
2023-08-30 17-13-18.png,58
2023-04-17 20-09-55.jpg,NMUNI924
2024-03-15 21-52-28.jpg,N7CY3488
2023-08-29 10-03-46.png,SPCAP7608
2024-09-17 07-25-37.jpg,NTN9270
2023-08-29 14-56-26.png,HPKAF4797
2023-08-28 22-08-27.png,NCAD2717
2024-01-31 00-04-13.jpg,JC6056
2022-01-26 21-51-49.jpg,N7S402
2023-08-28 16-24-38.png,SGCAM0825
2023-08-28 21-00-41.png,HPCAH2559
2023-09-03 00-08-58.png,0HPCAS
2023-09-02 22-58-18.png,EPCAH8580
2023-08-28 20-37-59.png,NPGY50255
2023-08-29 14-48-09.png,55652070
2022-10-15 22-43-52.jpg,CP3326
2022-02-07 11-29-24.jpg,CPOC7045O
2023-08-30 09-24-30.png,32554760
2023-08-29 15-44-55.png,26HPKI1017
2023-08-28 21-52-59.png,PPF79624
2023-08-29 05-51-09.png,1380
2022-11-30 17-38-19.jpg,NCB15898
2023-08-29 07-31-20.png,MPPI7002
2024-08-26 22-46-22.jpg,EP0502667
2023-08-29 18-00-13.png,SGYF59671
2022-06-12 00-28-23.jpg,IJR0942
2023-08-30 16-05-25.png,HPPI52498
2023-08-29 10-06-39.png,TE5473603
2023-08-29 02-42-35.png,5622055
2023-08-29 15-26-13.png,SKG7UNP
2023-08-30 18-26-51.png,HPABL221
2023-08-29 12-50-51.png,25CPAAF4210
2023-08-29 17-51-31.png,PC39328
2023-09-02 23-10-23.png,NPPE56261
2023-08-30 16-28-46.png,KPNC58091
2024-03-06 03-19-54.jpg,HPUXN9432
2023-09-18 05-42-30.jpg,SL4468
2023-08-28 19-08-13.png,5CAU2677
2023-08-29 00-31-50.png,SGQR20572
2023-08-28 16-04-06.png,25327879O80TA
2022-02-25 12-37-31.jpg,NMLTC3987
2023-09-02 23-07-03.png,REVIEW_NEEDED
2023-08-29 12-52-51.png,SPKM51366
2023-08-29 08-52-57.png,R24
2022-08-13 23-38-06.jpg,REVIEW_NEEDED
2023-08-29 11-07-41.png,MKVA0LLQ
2023-08-29 16-44-19.png,SPCAW2698
2022-03-14 06-43-00.jpg,C42244
2023-08-02 00-10-06.jpg,CPQOC2298
2023-08-29 14-27-16.png,UHHR
2024-02-13 04-34-55.jpg,MPPKJIBOO
2022-07-02 04-20-18.jpg,KIR997
2024-07-18 19-07-09.jpg,6021598
2023-08-29 09-02-03.png,RPCBC4422
2023-08-29 10-12-16.png,HPPK50025
2023-04-02 15-40-34.jpg,JXC8789
2022-02-04 22-03-24.jpg,EPNYS61S3
2023-08-28 22-16-38.png,HPCAV3302
2023-08-29 08-54-36.png,HPHF57941
2023-08-28 22-42-03.png,HPJA27528
2024-03-12 02-52-50.jpg,NWKPP4785
2023-08-28 23-28-23.png,1542921
2023-08-19 17-38-21.jpg,FYRG5J
2023-08-29 16-39-49.png,KPQD57735
2023-08-29 08-36-19.png,HPPD52701
2023-08-29 15-59-07.png,REVIEW_NEEDED
2022-02-07 05-47-46.jpg,EZG5O0
2023-09-02 22-58-42.png,UKN51502
2023-08-29 09-50-29.png,HPLHI0567
2024-09-26 12-02-25.jpg,0222
2023-08-29 15-50-30.png,KPLH51438
2023-08-28 20-28-01.png,WPCAR8150
2022-01-20 02-08-57.jpg,9G3232
2023-01-13 12-08-24.jpg,ZV4016
2023-08-29 17-44-20.png,4
2023-08-29 17-05-03.png,BABA1410
2023-09-13 02-06-52.jpg,CPXKU5642
2023-08-28 20-00-19.png,194670
2022-07-11 11-24-28.jpg,NV09983
2023-08-30 09-10-08.png,EPCBE9253
2022-07-29 22-22-45.jpg,090746
2023-08-29 09-47-04.png,HPCAS3582
2023-08-30 08-47-22.png,REVIEW_NEEDED
2023-08-29 01-11-20.png,HPCAC9873
2022-05-08 18-23-38.jpg,JP5822
2023-09-02 23-56-44.png,8311
2023-08-28 23-23-57.png,UKL30858
2023-08-29 07-15-55.png,5654514
2023-06-08 19-22-00.jpg,XRO126
2024-02-23 12-23-40.jpg,EPJ018767
2023-08-28 20-38-51.png,REVIEW_NEEDED
2023-04-22 06-41-50.jpg,XMG891
2023-08-28 22-06-13.png,5353863
2023-08-28 21-47-58.png,KFCAU4249
2023-08-29 03-14-32.png,CPPG73503
2023-08-29 10-19-00.png,HPKPR2764
2023-12-20 10-15-56.jpg,SPLUE3945
2023-08-29 06-21-30.png,WPNC55405
2023-08-28 20-27-08.png,LA0D
2022-05-21 11-03-21.jpg,NCMSL5I29
2022-05-22 07-57-48.jpg,CFFS1673
2022-07-14 08-24-23.jpg,MTEB403
2023-08-29 17-09-12.png,FABA1410
2023-08-29 02-06-51.png,CPKVJ9578
2022-06-22 19-47-57.jpg,WPNC55IS
2023-06-16 17-54-20.jpg,MPF07677
2022-10-11 07-12-37.jpg,Q08083
2023-08-29 15-49-36.png,NCCBI6654
2023-07-08 00-26-07.jpg,0409304
2023-08-29 14-22-21.png,SKOF2118
2023-08-29 01-48-59.png,NKCAFG379
2023-08-28 19-18-01.png,PCAJ7018
2023-08-29 09-42-22.png,HPCAQ0080
2023-08-29 05-33-55.png,HPCAK7779
2023-08-30 09-54-02.png,HPCAU852
2024-10-03 03-18-30.jpg,VJL8379
2023-01-13 18-04-05.jpg,NCSLM9364
2023-08-29 15-13-05.png,UP5620027
2023-03-03 15-15-31.jpg,NNA3573
2023-01-06 22-20-51.jpg,Y7724
2023-08-30 17-07-09.png,6SPJA57463
2023-08-30 15-35-04.png,IAIUL
2023-03-11 13-48-21.jpg,KH7336
2023-08-30 08-37-32.png,W
2024-10-07 09-21-05.jpg,T04345
2023-01-09 09-57-36.jpg,TR6977
2023-08-29 02-36-15.png,HPKI53414
2023-08-28 22-24-33.png,0HPKO58525
2023-08-29 08-50-17.png,NHCAP4934
2024-02-08 22-10-31.jpg,IP1753
2023-08-28 16-15-17.png,2NXYQ0050
2023-08-29 17-39-14.png,REVIEW_NEEDED
2023-08-29 08-50-12.png,CBJ6361
2023-08-28 19-12-56.png,5322825
2024-06-24 01-06-00.jpg,MNPES3S3
2023-08-29 10-17-49.png,REVIEW_NEEDED
2023-08-28 21-34-22.png,KPCAG2087
2023-08-29 11-02-20.png,0HPKG50244
2023-08-29 09-06-34.png,HPCAT0052
2024-01-04 23-21-55.jpg,QDE3897
2023-08-29 10-35-26.png,573560
2023-08-29 10-42-38.png,HPPE53143
2024-12-22 20-22-53.jpg,SPT00530
2022-02-12 13-11-34.jpg,049322
2023-08-28 21-40-04.png,C1G0727
2023-08-29 14-46-04.png,HPDAE5392
2023-08-07 06-59-07.jpg,MFEN9S76
2023-08-29 01-45-59.png,25101822
2023-08-29 10-45-08.png,NHPD51797
2023-08-28 16-16-01.png,KPAAS7561
2023-08-29 03-11-52.png,MPAAN5227
2023-09-02 23-40-30.png,NPPD58628
2023-08-29 15-26-30.png,5973651
2023-08-28 19-44-39.png,4BLLO
2023-08-29 03-51-45.png,CAH9511SP
2023-08-29 02-19-39.png,WPCAZ4845
2022-08-29 03-51-15.jpg,QR0060
2023-08-29 09-56-58.png,HPKH267342
2023-08-30 18-28-07.png,VI3854KA
2023-09-03 00-09-50.png,ENDI0122
2023-08-30 16-31-03.png,625411
2023-11-29 19-23-53.jpg,CPXER4234
2023-08-29 07-38-15.png,HPCAQ0704
2023-12-10 10-59-42.jpg,SPNSC7663
2023-08-29 06-11-50.png,SPCBB1674
2023-08-29 10-29-33.png,HPCAX6022
2023-01-14 14-54-37.jpg,CPYNS23J5
2023-05-09 03-30-31.jpg,SPHJ6328
2023-08-29 14-45-18.png,SPCA6125
2023-08-29 07-49-44.png,HPPIF7002
2023-09-02 23-31-09.png,40GLJ0676
2023-05-24 08-08-07.jpg,NCJG6893
2023-09-02 23-16-23.png,WKT0761
2023-08-29 08-27-59.png,545
2023-08-28 21-07-59.png,EPCAX6292
2023-08-29 09-42-54.png,PPE57276
2022-02-19 10-46-55.jpg,EPETHG946
2024-01-13 20-20-02.jpg,FV6236
2023-08-08 17-02-11.jpg,LUT4322
2023-11-14 14-35-12.jpg,L07070
2023-08-29 00-24-29.png,KPKE5270
2023-06-19 13-23-15.jpg,SPAP4933
2022-01-25 22-53-10.jpg,EPH09169
2022-08-17 15-25-28.jpg,CPGE6383
2023-12-13 00-39-10.jpg,042851
2023-08-30 16-43-38.png,HPPH26584
2023-08-29 05-46-44.png,S4T7796
2023-08-30 08-53-59.png,WPDAE5392
2023-08-29 10-37-31.png,EPGR37324WUS
2022-03-25 02-05-32.jpg,DNMQ43
2023-08-29 03-45-50.png,UIDZ4578
2023-08-30 17-35-07.png,REVIEW_NEEDED
2022-06-24 17-46-48.jpg,SPR03909
2023-08-28 22-06-43.png,HPGZJ8389
2023-05-22 13-49-25.jpg,AIEO728
2022-12-24 13-19-16.jpg,EP1C9O57
2023-08-29 14-54-42.png,REVIEW_NEEDED
2024-09-15 01-51-42.jpg,8P3673
2023-08-28 22-20-20.png,HFPB29641
2023-08-30 15-03-36.png,OG1F1283
2023-08-29 18-56-54.png,WPCAG8851
2023-08-30 16-44-49.png,57J8324
2023-08-28 20-52-31.png,0KN56188
2023-08-29 17-45-57.png,HAAV6538
2023-08-29 06-29-37.png,0SPCAN6503
2023-08-28 16-24-04.png,CPGP58084
2024-02-15 23-22-50.jpg,YC2357
2023-08-29 16-15-47.png,HPPD33732
2023-08-29 04-10-29.png,157285
2023-08-29 10-36-32.png,APCA16357
2023-08-29 08-07-06.png,CPIGN56837
2023-08-29 07-12-27.png,5720331
2023-09-02 23-57-18.png,CPKH079975
2023-08-29 04-01-42.png,KPPF57831
2023-08-29 02-16-46.png,NKAAC8129
2024-11-22 01-19-33.jpg,SPTEX90IJ
2023-10-22 01-33-44.jpg,040016903
2023-08-29 09-36-18.png,MPCBD2006
2024-09-09 02-42-00.jpg,YPTEQ49
2023-08-29 10-31-05.png,162950
2023-08-28 19-39-26.png,25252904
2023-08-29 00-44-05.png,EFCAO2997
2023-08-29 07-21-51.png,2SGAAA6402
2023-08-29 06-24-40.png,NPGZE3232
2023-08-28 16-05-44.png,EPCBJ4236
2023-08-29 08-50-37.png,NNG55650
2023-08-28 20-39-22.png,HFPK25011
2023-03-01 12-40-54.jpg,NCYE2136
2023-08-29 07-45-48.png,REVIEW_NEEDED
2023-08-29 05-04-09.png,SGKN79055
2023-08-28 23-50-54.png,EPPE58299
2023-08-29 15-27-37.png,HPKM59268
2023-08-30 17-51-54.png,WPPI79930
2023-08-28 20-50-46.png,2503410
2023-08-30 14-06-52.png,FPCBJ8806
2023-08-29 10-48-42.png,HPCAG3610
2023-09-03 00-03-20.png,ICAG9841
2023-08-29 12-39-22.png,REVIEW_NEEDED
2024-08-04 12-07-52.jpg,R3495
2023-08-28 19-48-43.png,V3I54BJ
2023-09-19 15-45-54.jpg,HHBS7OI
2023-09-02 23-25-09.png,EPPA2030
2023-11-10 09-45-21.jpg,CPJR9876
2023-08-29 18-04-47.png,REVIEW_NEEDED
2023-08-29 06-34-57.png,IEPCBI3465
2023-08-29 10-40-37.png,VPPB52894
2023-08-29 00-40-20.png,RPCBA2379
2023-08-29 15-08-26.png,6CEH6GO
2023-09-02 23-35-48.png,MPKNR9824
2024-02-02 23-00-55.jpg,EPDHI23
2023-08-29 10-30-25.png,SPCBK0289
2023-08-29 10-09-17.png,HPKN72010
2022-05-30 21-27-46.jpg,NRTYB54
2023-08-29 15-38-02.png,655518
2023-08-30 09-45-28.png,HPKO37311
2024-04-25 20-33-08.jpg,ATX6607
2023-09-02 23-37-32.png,GECAL1889
2023-01-28 20-24-09.jpg,NNR05483
2023-08-29 07-15-59.png,HPGJ51370
2023-08-29 06-09-42.png,30
2023-08-28 21-22-55.png,25025222
2023-08-29 12-34-05.png,GPKU59027
2023-08-29 08-10-47.png,RGN4714
2024-02-17 21-47-10.jpg,CZ2257
2022-02-05 20-52-31.jpg,SPWKX8776
2023-08-29 00-20-27.png,KPGZJ8389
2023-09-02 23-36-49.png,8312
2023-08-29 04-59-50.png,CAS7581
2023-08-28 19-49-27.png,APCBA0185
2023-08-29 01-51-11.png,WPCAB1087
2024-01-18 09-22-54.jpg,BE74274
2023-08-29 14-50-35.png,08PJF6092
2023-08-29 14-39-57.png,0NPPB52817
2023-08-29 16-01-57.png,HPPE558351
2024-11-02 06-16-06.jpg,N0A15785
2023-02-16 16-49-57.jpg,EPI73
2023-08-29 08-03-04.png,5735609
2023-08-30 10-06-39.png,V5978531
2023-08-29 00-45-26.png,YC54722
2023-08-29 02-46-36.png,NC3443
2022-01-15 19-56-01.jpg,JR05333
2023-08-29 10-07-35.png,AFGG28658
2024-12-06 13-04-52.jpg,RKC2936
2022-09-07 03-15-14.jpg,EPKT9032
2023-08-29 14-21-53.png,CAU4946
2023-08-28 20-44-38.png,NWLAL0E
2022-05-30 17-58-16.jpg,NCABX4259
2023-08-28 23-03-43.png,NPPB56286
2023-08-28 22-09-02.png,YC2273
2023-01-31 12-45-29.jpg,7809058
2022-02-08 10-58-32.jpg,EPKCD4472
2023-06-21 11-42-44.jpg,02ZG0377
2023-08-28 19-22-16.png,HPPC14842
2023-08-28 23-08-50.png,KPCAA9982
2023-08-29 09-09-12.png,CPCAD6688
2022-02-01 18-09-49.jpg,0J9332
2023-08-29 06-50-53.png,HPCAB4202
2023-08-29 07-01-03.png,2PEJ4089
2024-02-19 21-24-44.jpg,BR2766
2023-08-28 23-19-52.png,55035548
2023-08-29 07-21-49.png,2SGPAAA6462
2023-08-30 17-05-27.png,HPCBJ1877
2023-09-02 23-08-28.png,S6CAA0584
2023-08-29 06-46-56.png,HPPK57583
2023-08-30 09-20-29.png,REVIEW_NEEDED
2023-08-28 23-28-22.png,HPKUJ5036
2023-08-30 10-03-01.png,HPPS55216
2023-08-29 18-00-07.png,EKKL7812
2023-08-29 03-28-55.png,IQJZ3127
2023-08-29 05-50-57.png,CPCAC2747
2023-12-06 21-22-59.jpg,406331
2023-12-09 06-29-13.jpg,EEW2823
2023-08-30 16-56-35.png,REVIEW_NEEDED
2023-08-28 23-13-05.png,IPYRZ1827
2023-09-03 00-07-14.png,WCAC7221
2022-05-10 13-08-46.jpg,NCW4053
2023-08-29 01-38-41.png,SGPG58157
2024-03-20 17-12-37.jpg,NMASD2122
2023-08-29 08-40-14.png,HPCAU6671
2023-08-29 01-18-53.png,SPCAW9709
2023-08-28 21-23-15.png,WPCBE7775
2022-07-06 04-31-23.jpg,MFO437
2023-08-30 21-07-37.png,HFCAB8842
2024-02-24 06-03-07.jpg,L78299
2023-08-29 07-04-35.png,HEKA50252
2022-10-07 20-56-15.jpg,EP4J3050
2022-04-23 07-40-41.jpg,LE7163
2023-08-28 23-59-51.png,NPHB22258
2023-02-17 01-34-59.jpg,NC70257
2023-08-28 16-14-03.png,MQU54860
2023-08-28 19-25-09.png,NXPF51692
2024-05-12 14-11-46.jpg,NN6626
2022-10-06 02-05-57.jpg,CPG23999
2023-08-29 08-43-31.png,UWPDAE5392
2023-08-29 02-40-47.png,PCO22852
2023-08-28 22-14-27.png,56QHZ2124
2023-08-28 23-55-22.png,5329772
2023-08-30 21-10-03.png,SPCBG0993
2024-06-26 17-54-29.jpg,WPMEZ5946
2023-08-30 10-26-12.png,YE557861
2023-08-29 07-47-00.png,HPPG51470
2022-12-30 09-25-06.jpg,MPSSV49S3
2023-05-25 22-10-27.jpg,SPHVK6O69
2023-08-28 21-57-01.png,PCBK89336
2023-08-29 04-02-43.png,MPVQ773561
2023-08-28 20-21-52.png,S6CAD9672
2024-05-09 09-26-37.jpg,NCZL5329
2023-06-16 02-17-44.jpg,L777497
2022-01-14 03-10-47.jpg,YC3535
2024-08-21 10-28-52.jpg,XLCO12Z
2022-04-16 18-26-59.jpg,CPTSF4420
2023-08-29 14-17-38.png,SPCAU8481
2022-11-14 05-02-18.jpg,EK2I47
2023-09-02 23-05-58.png,MPHY58485
2023-08-29 16-44-42.png,925240611
2023-08-29 14-53-08.png,MPPEG2945
2023-08-29 17-27-33.png,EABA1G10
2023-08-30 17-52-36.png,CPCAK32627
2023-08-29 03-58-31.png,AAY3453HP
2023-08-29 04-47-56.png,NHAAQ5076
2023-09-02 23-11-03.png,WPCAH7001
2023-09-02 23-12-09.png,MCGDZ5390
2022-02-19 07-40-03.jpg,SP1J7364
2023-06-15 10-51-48.jpg,EEN94
2022-11-01 07-05-40.jpg,CP7Z3063
2024-11-05 04-03-22.jpg,CPJFB2323
2023-08-29 00-00-46.png,37273
2023-03-07 14-04-17.jpg,MF0356
2023-08-28 16-21-01.png,REVIEW_NEEDED
2024-06-28 05-06-33.jpg,JR5281
2023-01-14 14-23-21.jpg,BF0857
2024-01-05 01-04-49.jpg,CP0Q6291
2023-08-29 18-10-01.png,CPKJ56768
2023-08-29 09-38-44.png,HPKM57482
2023-08-30 09-20-19.png,5CPABT2345
2024-09-08 22-14-40.jpg,NCREDTS
2022-07-11 21-17-51.jpg,FY1225
2024-07-01 19-57-50.jpg,YNY2083
2023-08-30 20-47-38.png,HPKR524
2023-08-29 01-19-01.png,KPGK20216
2023-04-07 09-53-56.jpg,RP4555
2022-05-28 11-35-39.jpg,MPEI44B9
2022-02-16 10-10-38.jpg,CPPVY83O1
2023-08-29 10-21-01.png,KPAAR417
2023-09-24 12-19-28.jpg,PK8234
2022-10-10 06-27-07.jpg,EPDK6843
2023-10-08 00-46-51.jpg,L0Z8605
2023-06-18 01-19-31.jpg,NZE6989
2023-08-29 00-24-48.png,HPPLI5Z000
2024-09-25 04-53-12.jpg,0216339
2024-10-24 01-58-31.jpg,CPIJBD99
2023-08-29 17-09-19.png,FABA1410
2023-08-29 08-40-40.png,YKPIGX25463
2023-08-28 20-22-03.png,KPCAJ4043
2022-11-02 09-35-36.jpg,NKVB6856
2023-08-29 02-27-37.png,1983
2024-01-10 05-09-25.jpg,F17045
2023-04-30 22-01-11.jpg,FR4005
2023-08-29 09-47-40.png,NPPI54323
2023-08-29 12-59-32.png,HPCAO2284
2023-08-30 10-29-15.png,225124680
2023-08-28 22-06-53.png,8NCE2273
2024-09-18 23-13-57.jpg,WP0JB3049
2023-08-29 11-16-13.png,WPCAH7038
2022-02-13 02-13-46.jpg,5F16662
2024-01-12 12-48-38.jpg,LDA467B
2023-08-29 10-58-49.png,HPKYZ4142
2023-08-29 02-38-45.png,MPABC6498
2024-05-09 21-52-55.jpg,SPSM2O64
2023-08-28 20-26-31.png,WPAA036
2023-08-28 21-26-51.png,REVIEW_NEEDED
2023-08-29 15-34-53.png,REVIEW_NEEDED
2023-08-29 00-42-59.png,WPCAW3298
2023-08-29 01-35-57.png,5751BZA
2024-02-04 18-17-17.jpg,TFG7430
2022-05-31 19-33-12.jpg,EPP1979
2023-09-02 23-44-35.png,HPCAU8182
2023-08-29 06-44-46.png,IPCBG5683
2023-08-29 14-49-53.png,5470495
2023-08-30 08-57-27.png,NI
2023-05-25 00-11-25.jpg,NCZVFSI73
2023-08-29 03-34-16.png,25247479
2023-08-29 15-46-34.png,25215786
2024-01-18 04-21-38.jpg,SPPZK7747
2023-08-30 16-34-05.png,XPPE52945
2024-12-04 02-21-12.jpg,CPDSFI579
2022-03-30 23-17-14.jpg,SPILC3I02
2023-09-02 22-56-13.png,SPPG4344
2024-07-27 08-17-12.jpg,MPC078254
2023-08-30 16-26-07.png,NKAAC348
2023-08-29 00-58-14.png,CAM2104CP
2023-08-29 01-05-16.png,MPCAS8823
2023-08-29 02-03-23.png,WCAS0654
2023-08-29 14-07-38.png,30764
2023-08-29 00-12-51.png,MPKX0393
2023-08-29 06-59-54.png,HP50D5402
2022-02-28 06-27-01.jpg,CHV9706
2024-11-21 03-08-27.jpg,0UT8564
2022-11-10 15-25-46.jpg,L74595
2024-07-22 18-18-31.jpg,LICI7Q
2023-08-28 21-20-13.png,SGPJF7511
2023-08-29 01-01-36.png,25ESIK
2022-03-29 17-38-11.jpg,T70299
2023-06-01 07-52-55.jpg,SPYUI7462
2023-08-29 17-09-23.png,6351817
2024-04-22 17-18-21.jpg,NMBK5875
2023-07-07 04-21-09.jpg,8JG9B77
2023-08-28 23-17-48.png,RPJ45
2023-08-28 21-39-06.png,AUTODOGR
2023-08-29 06-32-39.png,DKY54233
2023-08-29 10-48-12.png,HPKQ53472
2023-09-02 23-26-30.png,NPPE27307
2023-08-28 22-50-46.png,HPCAF8699
2023-08-29 08-28-15.png,EPPH52738
2023-08-29 03-25-06.png,152FP800
2023-07-07 02-35-09.jpg,SPB12538
2023-08-30 15-22-35.png,NPPE57224
2024-02-24 03-35-24.jpg,K26097
2023-08-29 18-06-45.png,WPPH75546
2022-04-22 12-22-31.jpg,PGRO344
2023-08-29 10-48-43.png,RPBEELT21
2023-08-29 04-58-27.png,TPCBC7078
2023-08-28 23-55-52.png,NPGAI4821
2023-08-28 23-01-03.png,57293064STO
2023-08-29 14-24-05.png,06WPCAR1776
synth_00005.jpg,0C9082
2023-08-28 21-12-56.png,YII0927UP
2023-08-29 18-07-30.png,WPCAW7054
2023-08-29 16-18-53.png,KAAAO0046
2024-01-03 22-50-54.jpg,0T7522
2023-09-25 04-33-31.jpg,CVG6O63
2023-08-29 15-23-41.png,KEGV2414
2023-08-29 02-11-47.png,1NPPF50686
2024-01-09 05-21-04.jpg,TY819
2023-08-29 07-48-21.png,FPPA54014
2023-08-29 04-47-23.png,NAAQ5076
2022-03-16 11-50-19.jpg,CP4199T7
2023-08-29 15-53-19.png,MKTG6712
2024-09-13 21-44-34.jpg,EZ248
2023-08-30 16-18-25.png,HPPG58562
2022-03-23 21-20-38.jpg,JA8407
2023-08-28 23-20-29.png,MKM5I762
2023-08-28 20-03-40.png,HPABL1993
2022-03-26 03-51-57.jpg,SSH69OO
2023-09-02 22-59-54.png,SP25021258
2023-08-28 22-42-22.png,NCQUL1086
2023-08-29 03-29-36.png,IFQJZ3122
2023-08-30 18-33-53.png,PA71552
2023-12-25 02-18-12.jpg,GS2000
2023-08-29 14-37-47.png,25322027
2023-08-29 08-59-58.png,463US
2024-09-13 16-12-41.jpg,CN8764
2023-08-30 16-16-31.png,0MPCBJ3482
2024-10-15 16-34-40.jpg,SHL8E84
2023-10-22 02-27-08.jpg,SPLCX3587
2024-03-22 06-56-33.jpg,MPAT4086
2024-01-14 10-29-18.jpg,EPC303942
2023-09-02 23-06-07.png,GPF52257
2022-03-21 03-20-51.jpg,EPHJ2578
2023-08-29 14-09-21.png,KPQUZ7476
2023-08-29 06-54-18.png,SPPD520011
2023-08-29 00-51-44.png,CP25055578
2023-08-29 00-46-37.png,PEJ9373SP
2023-08-28 22-14-12.png,NRCBF0192
2023-08-29 15-58-53.png,REVIEW_NEEDED
2024-08-31 03-08-14.jpg,CPSV7521
2023-08-29 04-13-35.png,ICPYPZ7462
2023-08-28 23-12-37.png,MPYR21827
2023-01-22 18-21-08.jpg,CPLSRJG04
2023-08-29 02-52-55.png,NPHGJ1765
2023-08-29 05-06-38.png,4KPCAW3626
2023-08-29 18-46-41.png,WPPG57721
2023-08-30 16-38-44.png,KPPE59968
2023-08-30 17-54-36.png,MUE
2022-01-26 11-41-06.jpg,CPBP8960
2022-09-01 12-31-52.jpg,NWZDC5420
2024-09-17 18-00-43.jpg,4T927
2023-08-30 20-37-51.png,REVIEW_NEEDED
2023-08-29 06-50-02.png,HPCAX9817
2023-08-29 06-25-47.png,NKCBE5543
2023-08-29 07-11-43.png,NPHB51474
2023-08-30 15-36-54.png,595438
2023-07-18 21-47-03.jpg,EP12398
2024-10-09 04-30-07.jpg,CPEC5527
2023-08-30 14-08-41.png,NYDAH6460
2023-08-28 19-53-25.png,FTPA52522
2023-08-29 02-46-41.png,CPYD28430
2023-08-28 19-08-04.png,CPPJ45482
2024-05-18 20-33-34.jpg,MPAE5427
2023-08-29 15-04-55.png,59189917O7BA
2023-08-30 20-39-15.png,858250E
2023-08-29 08-50-25.png,RPPI53092
2024-07-15 21-28-21.jpg,JAC8108
2023-08-29 07-40-28.png,2KPPC54361
2024-08-12 08-31-43.jpg,NCF42720
2023-09-03 00-11-48.png,HNB58764
2023-08-29 17-24-03.png,BABA1410
2023-08-30 16-04-17.png,54J8394
2024-02-05 08-18-12.jpg,PH3524
2023-08-28 19-32-26.png,HPPI53172
2023-08-29 10-27-11.png,HKT37138
2022-12-05 22-00-38.jpg,00798
2024-01-05 15-54-34.jpg,SPYVQ5567
2023-08-29 14-14-14.png,REVIEW_NEEDED
2023-08-30 09-46-03.png,HPCAS5411
2022-10-23 01-07-07.jpg,NKVIZ26
2023-08-29 01-57-20.png,NPCAY9458
2023-08-29 05-51-38.png,UAAZ2723
2023-08-30 09-43-13.png,KPCBF7265
2023-09-03 00-05-28.png,SPCAZ1021
2023-08-29 10-28-32.png,RPPGI5267
2023-08-29 14-05-11.png,NPNA30757
2024-02-11 19-48-23.jpg,MPFN0995
2023-08-29 12-25-14.png,CPAAR9287
2023-08-25 08-45-19.jpg,MPARIG81
2023-08-28 22-24-21.png,NKCAW5362
2022-11-02 20-14-18.jpg,NHMA4633
2023-08-29 18-18-36.png,REVIEW_NEEDED
2022-07-14 15-20-38.jpg,NMPUF3323
2023-08-30 17-48-34.png,SPPH59262
2023-08-29 08-33-13.png,HPDAF0313
2023-08-29 18-01-26.png,5852778
2024-04-25 10-41-30.jpg,N0X2676
2023-08-29 05-33-33.png,HPCAD46721
2023-08-28 21-23-43.png,KCBMG114
2023-08-29 02-43-23.png,SPPA20615
2023-08-30 15-14-09.png,RPBFH224Z
2024-01-15 05-24-29.jpg,ECD9408
2023-08-30 17-57-34.png,RAPC54642
2023-08-30 16-22-11.png,CPPAF6478
2022-06-28 10-06-36.jpg,EPSL12267
2023-08-28 19-53-34.png,HFKE75511
2023-08-29 16-09-57.png,32501429
2023-08-29 17-56-12.png,4WPCAH8942
2023-08-29 02-08-47.png,5951579
2024-04-29 12-42-15.jpg,RYH3247
2023-08-28 20-54-49.png,38B6K33
2024-05-01 19-08-47.jpg,F705
2023-08-29 01-42-44.png,REVIEW_NEEDED
2023-08-27 21-50-29.jpg,MPWH5860
2024-12-09 12-10-32.jpg,EPPMVIGO9
2024-06-17 20-07-20.jpg,005152
2023-08-28 23-39-08.png,509108
2023-08-29 16-37-58.png,CPCAL9736
2023-08-28 21-35-28.png,HPCAD9116
2023-08-29 03-40-45.png,1NBJ1963
2024-11-25 04-11-08.jpg,Z6X2502
2023-04-10 14-58-21.jpg,L79704
2023-08-29 02-46-06.png,CPYD28430
2023-08-29 06-05-13.png,HPCAH2635
2023-08-28 22-08-01.png,0NC42273
2023-08-30 08-50-16.png,SPGV51677
2023-09-02 23-08-05.png,CPAAP5754
2023-08-29 11-09-25.png,CPPE87528
2023-08-30 20-37-34.png,REVIEW_NEEDED
2023-08-28 20-09-36.png,KPCAN5000
2023-11-08 18-26-43.jpg,QL2457
2023-08-28 19-18-55.png,106PG8019
2023-08-29 08-35-39.png,HPDAE5392
2023-08-29 12-21-05.png,HPKNZ8517
2023-08-28 16-09-37.png,25153913
2023-08-29 11-57-33.png,EPPH56343
2023-08-28 16-09-49.png,25175962
2023-08-28 23-40-45.png,5035250
2024-08-15 02-43-43.jpg,NWYK9686
2023-08-29 00-53-16.png,LPPC55687
2024-11-15 19-48-16.jpg,YCI234
2023-08-29 01-04-57.png,54F1454
2023-08-29 14-56-33.png,SPGJJ0154
2023-12-16 01-11-54.jpg,CPRYI885J
2023-08-30 10-00-17.png,HPCAN6254
2023-08-28 22-52-03.png,530836
2022-01-26 16-01-32.jpg,462464
2023-11-05 20-20-50.jpg,PUK6503
2023-08-29 14-00-04.png,EP5624855
2023-08-28 21-39-44.png,6229534
2023-08-29 01-21-19.png,KPKRL9430
2023-08-29 01-20-34.png,NEBGH6470
2024-11-07 05-30-44.jpg,TP197
2023-08-29 09-13-46.png,HPA58173
2023-08-29 11-10-08.png,2EPKL78329
2023-08-29 06-59-40.png,CAX4402HP
2023-07-14 06-45-44.jpg,SPRI7876
2023-08-29 00-04-57.png,VW6243148
2023-08-28 20-19-10.png,EPC524
2023-08-30 16-25-31.png,6155119
2023-08-29 16-07-06.png,6010627
2023-08-28 23-11-29.png,NB01111
2022-05-31 15-03-14.jpg,ZGR2903
2023-08-29 09-56-54.png,HPKSE3261
2023-08-30 08-52-39.png,5828L8426
2023-08-28 22-02-38.png,HPCAY1200
2022-03-15 01-54-02.jpg,5P135863
2023-08-29 12-45-59.png,REVIEW_NEEDED
2023-08-29 07-30-26.png,5750892UMGE
2024-05-31 22-27-46.jpg,H78520
2023-08-29 00-05-27.png,CPPF53345
2023-08-30 17-48-06.png,NKX52721
2023-08-30 10-13-56.png,VEJ5786
2023-08-30 08-38-45.png,RCAA
2023-08-29 18-11-58.png,CPPAI8668
2023-08-29 15-55-07.png,RPPC54545
2023-08-30 15-57-49.png,S
2023-08-29 10-23-25.png,MPKTR7138
2023-08-29 15-18-45.png,BATW2
2023-07-09 23-54-25.jpg,018218
2022-09-06 12-30-48.jpg,HTM6732
2022-08-31 16-48-30.jpg,HPD70681
2023-08-29 15-49-47.png,44AAO0046
2024-10-07 16-43-00.jpg,CP73332
2023-08-29 16-41-25.png,20HPPJZ0021
2023-08-29 11-08-55.png,CPPL31787
2022-04-13 16-05-15.jpg,CPPSI957
2024-12-09 22-05-07.jpg,HP106467
2023-08-29 10-10-34.png,MPCAK6496
2024-02-15 23-10-36.jpg,05593
2023-08-29 17-06-24.png,KPKS70136
2024-04-02 21-12-06.jpg,RX2661
2022-12-25 17-39-02.jpg,CAN76I0
2023-06-12 04-46-15.jpg,MPNKO234
2024-01-04 03-20-06.jpg,RCMNOS32
2023-08-30 17-44-51.png,HPABG5881
2023-09-02 23-38-03.png,570206
2024-05-26 01-09-38.jpg,GS4493
2023-08-29 00-46-22.png,CPKT76225
2023-08-29 11-25-11.png,IBHY38318
2023-08-29 08-33-27.png,HPKX53530
2023-03-10 05-24-19.jpg,EPVUC7576
2023-08-29 14-53-03.png,2HPCAH6893ES
2023-08-28 19-23-47.png,NPPI1724
2023-08-29 15-53-46.png,86YB22526
2023-08-29 02-08-24.png,NHAAX1522
2023-08-28 23-15-46.png,56QHZ2123
2023-11-23 12-45-18.jpg,YOF5773
2023-08-28 23-36-17.png,S1PI8238
2022-05-22 05-58-00.jpg,SPYRY7361
2023-08-29 00-25-56.png,NCPE2076
2023-08-29 18-25-01.png,LABA1410
2022-11-04 20-50-46.jpg,RC53J9
2023-08-29 10-49-30.png,PF50574
2024-01-25 15-32-29.jpg,CPDG75070
2023-08-29 14-44-38.png,HPKH71162
2024-11-27 12-22-59.jpg,NHI8O12
2024-01-26 09-52-24.jpg,224483
2023-08-29 19-00-11.png,VPCAA1649
2023-09-03 00-12-09.png,HPGB5302
2023-12-15 13-17-36.jpg,MOLR082
2024-04-23 04-32-51.jpg,FH3OI2
2023-08-29 01-12-21.png,5757779
2023-08-28 20-09-18.png,SPHI72349
2023-08-29 10-58-18.png,CCAL4990
2023-09-02 23-24-06.png,SGKL76704
2023-08-29 09-33-43.png,QFBHT5795
2023-08-29 17-30-56.png,KPCAA2153
2023-08-28 21-32-08.png,ISPJNE55229
2023-08-29 14-46-19.png,HPPT2123
2023-08-29 02-03-06.png,MITSUDISH
2023-08-29 18-08-18.png,1
2023-12-23 23-13-42.jpg,EPRVY3021
2023-09-02 23-19-13.png,GPKR3234
2023-04-16 15-38-42.jpg,KQ8004
2023-08-29 11-00-22.png,MFCAJ0747
2023-08-30 15-27-42.png,KPPE55357
2023-08-29 15-59-59.png,2523586
2023-08-29 12-52-17.png,WM
2023-07-26 00-16-33.jpg,0203737
2023-05-08 17-22-35.jpg,EPPZVI602
2023-08-29 17-47-19.png,IPKY50397
2023-08-28 23-37-28.png,HPKI53414
2023-08-29 07-48-59.png,WPPH53365
2023-11-05 06-57-29.jpg,1L4044
2023-08-30 08-58-00.png,HPYNS5441
2023-03-22 16-36-57.jpg,NCGF7586
2023-04-24 10-25-09.jpg,SPSED6424
2022-03-03 00-47-31.jpg,NCP19430
2024-04-05 09-37-04.jpg,SPEB7127
2023-11-12 02-40-57.jpg,012J2
2022-05-22 03-13-08.jpg,SPNF2218
2024-05-09 11-15-24.jpg,8XO4529
2023-08-29 00-21-44.png,WPCAX2838
2023-08-29 09-01-57.png,CAJ8253HP
2023-08-29 09-19-40.png,FPB1026672
2023-08-29 00-07-01.png,FPCBD2457
2023-08-29 16-23-12.png,QO16267
2023-09-02 22-53-54.png,SPCAN0889
2023-08-29 15-39-09.png,LLEEHE
2023-08-29 10-25-47.png,SPCAY7256
2022-01-10 07-28-38.jpg,NCUV6OS
2023-08-29 00-31-01.png,5455605
2023-08-28 19-37-53.png,KPGB53701
2023-08-28 23-26-13.png,KPKX56443
2023-08-29 09-25-23.png,HPCAR8117
2024-01-10 03-59-44.jpg,CPTORQ
2023-03-12 02-28-49.jpg,EPJ0553
2024-05-29 22-44-05.jpg,C744977
2023-12-16 14-42-58.jpg,NCSRT9974
2023-08-29 02-26-34.png,WPPE54004
2023-08-28 23-59-23.png,NPGQG13897
2023-08-29 06-39-34.png,NWHF78837
2022-10-02 01-16-22.jpg,EL3674
2023-08-28 20-55-22.png,HPKAZ9327
2023-06-01 04-21-07.jpg,EPHE07553
2023-09-02 23-36-33.png,EPPC51214
2023-09-06 01-10-24.jpg,CP8F5824
2023-08-30 15-18-21.png,HPCAJ6893
2023-08-30 16-21-26.png,IPHD52450
2023-08-29 11-09-00.png,FEPBL0935
2022-05-30 15-11-43.jpg,J027494
2023-08-30 15-40-07.png,REVIEW_NEEDED
2023-09-24 10-09-15.jpg,1BW3307
2022-11-02 06-28-14.jpg,MP15469
2023-08-28 23-28-14.png,KFCAO1492
2023-08-29 17-17-33.png,REVIEW_NEEDED
2023-08-30 15-44-10.png,REVIEW_NEEDED
2023-09-02 23-51-56.png,PKH56269
2024-04-24 10-59-57.jpg,7073OI
2023-10-04 10-26-24.jpg,72809
2023-08-29 03-03-34.png,6T3982
2022-02-25 10-44-26.jpg,0XDJO
2023-08-29 07-29-07.png,2WPKQ26446
2022-07-02 01-08-26.jpg,CPIBY6644
2023-10-17 16-42-07.jpg,HM7897
2023-08-28 23-30-23.png,SPPD59644
2023-08-28 22-52-21.png,KPKW762071
2023-08-29 17-18-28.png,HPCBE8145
2023-08-29 00-51-20.png,EPKJ7616
2024-04-09 18-21-26.jpg,CP20405
2023-08-29 05-09-29.png,WYO8022
synth_00002.jpg,NCPSJ2590
2023-08-28 16-08-01.png,00CPKX28101
2023-08-29 06-48-10.png,2515559
2023-08-30 16-26-48.png,MPK56766
2023-08-29 01-31-34.png,HPCBC7551
2022-09-30 10-45-19.jpg,SPMP7I39
2023-08-29 06-57-08.png,NHCAB1223
2023-08-29 16-01-46.png,PAAV5652
2022-07-24 05-20-16.jpg,EE0767
2023-08-29 17-28-40.png,KCRBK6480
2023-08-29 14-45-57.png,VC28045
2024-08-05 05-54-38.jpg,Y13II9
2023-08-29 02-35-18.png,IPKMF4725
2023-08-28 21-40-03.png,5327730
2023-08-28 20-30-18.png,6528189
2023-08-29 03-13-51.png,25131932
2023-08-29 14-53-21.png,REVIEW_NEEDED
2022-01-12 15-20-28.jpg,RESSK2I4D
2023-09-26 00-54-31.jpg,RP10649
2024-02-11 14-01-24.jpg,VC7476
2024-11-14 13-16-42.jpg,MPHMCIS67
2023-08-29 03-28-15.png,16253148
2024-03-18 02-29-16.jpg,5E8962
2023-08-29 10-32-01.png,KPPC56018
2023-04-17 10-04-15.jpg,CP10488
2023-08-28 21-36-21.png,SPPG56399
2023-08-28 16-10-56.png,25218855
2023-08-29 11-34-18.png,NCAT2111
2024-10-02 22-23-36.jpg,QE5803
2023-08-29 01-50-36.png,KPKDJ2987
2023-08-29 02-22-57.png,EPABO8362
2023-08-29 17-01-33.png,22RFPH51136
2023-12-27 00-53-22.jpg,0ED5733
2024-03-14 18-04-14.jpg,MPG15994
2023-08-29 18-27-56.png,H250874115
2023-08-30 15-15-38.png,CAH0230
2023-08-29 01-49-24.png,SPGV584401
2023-08-28 21-43-26.png,O5GC
2023-08-28 23-13-53.png,NNCBJ8106
2024-06-04 08-29-47.jpg,EP0X2265
2023-08-29 02-41-07.png,WPCBL7377
2023-08-29 02-38-18.png,EPGF50804
2023-08-28 16-19-12.png,ERBCN4207
2023-09-02 23-49-02.png,SPCBY5353
2023-01-25 05-10-24.jpg,CPHA397
2022-07-29 09-29-56.jpg,EPOK7672
2023-08-29 16-11-19.png,REVIEW_NEEDED
2023-08-29 04-46-08.png,HPPD58778
2024-11-26 01-19-36.jpg,MNGX310
2023-08-30 16-43-05.png,HPDAE5322
2023-08-30 17-30-10.png,06HPCBJ2631
2023-08-29 02-17-29.png,5925506
2023-12-19 12-49-58.jpg,SPNN9992
2023-08-28 20-56-59.png,EEPCAX7512
2023-08-29 17-26-22.png,HPCBJ5321
2023-08-30 09-32-20.png,KPCAD0840
2022-07-10 04-57-15.jpg,MF2025125
2023-08-30 12-12-46.png,WRVRQADMSTR
2023-08-29 16-45-33.png,REVIEW_NEEDED
2023-08-29 02-14-18.png,HPCAT0652
2023-05-22 20-06-02.jpg,C44950
2023-10-04 06-02-55.jpg,CPHS03
2024-11-19 19-44-27.jpg,415927
2024-05-31 08-29-39.jpg,NCDP2222
2023-08-29 07-12-17.png,W25041027
2024-01-05 11-26-24.jpg,QRP3704
2023-08-10 07-58-58.jpg,NT9915
2023-09-02 22-54-14.png,WPPF58357
2023-04-10 02-55-52.jpg,SPDT8448
2023-08-10 11-50-51.jpg,MPJFISI9
2023-08-29 04-17-08.png,SPCBF1632
2023-08-30 10-24-02.png,8CPPC54738
2023-03-10 12-01-14.jpg,004886
2023-08-30 15-20-07.png,KPKH054676
2023-08-29 16-58-00.png,ILUBH
2023-08-28 23-39-56.png,NPPF50387
2023-08-30 15-59-56.png,KPCAX6022
2022-04-13 15-58-55.jpg,NCSNG6OE
2023-08-29 09-19-08.png,CPCBF4888
2023-02-12 17-40-13.jpg,MNKOSO1S
2023-08-30 20-31-13.png,HPCAA5374
2023-08-29 16-31-31.png,5624066
2024-07-22 18-26-36.jpg,CPYRW3245
2023-08-28 23-12-48.png,MPYRZ1827
2022-09-20 00-40-24.jpg,RT0893
2024-05-19 17-14-18.jpg,NCPAF3916
2023-08-29 09-12-23.png,584FTT1629
2023-08-29 15-40-27.png,25223495
2023-08-29 12-39-59.png,EPABG5765
2023-10-28 01-45-06.jpg,NCKS4894
2023-04-30 13-16-36.jpg,DR6030
2023-08-29 02-52-56.png,CF
2024-06-16 05-39-47.jpg,CPARK9333
2023-05-07 23-35-23.jpg,T8745S
2022-11-29 23-11-58.jpg,SPN011325
2023-06-09 10-41-51.jpg,JASIOIO
2023-08-28 20-57-58.png,NCPDE1151
2023-08-28 23-04-11.png,KPCAF1991
2023-07-12 19-18-00.jpg,MWNE5809
2023-07-10 15-13-32.jpg,SPOSB1418
2023-09-17 12-39-33.jpg,K7080
2023-08-29 02-34-07.png,MKGCF1626
synth_00001.jpg,VR8785
2023-08-28 23-16-43.png,NCPD51151
2023-08-29 05-56-55.png,NPG058202
2023-08-29 07-39-40.png,KPFZ50162
2023-08-04 14-01-11.jpg,EC3872
2023-08-29 09-27-10.png,FBBH6731
2022-04-25 10-02-07.jpg,EPRI9I04
2023-08-28 21-35-44.png,6214106
2023-08-30 15-17-06.png,60HPPC57441
2023-08-30 17-21-41.png,WPCBH0321
2023-08-29 03-29-32.png,MFCAK3159
2023-08-29 10-38-37.png,SPPL22389
2023-10-12 10-52-28.jpg,RT2056
2024-08-24 14-55-01.jpg,CP18357
2023-08-29 09-54-50.png,MPPH51400
2024-07-24 09-31-58.jpg,FME3094
2023-08-30 20-50-02.png,SPCBE8196
2024-04-14 10-59-17.jpg,WPVS0O1BS
2023-03-01 22-36-00.jpg,SP05X602J
2023-09-03 00-03-50.png,2WKX51301
2023-01-18 08-19-04.jpg,EPCX6075
2023-08-29 10-57-26.png,59784435676
2022-10-14 04-05-36.jpg,RDD0579
2023-08-28 20-36-52.png,HPCAL3562
2023-08-30 11-18-14.png,SGPE59343
2023-08-29 10-46-09.png,MJK53263
2023-08-30 20-38-10.png,WA9747
2023-08-29 08-45-15.png,DI0E252898570
2023-08-28 21-54-36.png,NCCAZ5382
2023-09-12 06-57-52.jpg,E54367
2023-08-29 11-21-25.png,EPL54780
2023-08-29 11-42-53.png,HPNB272858
2024-08-10 22-07-18.jpg,EPFE89931
2023-08-29 11-39-51.png,HP4CAC8785
2023-03-30 18-05-59.jpg,XKCI457
2023-08-29 08-17-44.png,6725326062
2023-08-29 06-36-26.png,40WPPI56244
2023-08-29 00-33-54.png,429731
2023-08-29 12-31-13.png,MPKR28329
2023-09-02 23-12-00.png,UCAP94671
2023-08-29 00-59-30.png,HKME4725
2024-08-02 21-39-23.jpg,SPSK95O7
2023-08-29 09-27-18.png,0HPKQ53472
2022-03-11 03-40-42.jpg,DBISO
2023-10-07 06-02-27.jpg,AQ5285
2023-08-29 02-00-50.png,CPAAF1550
2023-08-29 03-45-07.png,MAPEI4644
2023-08-29 15-22-03.png,HPPG5781
2023-08-29 08-43-49.png,06SPND58570
2023-08-29 02-01-39.png,CPPA56177
2023-08-30 18-09-07.png,REVIEW_NEEDED
2023-08-29 02-35-52.png,523316
2023-08-29 08-47-40.png,HPCAU5433
2023-06-26 18-13-27.jpg,SPTUN5738
2023-08-29 15-28-01.png,NHCAUP2223
2022-05-15 06-09-08.jpg,A01269
2023-08-30 18-10-55.png,LPPCL88867
2023-08-29 00-24-33.png,1CAY1200
2023-08-29 14-34-30.png,NHCAD1001
2023-08-28 20-58-53.png,HPCAA7952
2024-11-08 21-57-56.jpg,TX0202
2023-08-28 16-11-31.png,HPPL6558
2022-11-02 21-28-27.jpg,MPYL06243
2023-08-28 16-04-09.png,HPPT56801
2022-08-18 04-59-30.jpg,NWFU09653
2023-08-29 10-37-55.png,GPCAF9583
2023-08-29 06-35-49.png,MPABH6081
2023-08-29 11-26-22.png,EPCAH5635
2024-07-21 01-43-48.jpg,EP40G006
2024-01-27 17-07-04.jpg,CPUX0763
2023-08-30 17-24-48.png,HPPAG6280
2023-08-28 20-47-15.png,0SGCAA0657
2023-08-30 14-05-16.png,0HPHF578731
2024-07-24 05-12-22.jpg,GNK4227
2024-12-12 10-59-29.jpg,GBPH2I
2024-05-04 11-44-22.jpg,SPKGAI824
2022-09-07 05-48-04.jpg,SPAC5052
2023-08-30 08-52-53.png,659579
2023-08-28 19-49-14.png,XPPA2001Q
2023-08-29 14-25-31.png,HPQDJ7068
2023-08-30 11-46-43.png,DKJF2379
2022-08-17 16-40-52.jpg,Y0G4694
2024-03-13 08-03-47.jpg,N00LI980
2023-08-29 00-02-16.png,NHHAG3239
2023-08-29 15-26-32.png,EP5624855
2023-08-28 19-11-06.png,4PABI1293
2024-04-11 12-47-15.jpg,XYE6695
2023-08-28 23-03-37.png,17CAZ1882
2023-05-21 09-47-56.jpg,MKT3335
2023-09-02 23-44-37.png,CPPA38261
2022-12-20 16-20-58.jpg,MP02301
2023-08-29 08-59-31.png,5876291
2024-10-04 01-51-41.jpg,PX5896
2023-08-29 11-40-36.png,NMVU53516
2023-08-29 09-21-53.png,5952926
2023-08-29 06-07-47.png,5873841
2023-08-29 08-30-28.png,HPNC59062
2023-08-29 03-21-30.png,HPABV2919
2023-08-29 17-25-42.png,HPCAC3074
2023-08-29 01-27-35.png,5479603
2022-10-16 18-05-51.jpg,YC00979
2024-06-15 22-54-01.jpg,YPHP37260
2023-08-29 10-41-08.png,NBH43A7
2022-12-09 12-17-09.jpg,EPBV70Z5
2023-08-30 16-07-46.png,HPPDP1886
2024-01-22 06-31-31.jpg,023526
2023-08-29 09-11-29.png,5671538
2023-08-29 16-11-03.png,BABA1Z10
2022-01-16 08-27-51.jpg,CPMXR7872
2023-08-30 16-32-06.png,SGJY50985
2023-08-29 16-11-59.png,62ABC0237
2023-10-20 02-11-04.jpg,H01484
2022-02-14 08-36-01.jpg,DKSOO2
2023-08-30 18-36-24.png,PAZ8668VF
2023-03-20 10-45-09.jpg,SPMIL6085
2023-03-22 03-27-53.jpg,EPMOK6737
2024-11-21 10-55-37.jpg,NCLP3IO6
2024-07-06 09-15-22.jpg,JLG9045
2023-08-29 16-49-32.png,HKAAR7792
2023-08-30 10-13-22.png,CPABBL485
2023-08-29 18-01-17.png,NHCAO3617
2023-08-29 14-49-36.png,HPPE51584
2023-09-02 13-45-10.jpg,ON8139
2023-08-29 02-20-03.png,NPHGZ1765
2024-11-14 04-05-03.jpg,YTM3T74
2023-08-29 18-40-27.png,SPPG58766
2023-08-28 21-43-16.png,WPCAS8822
2022-05-06 11-44-36.jpg,MASF242
2023-08-29 11-25-29.png,RPHS70808
2023-09-03 00-00-38.png,WPJ54278
2023-08-29 02-28-57.png,UCBG2321
2023-03-21 07-13-42.jpg,MHXINB29J
2023-08-28 21-30-27.png,KPCAD1788
2024-03-27 22-33-27.jpg,CPNNE5859
2024-11-27 16-46-46.jpg,NCNZ724
2023-08-29 11-00-43.png,KPPC570521
2023-08-29 02-50-38.png,EPPB9967
2023-08-29 07-34-54.png,HPCBE4382
2022-09-30 13-39-18.jpg,NKL4847
2022-12-11 16-35-22.jpg,MPB75083
2023-08-28 22-09-08.png,VC32273
2023-08-28 19-11-39.png,MPYT40498
2023-08-29 17-32-15.png,SPCAG5155
2023-08-30 16-25-06.png,596542
2023-08-29 14-22-43.png,NPPG57469
2023-08-24 19-25-57.jpg,MP668347
2024-06-25 04-33-47.jpg,UEB6242
2023-09-02 23-40-10.png,MPKX53710
2023-02-23 12-59-04.jpg,X715946
2023-08-29 06-46-51.png,HPCAN3825
2023-08-29 15-52-29.png,NPL57417
2023-08-29 04-40-03.png,3243049
2023-08-28 19-42-26.png,BBJSG1232
2023-11-29 19-52-06.jpg,HCP7302
2023-08-29 09-19-11.png,CFPI1787
2023-08-29 10-51-17.png,NKGK21040
2022-04-13 20-02-20.jpg,TCOTR2267
2023-08-29 09-33-44.png,PPE57292
2023-08-18 14-23-41.jpg,M7718903
2024-06-10 13-44-58.jpg,HPFVF3348
2023-08-08 04-05-17.jpg,TI054
2023-08-29 10-04-04.png,HPCAU3722
2023-07-12 00-54-51.jpg,SN1623
2024-04-20 03-15-11.jpg,M38I
2023-08-29 03-21-28.png,CPCAQ2684
2022-02-23 00-50-57.jpg,RAZ6790
2023-08-30 09-43-09.png,V2KL
2023-08-29 01-16-38.png,5823645
2023-08-29 00-05-34.png,KKCAD0312
2023-08-30 15-34-20.png,YNHP
2023-01-18 20-54-22.jpg,EPJF5I75
2023-08-30 17-28-46.png,HPPC557627
2022-04-30 15-56-07.jpg,0LS9248
2023-08-29 08-50-06.png,JOI5721371
2023-08-29 08-19-41.png,CPGF56224
2023-08-28 23-43-38.png,S5CAP9581
2023-08-29 00-59-26.png,NHPEJ0527
2023-08-28 23-04-53.png,KPGA50129
2023-08-29 17-34-04.png,1M
2023-08-28 16-14-16.png,2NHYQ262331
2024-10-12 23-43-47.jpg,MPZBZ3289
2023-09-02 23-15-41.png,UEND55212
2022-03-17 15-37-31.jpg,CK5393
2023-09-02 23-30-32.png,MPCAQ5777
2022-02-26 12-24-32.jpg,V046878
2023-08-28 16-13-35.png,6358171
2023-08-29 07-39-14.png,5953289
2023-05-05 07-37-36.jpg,01283
2023-08-29 04-31-35.png,EPKT01676
2023-09-20 04-58-28.jpg,EPXHK9678
2023-11-02 06-22-34.jpg,121237
2023-08-30 15-24-58.png,5P81C7917
2023-03-16 10-26-57.jpg,3474304
2022-01-10 04-05-33.jpg,CPFZ5289
2023-08-28 23-50-12.png,SPGV20785
2022-10-29 17-35-21.jpg,CPFXDOI3O
2023-08-29 07-19-20.png,9KPPD56994
2023-08-28 21-05-04.png,PM56871
2023-08-30 18-24-15.png,WPKR25510
2023-08-28 23-58-03.png,CPCAA3018
2023-08-29 00-45-05.png,5425605
2024-05-17 07-38-02.jpg,NMOE1238
2023-08-28 21-47-36.png,6
2023-08-28 19-03-46.png,JK5709
2024-03-16 08-12-53.jpg,NCITI347
2023-08-28 23-16-27.png,KPCAF4728
2023-08-29 03-56-39.png,6653250
2023-01-01 18-35-44.jpg,R1T9462
2022-07-15 00-34-55.jpg,SPCLG0892
2023-08-29 18-27-14.png,GABA1410
2023-08-29 01-46-24.png,PE56406
2023-08-29 15-24-48.png,HRQS56685
2022-12-09 05-51-20.jpg,CPU26295
2023-07-09 08-47-57.jpg,EPG06498
2022-03-23 03-20-42.jpg,EPML4927
2023-08-30 08-54-51.png,3SPCAD1245
2023-08-30 11-59-26.png,APCAA0653
2023-08-29 12-45-50.png,KPBGHIGG8
2023-08-28 22-09-53.png,CPCAN2552
2023-08-29 01-10-33.png,1826372
2023-08-29 02-38-43.png,HPCAX7904
2023-08-29 07-48-42.png,15659512
2023-08-29 11-56-52.png,MPPKF060L
2024-10-10 03-11-33.jpg,NCSU7050
2023-08-29 03-44-56.png,CAU9714
2023-08-30 11-11-13.png,WHLUM
2022-11-11 08-29-25.jpg,WYE2430
2023-08-28 21-24-42.png,CAN9261KP
2023-08-28 19-09-55.png,6HPCBC7266
2023-09-02 22-53-19.png,WFKH56962
2022-09-21 04-48-22.jpg,012321
2023-08-30 20-53-46.png,KK6953
2023-08-28 20-06-07.png,WFAILD06
2024-10-05 21-03-31.jpg,CM6223
2023-08-29 15-16-23.png,DOPJ
2023-08-29 08-27-48.png,25350299
2023-08-29 02-44-09.png,WPCAT0052
2023-08-29 17-47-46.png,EI16
2023-08-30 10-23-29.png,HPCAG3961
2023-08-28 19-24-56.png,NKCBJ8106
2022-02-03 09-44-15.jpg,EPXPS348
2023-06-04 22-14-40.jpg,0B6397
2024-12-28 08-18-15.jpg,YUC8909
2023-08-28 22-52-37.png,KPCAO4422
2023-08-29 04-40-04.png,NEAAEM2685
2024-07-17 11-48-43.jpg,PAF4693
2022-09-10 02-32-25.jpg,MPXQ4023
2023-08-28 21-42-14.png,HPCBJ0377
2023-08-29 02-07-36.png,NHQR24961
2023-08-30 15-09-17.png,NKAAD9375
2024-03-16 00-16-51.jpg,NCZUI35J
2024-04-27 08-44-22.jpg,MYP2I
2023-08-29 07-23-59.png,CPCBJ3048
2024-03-07 18-54-52.jpg,NYQER4950
2023-08-29 02-01-51.png,4P25127995
2023-08-29 14-28-46.png,HPKN59170
2023-08-29 11-31-42.png,HPDAE5392
2023-08-29 00-37-35.png,29017GPVC
2023-08-29 02-08-50.png,CPGAA0055
2023-08-29 16-34-53.png,HPCAK2797
2023-12-23 04-03-03.jpg,MP005927
2023-12-14 21-08-15.jpg,YX3548
2023-08-29 07-59-04.png,WPCAM5507
2023-06-26 08-00-14.jpg,F02715
2024-01-12 16-33-40.jpg,EC1936
2023-08-30 15-15-27.png,HPKTR3030
2023-08-29 09-51-59.png,NHPB78708
2023-08-29 00-23-15.png,KPCAW2002
2023-03-24 22-10-58.jpg,SPEZI09
2023-08-30 17-25-10.png,WPCAT0E52
2024-11-14 09-42-24.jpg,025937
2023-08-29 07-20-01.png,5872805
2023-08-29 08-33-35.png,KPPE59257
2023-08-29 12-12-55.png,CPOABH8156
2024-01-22 04-44-28.jpg,NCPF7983
2023-08-29 07-44-46.png,HPEND58038
2023-08-28 16-05-30.png,EFCAA2543
2022-09-05 00-08-21.jpg,MMANW8869
2023-08-29 11-03-23.png,INWDAF3726
2023-08-29 09-05-15.png,0FCAJ4484
2022-06-09 16-38-52.jpg,CR70648
2023-09-02 23-50-00.png,NPPA59756
2023-08-29 09-10-55.png,HPNB51465
2022-12-02 17-04-59.jpg,EPPHG2357
2023-08-30 11-12-21.png,CAX0632
2023-08-30 16-24-56.png,KPCAZ8560
2023-02-26 14-05-09.jpg,MPNB8254
2023-08-30 08-54-40.png,6350838CA
2023-08-29 02-10-44.png,SGABN9765
2023-08-29 01-38-43.png,PEJ6406
2023-09-02 23-35-22.png,LLKN79135
2023-08-28 23-11-15.png,HPAAT5688
2023-08-29 01-08-19.png,PJ3562
2023-04-20 11-45-54.jpg,SPHVH5684
2023-05-31 18-01-53.jpg,PX39I0
2022-03-19 16-32-31.jpg,NCDLI257
2023-08-29 14-03-22.png,REVIEW_NEEDED
2022-11-12 07-15-05.jpg,MFKC0535
2023-08-28 23-01-58.png,7AT5192
2023-08-29 14-54-40.png,KH72980
2023-07-21 10-58-34.jpg,SPSN0651
2023-08-29 01-38-32.png,NPPBG3645
2023-06-16 05-23-00.jpg,0JJ2939
2023-08-30 16-22-34.png,0KPNC52298
2023-08-28 20-56-58.png,CECLUI
2022-07-05 15-57-17.jpg,281626
2023-08-29 16-41-03.png,HPCAK1036
2023-01-01 09-16-03.jpg,EPBHF3935
2023-08-28 20-30-28.png,NKKQF9863
2022-10-07 14-01-52.jpg,NC0004707
2023-08-30 17-15-26.png,PPF8827
2023-08-28 21-45-45.png,WPCBD9983
2024-11-24 02-41-13.jpg,JRC9760
2024-05-23 16-43-32.jpg,MMZ7109
2023-08-29 12-20-21.png,J
2022-12-11 14-25-35.jpg,SPFEO262
2023-08-23 13-52-17.jpg,OQ5
2023-08-29 02-13-37.png,CPYM57507
2024-10-09 10-43-24.jpg,XAC1B47
2023-08-30 15-32-26.png,ABR5120
2023-09-04 07-48-43.jpg,CPD9212
2023-08-29 16-18-01.png,SPGE56247
2023-08-29 09-00-06.png,NCPJJ6626
2023-08-28 16-03-56.png,NPGH23600
2022-11-10 07-44-00.jpg,SFKLI1S
2023-08-29 08-44-21.png,REVIEW_NEEDED
2023-08-29 16-30-22.png,SPKL59705
2022-12-31 18-40-34.jpg,LK0377
2023-11-05 18-37-22.jpg,MLFJ76
2023-03-30 10-50-55.jpg,E085723
2023-09-02 23-24-50.png,20PD57667
2023-03-02 23-30-19.jpg,613928
2024-11-13 08-38-10.jpg,JI28116
2022-04-14 03-11-28.jpg,317552
2022-02-07 22-51-32.jpg,2B2757
2022-03-27 11-15-15.jpg,NNGLQ0922
2023-03-13 18-39-16.jpg,SPMVDB2I3
2023-08-29 09-01-53.png,KPLHI0567
2022-04-21 00-05-10.jpg,SPBA9481
2023-09-26 12-38-41.jpg,SP1E725
2023-09-02 22-55-22.png,SPPH51896
2023-08-29 08-11-19.png,WCAC9164
2023-08-28 23-05-53.png,NKABP6368
2023-02-06 16-00-08.jpg,MCJJJ4659
2023-08-30 15-14-06.png,68CPJZ76747
2023-08-29 10-57-32.png,2NKNC53885
2022-09-23 01-24-55.jpg,NWFDC2240
2023-08-28 19-27-15.png,REVIEW_NEEDED
2023-08-29 10-21-02.png,5328536
2024-11-27 19-24-55.jpg,GC6I02
2024-06-08 10-03-52.jpg,N4NP5928
2023-08-28 21-11-18.png,CPCAQ4822
2023-06-23 15-02-34.jpg,NFF8727
2023-08-30 17-11-00.png,SPCAH2451
2023-08-28 23-16-38.png,NINA25178
2023-08-28 22-57-11.png,2292
2023-08-29 03-58-39.png,NPPC54570
2024-06-19 23-50-57.jpg,L0H1460
2023-08-29 02-02-27.png,NMPJ9458
2024-08-19 10-33-18.jpg,046762
2023-08-30 10-33-52.png,EPCBE9253
2024-03-03 14-37-02.jpg,EFMF054
2023-08-29 17-16-44.png,CAS7795
2023-08-30 09-56-14.png,0PCBA6083
2023-08-29 03-57-27.png,KPCAT0E52
2023-08-29 04-02-41.png,HPYQ273561
2022-08-12 22-20-35.jpg,EPSS2279
2023-08-28 19-39-38.png,CBB9406
2024-01-12 02-43-35.jpg,EPKJ6886
2023-08-29 14-42-49.png,0HPKYI3744
2022-08-10 19-58-19.jpg,CPCLB2530
2023-08-30 11-48-25.png,HPPK54361
2023-08-29 17-18-10.png,6256761
2023-08-28 23-01-10.png,SPCAH9918
2022-02-05 06-39-11.jpg,67L7870
2024-08-14 05-53-57.jpg,CPU2GI293
2023-08-30 10-15-59.png,HPNF52337
2023-08-27 00-36-36.jpg,IKW0443
2023-08-26 19-25-25.jpg,XK49094
2023-08-30 09-52-43.png,HPCBC6394
2023-08-29 03-09-01.png,HPCBB1250
2024-06-26 22-09-20.jpg,WEZ570
2023-08-29 05-18-52.png,CPAAF0410
2022-09-11 07-39-26.jpg,HPNXJ012
2023-08-29 15-12-35.png,KPCAA6267
2023-09-02 23-09-48.png,HFPF59957
2023-08-28 18-10-03.jpg,DJ4935
2024-10-01 23-14-45.jpg,OCR402
2023-08-29 01-09-43.png,NAAH3737
2022-12-19 06-07-46.jpg,N4ADA5615
2023-08-29 16-19-22.png,515
2023-08-29 06-10-28.png,REVIEW_NEEDED
2023-08-29 14-41-56.png,CPABV0393
2022-11-25 10-22-08.jpg,X56251
2023-08-29 07-12-15.png,S0156305
2023-08-29 14-56-50.png,SG25020276
2023-08-29 01-14-38.png,25029882
2022-05-08 01-55-19.jpg,SPPM4195
2023-08-29 00-02-17.png,SPCAQ4379
2023-01-24 13-32-48.jpg,JS8787
2023-08-30 17-37-00.png,CPCAB9038
2023-08-30 15-31-38.png,CPNC56067
2023-02-12 09-50-16.jpg,UUVS049
2023-08-30 17-52-34.png,SGGTL8929
2023-08-29 11-15-23.png,MPKQ59082
2022-10-21 01-57-37.jpg,TCFRA5755
2023-08-30 08-59-12.png,00NCPA3524
2023-08-28 23-27-20.png,CAN2552C0
2023-02-13 23-37-46.jpg,SR7767
2023-08-29 01-24-47.png,HKL50428
2023-08-29 01-49-27.png,25052511
2022-09-18 19-48-48.jpg,NCQUP84II
2023-08-29 10-24-09.png,WPLZ1825
2023-08-29 15-52-45.png,5920137D30D
2023-10-24 16-46-58.jpg,A005S78
2023-05-28 04-09-59.jpg,J49902
2023-08-28 22-07-27.png,REVIEW_NEEDED
2023-08-30 10-15-16.png,VE55786
2023-08-29 16-07-35.png,06SPKR25254
2023-08-29 04-21-30.png,NKS53156
2023-08-29 00-40-27.png,HPKC58301
2023-08-29 10-42-25.png,SPCBL0257
2024-03-14 14-46-15.jpg,CPRX8335
2023-08-30 16-29-27.png,NKJH50314
2023-09-02 23-54-51.png,HFCAA7049
2023-07-11 14-38-39.jpg,CPJLR2487
2022-09-12 16-25-17.jpg,CF06406
2024-05-23 03-23-15.jpg,CPPLZIO5
2023-08-30 16-05-54.png,REVIEW_NEEDED
2023-08-28 23-12-43.png,NACAK5369
2023-08-28 20-41-51.png,KPCAH0538
2023-08-28 23-24-58.png,CPYCZ9017
2023-08-29 08-25-38.png,RPCAP5208
2023-12-26 23-37-59.jpg,NWFGW2404
2023-08-29 16-15-31.png,KPCAA4378
2023-09-02 23-55-02.png,HPCAK9857
2022-01-04 23-01-23.jpg,CPON2664
2023-08-28 22-16-27.png,SGCBJ9994
2023-08-29 16-18-29.png,EABA1410
2023-08-28 23-49-29.png,WPVRJ012
2023-08-29 07-47-55.png,EPGG59258
2023-06-25 16-17-29.jpg,NLO072
2023-08-30 17-21-58.png,00CPCAK2905
2023-08-29 10-21-04.png,HPPH9473
2023-04-02 07-21-14.jpg,CPCK6496
2022-11-12 11-10-17.jpg,NCUNZO
2023-07-20 13-19-47.jpg,PR03496
2023-08-29 17-24-57.png,EABA1410
2023-08-29 16-54-41.png,PKY54973
2023-09-02 23-20-31.png,ABH7311HP
2023-08-02 18-27-26.jpg,SPIN3815
2023-08-28 22-56-02.png,65832
2023-08-29 09-13-55.png,P6PCI6600
2023-08-29 18-27-42.png,CABA1410
2023-09-02 23-07-12.png,UPPL55673
2023-08-29 09-40-26.png,EPCAR9641
2023-08-28 16-14-18.png,HPCAC8411
2023-02-16 20-53-37.jpg,SPMEO47
2023-12-09 16-37-47.jpg,FE9823
2023-06-12 02-34-52.jpg,CR7513
2023-08-29 00-08-30.png,OS7
2023-08-30 18-29-28.png,REVIEW_NEEDED
2023-09-02 22-51-36.png,EPCAQ9743
2023-08-29 01-29-50.png,SGCAC9580
2023-07-14 20-14-31.jpg,ZSJ6179
2023-08-29 03-12-11.png,MPCAP0383
2024-02-11 06-24-51.jpg,FYK9320
2023-10-31 03-07-40.jpg,CP782934
2023-08-29 00-26-37.png,KPCAZ5860
2023-08-28 20-56-29.png,HPCAV8809
2023-11-03 10-45-21.jpg,SF8262
2024-03-15 01-22-07.jpg,4T2935
2022-11-09 05-26-58.jpg,W00476
2023-08-29 10-35-48.png,HPCBH0312
2023-10-10 04-40-26.jpg,FVM2336
2023-05-24 16-47-54.jpg,0505503
2023-08-30 18-03-51.png,JOTOTA5726815
2023-08-30 17-36-00.png,HPIHH76281
2023-08-30 08-46-55.png,82CPPG50722
2023-08-29 05-09-10.png,GH20705
2024-09-17 16-44-49.jpg,VY09459
2023-08-29 03-52-37.png,CPKQJ1601
2023-08-29 07-17-00.png,NKKL52660
2022-12-11 07-49-55.jpg,MPONE9278
2023-08-29 10-15-22.png,KPPA8173
2023-08-30 09-13-02.png,80SPCAV8837
2024-11-19 16-14-00.jpg,MPBA0256
2023-06-02 14-55-50.jpg,NCKO8398
2023-08-28 16-20-13.png,5876898
2024-01-05 07-38-06.jpg,WOF8229
2024-07-03 16-15-28.jpg,SPKQIBIS
2023-08-29 03-36-15.png,SPLV
2023-08-30 11-45-47.png,HPDAE5392
2023-08-29 09-22-32.png,SPPL52382
2023-08-29 15-37-26.png,HGS57041
2024-12-15 06-21-40.jpg,TR7066
2023-08-29 00-04-25.png,NPPE52172
2024-06-20 19-15-14.jpg,IX6072
2022-04-22 20-30-40.jpg,NCYQC8916
2023-11-24 23-22-47.jpg,CPNBO3252
2023-03-30 14-54-19.jpg,SPSF05499
2023-08-29 00-53-38.png,HPCBH5468
2023-10-03 02-10-50.jpg,W03352
2023-08-28 21-09-37.png,SFKMJ3170
2023-08-30 15-25-26.png,RCCBH9361
2023-10-28 12-06-11.jpg,CPUJL6236
2024-07-03 18-13-25.jpg,WP5S27I33
2023-08-29 10-54-21.png,0FPCBF6572
2023-08-29 17-40-54.png,AI1
2023-08-28 23-07-27.png,PGK273541
2024-12-25 07-18-51.jpg,ZFG2837
2023-08-29 04-58-14.png,WPCAG7539
2022-09-10 23-32-46.jpg,LF9644
2023-08-29 10-00-09.png,RPPC54570
2023-07-08 05-16-42.jpg,NUTY0819
2023-06-06 06-07-53.jpg,CPJGZ7945
2023-05-30 23-32-07.jpg,CF5233
2023-08-28 20-08-37.png,AAQ58183
2022-02-26 15-33-47.jpg,0N2875
2024-02-25 13-13-44.jpg,CPUC6397
2023-09-02 22-56-46.png,VPPC9463
2023-08-29 08-51-30.png,EPPA598127
2023-08-29 12-25-25.png,REVIEW_NEEDED
2023-08-29 03-08-24.png,NPCAE2826
2024-12-08 09-07-03.jpg,CPLMS8054
2023-08-28 21-07-41.png,KPKO73146
2023-08-29 00-12-38.png,NCHH58927
2022-04-07 02-01-04.jpg,EPHPA
2023-08-30 15-16-13.png,25378596
2024-03-22 21-32-53.jpg,037982
2023-09-16 15-01-17.jpg,EPKFM9157
2023-08-30 15-27-48.png,HPCAG7740
2023-08-28 19-56-46.png,RPCBA6309
2023-05-08 11-23-41.jpg,YKZI567
2023-08-29 16-30-55.png,PPC52129
2023-08-30 18-30-30.png,NRCAN8107
2023-09-02 23-38-47.png,9397
2023-08-28 21-01-55.png,APCAD5971
2024-05-15 19-16-38.jpg,24489
2022-10-05 03-22-13.jpg,Y46600
2023-08-30 11-14-47.png,YE35786
2023-10-07 04-20-11.jpg,ACK3464
2023-09-02 23-46-37.png,BPKKHE5322
2023-08-29 18-28-01.png,25070158
2023-11-25 17-38-47.jpg,049479
2023-08-29 11-30-24.png,BE1678
2024-01-14 20-01-15.jpg,EP1GH2796
2024-01-06 16-38-21.jpg,UVHI567
2023-08-29 16-17-34.png,PCBA2593
2023-08-28 22-36-54.png,HPKNF7861
2023-12-20 23-51-53.jpg,EPUAM7993
2023-08-29 10-12-59.png,HPPJ57384
2022-02-19 05-01-07.jpg,NE01522
2023-08-29 08-33-01.png,DWPDAE53227
2023-08-29 07-04-01.png,WPCAV2621
2023-08-28 23-39-36.png,NPK01834
2024-08-22 17-07-08.jpg,J053
2023-08-29 15-06-09.png,IPNB54664
2023-08-29 17-04-55.png,FABA1410
2023-08-28 23-52-29.png,CPPG33503
2023-08-29 14-23-06.png,NHPGF6690
2023-08-28 23-37-19.png,MAGAA1033
2023-08-30 17-08-04.png,CPCAX1620
2023-09-02 23-34-06.png,MCAB5661
2023-08-30 18-24-56.png,00HPHK79999
2024-07-19 18-05-19.jpg,CPOLD3472
2024-02-04 17-58-18.jpg,MHGE4263
2023-08-29 06-47-54.png,5457882
2023-08-29 07-20-09.png,AAG2622
2023-08-28 23-59-34.png,5855854
2022-01-08 07-55-58.jpg,CPL08473
2023-08-29 01-24-03.png,SPA315
2023-12-25 00-42-46.jpg,N7A4361
2023-08-29 03-37-27.png,WPCBB0156
2023-08-29 01-07-26.png,KPCAQ3436
2024-05-03 13-41-42.jpg,PRU7707
2023-08-27 05-36-22.jpg,N8VZ9J
2023-01-13 05-44-36.jpg,0Y2055
2023-08-29 08-43-54.png,WPJB79300
2023-08-30 17-00-22.png,KPKY78659
2023-08-29 18-02-37.png,SFPA58551
2023-08-29 11-35-35.png,RPPHF8987
2024-08-23 15-00-51.jpg,0E5625
2023-08-29 10-56-51.png,RKPD21797
2023-08-28 22-51-24.png,SGYIJ3959
2022-02-21 21-19-03.jpg,E5054
2023-08-29 01-11-26.png,7PCAJ5023
2024-02-17 14-16-52.jpg,5PKQ9729
2023-05-21 16-18-41.jpg,DTS7877
2022-08-27 22-02-20.jpg,NCUN8435
2023-10-29 22-25-50.jpg,RK9392
2023-08-29 08-22-39.png,EPCAK6415
2023-08-29 10-56-32.png,EFKSP3242
2023-11-23 17-09-49.jpg,NWXJK6258
2023-05-18 02-00-01.jpg,EC8935
2024-06-14 20-20-27.jpg,CPSSC1572
2023-08-28 19-46-54.png,DAE53924P
2023-08-29 10-17-13.png,EFCAJ9800
2023-08-29 17-09-38.png,SPIK
2024-11-20 23-41-59.jpg,NJ68
2023-08-30 17-46-36.png,SPKXF7136
2023-07-03 03-02-09.jpg,M415956
2023-10-04 15-14-59.jpg,MPTLK2688
2023-09-02 23-56-48.png,MPCAP8974
2023-09-02 22-51-30.png,NCAH4623
2023-08-30 18-04-31.png,SPKJ1035
2023-08-29 18-37-47.png,REVIEW_NEEDED
2023-08-29 08-40-16.png,LMPF54228
2024-10-26 03-44-58.jpg,HK8489
2023-08-29 07-12-07.png,88ENL4121
2022-11-16 23-25-08.jpg,PE4587
2022-12-05 08-15-42.jpg,EPNID2772
2023-08-30 16-35-05.png,MPCBA1045
2023-01-06 13-58-46.jpg,ZV44342
2023-11-09 19-37-42.jpg,MPPJ2837
2023-08-30 18-21-00.png,WPCBJ9446
2023-08-29 07-53-04.png,SGCAH4704
2023-08-29 17-19-43.png,CAJ9610
2023-08-29 11-31-02.png,RPCBD5842
2023-08-29 12-55-00.png,0YLF4337
2024-06-24 06-54-24.jpg,N4GN5977
2024-11-26 21-15-16.jpg,EPD3S2448
2023-02-11 21-10-46.jpg,NGS91I
2023-08-29 10-04-07.png,FPKY76956
2023-08-30 15-12-33.png,HPAAV5287
2023-10-27 17-37-51.jpg,IS5677
2023-08-29 08-34-17.png,HPPJ57384
2023-08-28 21-39-28.png,HN53574
2023-04-04 01-49-59.jpg,KH6980
2023-08-20 15-28-40.jpg,NCRRO56
2023-08-29 06-43-44.png,MPCAQ6416
2023-08-29 06-09-43.png,NCHF50537
2024-03-18 06-25-13.jpg,7007477
2023-08-29 10-40-31.png,25278369
2023-08-29 05-36-38.png,WPCBH9697
2022-07-26 23-12-27.jpg,ZVE9282
2023-08-29 05-29-02.png,SPCAJ1797
2023-09-02 23-05-12.png,KPCAP5038
2023-08-29 16-57-12.png,HP25059533
2023-06-24 04-20-28.jpg,EPPXC423
2023-08-29 02-00-03.png,WPABI0065
2023-08-29 01-40-26.png,HRAAG5454
2023-08-28 16-16-15.png,9MPKJ76138
2023-08-29 03-07-41.png,KPKL8919
2022-11-03 06-01-11.jpg,N14239
2024-04-11 06-51-00.jpg,C3E403
2023-08-29 10-16-46.png,16975CPHP
2023-08-28 22-21-32.png,HPKW72759
2023-08-28 19-30-27.png,CAS6713CP
2022-11-26 14-43-53.jpg,EPI250
2023-07-10 19-12-37.jpg,XPH3I9
2022-02-25 08-08-55.jpg,REVIEW_NEEDED
2023-08-29 10-45-01.png,060MPPJ22178
2023-08-28 22-03-45.png,PPCAY174
2022-06-14 20-59-51.jpg,PK8965
2023-08-29 14-57-39.png,IP25057606
2023-08-29 10-28-49.png,SPND54633
2022-08-06 18-23-35.jpg,CPNH48I8
2023-08-29 16-49-07.png,FABA1410
2023-08-28 19-30-40.png,KPCAH9874
2023-02-17 12-38-10.jpg,YMV088O
2023-05-31 22-48-03.jpg,NCJZJ9183
2024-05-02 02-14-50.jpg,M02536
2023-08-29 04-47-13.png,NKAAQ5076
2023-08-29 01-41-13.png,CPCAK1385
2023-08-29 07-02-15.png,HPCAQGG8D
2023-09-02 23-51-00.png,WPCBC4668
2023-03-16 14-03-22.jpg,NP01908
2023-08-29 16-46-21.png,06RPPA57063
2023-08-29 15-30-44.png,REVIEW_NEEDED
2022-04-28 08-11-31.jpg,377432
2024-08-31 01-36-26.jpg,E0J9558
2023-08-29 08-23-24.png,SPVY28474
2023-08-03 16-32-49.jpg,VE6843
2023-08-29 07-43-02.png,REVIEW_NEEDED
2023-06-13 22-33-20.jpg,E05247
2023-11-26 05-11-02.jpg,089982
2023-08-29 16-54-28.png,KPDAE5392
2023-08-29 15-21-50.png,HPCAI3344
2023-08-29 01-18-00.png,KAPE58655
2023-08-29 16-18-21.png,EPCAH614
2023-08-28 19-23-29.png,MPSL8244
2023-02-10 08-35-29.jpg,WPTOL9333
2022-04-09 18-52-11.jpg,WJ84
2023-08-29 09-07-59.png,HPYA21043
2023-08-28 22-56-46.png,KPCAG2631
2023-08-28 20-19-47.png,EPKJ57610
2022-07-26 17-50-31.jpg,MPVI0693
2023-08-29 06-56-23.png,RAPE54258
2022-10-01 01-10-11.jpg,P0VA242
2023-10-18 23-12-59.jpg,SPJNN7ZI9
2023-08-29 10-09-07.png,3CAL4990
2024-04-12 04-31-42.jpg,4V4350
2023-08-29 00-32-00.png,ECOG53E
2024-05-15 10-32-50.jpg,ENC32I
2023-09-02 23-37-07.png,5424163
2023-08-30 09-24-02.png,5728267
2024-11-05 05-08-51.jpg,084733
2023-08-29 02-45-33.png,CPYD28430
2022-12-31 09-34-34.jpg,NCLL733
2024-10-29 15-51-05.jpg,JH323
2023-01-10 18-16-06.jpg,V00592
2022-07-06 10-41-29.jpg,EPKSF7117
2023-08-29 12-23-07.png,60EEPCBB9151
2023-02-22 07-15-03.jpg,CPEXT3030
2024-12-19 17-54-34.jpg,SPGS5659
2023-08-29 06-59-36.png,HPKUR2816
2023-11-20 13-51-11.jpg,I4F0420
2023-08-29 09-12-45.png,WPCBF8761
2023-08-28 19-04-35.png,25058824
2024-09-19 00-19-28.jpg,A09260
2024-09-11 00-39-20.jpg,CPG00ON
2023-08-29 18-54-15.png,HPCAV6768
2022-10-29 08-09-26.jpg,NES5934
2023-08-28 20-18-34.png,SPPD7868G
2024-08-29 17-28-12.jpg,N710728
2024-04-02 15-36-21.jpg,MCRHV4004
2023-08-29 09-57-59.png,MPCAR8117
2023-08-28 23-08-57.png,HPHBJ5554
2023-08-29 11-15-54.png,HPCAO2673
2023-08-29 03-08-51.png,KPLWD007
2023-08-29 11-08-26.png,RPCBL4226
2023-08-29 16-40-29.png,KPCAB2459
2023-10-25 01-04-17.jpg,ZYP1429
2023-09-05 17-07-51.jpg,WPGEZ5093
2022-01-22 03-33-19.jpg,MPHIJ4961
2023-09-02 23-31-07.png,CPCAI3665
2022-01-14 00-53-55.jpg,MPBJ2888
2023-08-28 16-18-04.png,NCAS9062
2023-08-28 19-24-03.png,2UPCAF7412
2024-06-20 15-29-03.jpg,CPJ4686I
2024-02-13 02-39-32.jpg,VFM4463
2023-08-29 08-23-30.png,NWCAK2042
2023-08-29 09-50-17.png,EPLH2056
2023-08-29 11-22-06.png,00HPDAE5392
2023-08-29 15-01-46.png,5625030
2023-08-29 18-13-58.png,XPCAO9222
2023-08-29 00-11-56.png,EFGP6689
2023-08-29 17-25-16.png,CPGN52177
2023-08-28 19-18-07.png,K1
2023-08-30 15-47-11.png,2NHDAE8712
2023-09-03 00-00-34.png,CPAAP5764
2023-08-28 20-12-19.png,VBLL44PA
2024-09-20 00-07-20.jpg,NMLINO832
2023-08-28 21-11-45.png,NCAQ9420
2023-08-29 12-57-22.png,HPPH4444
2024-05-26 07-35-44.jpg,CPTRV5834
2023-12-05 05-25-50.jpg,MPHTTIS34
2022-11-12 14-15-36.jpg,201244
2024-10-21 00-52-18.jpg,T1733
2023-08-30 09-24-01.png,REVIEW_NEEDED
2023-08-30 15-45-09.png,HPCBG2080
2023-09-22 23-29-50.jpg,NCAIV7II7
2024-06-04 10-37-21.jpg,CPOE9702
2023-08-29 07-34-55.png,UPCAF7412
2023-08-29 10-20-15.png,HPCAH0745
2023-08-29 11-16-16.png,HPY51951
2023-08-30 18-12-26.png,REVIEW_NEEDED
2024-06-12 16-26-52.jpg,04P6073
2023-08-30 09-58-10.png,NPPE59179
2023-08-29 01-58-21.png,NCJ3443
2023-08-28 16-10-27.png,10045757435
2023-08-29 08-55-09.png,RPCAC0198
2023-08-28 19-09-20.png,PKD54I4Q
2023-08-29 10-01-49.png,PPI71301
2023-09-02 23-24-42.png,SPKH54678
2023-11-26 16-39-39.jpg,NCRP9261
2023-08-30 08-53-35.png,25279524F
2024-07-09 05-41-00.jpg,039223
2023-08-29 03-34-43.png,CBL7377
2023-07-02 15-17-39.jpg,SPAB8783
2024-03-30 04-14-27.jpg,J83954
2024-02-01 20-00-11.jpg,MPY705478
2023-08-29 17-09-15.png,EABA1410
2024-09-13 00-13-59.jpg,NCZC6928
2023-08-29 05-32-33.png,TPCBL3687
2023-08-29 18-30-20.png,SPPCG0771
2022-05-02 23-55-22.jpg,N1RP943
2022-03-24 05-28-26.jpg,7047763
2023-06-15 11-33-09.jpg,CPTBD4499
2022-06-20 18-35-41.jpg,MEIO7I
2023-12-05 06-39-31.jpg,MPN63260
2023-08-29 02-39-26.png,8WPABC6498
2023-08-29 14-43-55.png,NWPG56737
2023-08-29 10-54-51.png,CAB6141
2023-08-29 11-23-47.png,20KPCBA8383
2023-08-29 01-04-23.png,NKPA50872
2023-08-29 17-34-00.png,II
2022-08-23 05-52-37.jpg,CPEPSO79
2023-08-29 07-01-39.png,2515559
2023-08-30 17-41-29.png,SPKR53981
2022-02-09 02-58-40.jpg,006676
2023-08-28 20-38-52.png,LFNZ6143
2023-08-29 16-54-21.png,WPCBD8130
2023-09-02 23-06-52.png,HFCAA5005
2023-01-18 01-09-21.jpg,FR723
2023-08-29 01-22-12.png,2517359
2024-01-23 14-15-23.jpg,CPAN09378
2024-12-05 08-00-16.jpg,YE19847
2023-08-29 15-28-17.png,HFPG58724
2024-07-15 12-52-14.jpg,WPYLAIZB4
2023-08-29 07-38-42.png,HPPK0025
2023-08-29 02-02-41.png,NPKL53595
2022-11-11 18-56-07.jpg,MPUNH36I8
2023-08-28 16-15-53.png,HPCAL0776
2023-08-30 11-17-09.png,KPCBA0296
2024-10-12 13-34-08.jpg,BSB712
2023-05-14 08-00-58.jpg,CPUX4809
2023-08-29 02-44-56.png,HPCAB9791
2023-09-02 23-28-10.png,KCAF5250
2023-08-29 07-11-25.png,5411177
2022-05-13 02-07-27.jpg,0S42552
2023-08-29 14-39-18.png,REVIEW_NEEDED
2024-09-01 00-14-09.jpg,IKEQ866
2022-09-23 09-57-53.jpg,DPNGO03
2023-08-29 01-25-38.png,MPKOF1097
2023-01-09 02-28-35.jpg,EPLPG6936
2023-08-29 15-29-46.png,WAAU5447
2023-08-29 07-07-48.png,SGAAA4462
2023-08-30 11-08-55.png,HPPI56558
2023-08-29 15-15-05.png,MPAAZ7803
2023-08-29 12-40-26.png,F2575260
2023-08-29 12-50-21.png,KV53710
2023-08-29 14-20-47.png,BGQLZ3273
2022-05-08 00-09-01.jpg,FCP9088
2023-08-29 16-40-50.png,SP562783
2023-03-23 23-02-29.jpg,0MH6331
2023-08-28 16-13-59.png,VQU54860
2022-07-01 01-37-48.jpg,DYV6030
2024-11-14 20-39-07.jpg,E212706
2023-08-29 02-10-56.png,SGABN9765
2024-07-25 07-11-21.jpg,DXX4208
2023-08-29 14-44-32.png,CAI1915
2023-08-29 04-19-51.png,T
2024-04-19 04-45-25.jpg,DJ0638
2023-08-29 15-25-49.png,MCBH3595
2023-08-28 20-09-23.png,APCAX6608
2023-06-29 02-53-27.jpg,SPA0R0670
2022-10-23 21-21-31.jpg,KP3PT6442
2022-02-13 09-47-14.jpg,GL3188
2023-08-28 16-21-05.png,REVIEW_NEEDED
2023-09-02 23-11-25.png,EPCAQ2743
2023-08-29 06-56-35.png,2512559
2022-10-29 18-50-23.jpg,MAO7D70
2023-08-29 14-23-17.png,36NPPK74278
2023-08-29 15-40-10.png,MPGYE0228
2023-08-28 22-08-11.png,VC2273
2022-07-25 09-43-56.jpg,1K5074
2023-08-29 05-39-50.png,5754
2022-09-18 21-05-56.jpg,NCGAD5299
2023-08-28 22-04-54.png,SPPI54832
2023-04-10 06-30-57.jpg,EPV03326
2023-08-29 17-10-07.png,2MPPF56753
2023-10-17 12-42-28.jpg,WPHS8289
2023-08-29 15-40-19.png,KPCAN5930
2022-09-08 12-12-03.jpg,RT14992
2023-08-28 23-19-10.png,CAA3833
2023-08-28 19-07-17.png,NPF24228
2023-08-30 08-55-19.png,UPPH51266
2024-08-24 06-40-18.jpg,0J6728
2024-07-06 09-29-37.jpg,NPOF4268
2024-10-22 06-17-41.jpg,NPGA6597
2023-08-29 08-50-07.png,RPCBV20016
2023-08-29 15-48-39.png,CPABA1410
2023-08-29 03-51-03.png,PC58565EP
2024-06-13 02-37-04.jpg,QP2457
2023-04-22 01-36-56.jpg,CPAEP8748
2023-04-17 10-10-21.jpg,UC09854
2024-10-07 19-34-03.jpg,CPIPO485
2024-09-02 22-45-58.jpg,SPQAE3472
2024-12-26 20-16-39.jpg,MNF633
2023-09-03 00-11-39.png,PCBB0303
2023-08-29 02-11-23.png,SGABN9765
2023-08-29 15-19-17.png,HPQT25353
2023-08-28 23-46-37.png,54F1454
2024-08-27 03-05-18.jpg,WP1Z5550
2022-10-03 20-08-55.jpg,RKYI036
2023-05-24 21-31-14.jpg,X24965
2023-08-29 06-54-47.png,5720331
2022-06-16 20-36-27.jpg,SP0J3954
2024-10-26 04-32-39.jpg,R2319
2023-08-29 08-57-25.png,CAL3775HP
2024-06-01 20-33-50.jpg,SPHU0332
2023-09-29 21-01-05.jpg,RC1Z12925
2024-08-27 13-17-20.jpg,SPF012477
2024-12-24 21-56-09.jpg,JRP0264
2023-08-29 10-17-24.png,HPCAL9641
2023-09-02 23-04-02.png,VPYZA4648
2024-06-23 10-41-06.jpg,B104224
2023-08-29 10-25-57.png,FPYNZ0623
2024-08-16 14-29-19.jpg,EPHY4690
2023-08-30 18-25-30.png,HPPE57523
2024-02-23 07-05-55.jpg,CPNS9O5I
2023-08-29 10-35-11.png,FPCAQ3453
2023-08-29 00-44-53.png,NPCAJ3639
2023-01-23 14-39-12.jpg,098197
2022-03-19 04-12-11.jpg,EPRXC7542
2023-08-29 00-40-32.png,CBB9508
2023-08-29 17-33-44.png,CPJK51830
2023-08-30 20-35-56.png,JE56522
2023-08-29 17-17-45.png,0SPPH27026
2023-08-28 22-41-29.png,HPCAK2343
2023-09-02 23-18-26.png,2PG52049
2023-08-29 08-47-51.png,00HPCAO9206
2023-10-20 16-35-57.jpg,XHV9827
2023-08-29 02-22-42.png,NCATG864
2024-04-23 13-31-21.jpg,EPMIOI7I
2023-08-28 19-32-04.png,UL615
2023-08-29 15-13-24.png,HPKR58844TE0
2023-11-09 02-26-02.jpg,RYY437
2023-08-29 01-30-32.png,SPAAP7328
2022-03-15 09-18-08.jpg,F1B7705
2023-03-23 04-08-56.jpg,NC180393
2024-10-06 17-13-28.jpg,EPYRX668I
2023-03-05 02-43-05.jpg,DON037
2023-09-03 00-11-19.png,WPPL0448
2022-09-17 15-10-22.jpg,SPCZL402
2024-09-19 21-22-17.jpg,NC8N2635
2023-08-30 10-42-16.png,00CPGC52921
2023-08-29 05-32-12.png,5PHS599
2022-07-07 22-44-01.jpg,CPPKT20
2023-08-29 00-59-09.png,KPNCJ5308
2023-08-29 09-03-59.png,ISPHEZJU3
2023-06-16 17-29-26.jpg,GP6456
2023-08-30 10-18-59.png,NCKS53156
2023-10-05 22-14-56.jpg,EPVV5430
2023-08-29 09-35-04.png,KPCBD6336
2023-08-30 09-39-11.png,LPLL50945
2023-08-29 02-46-52.png,REVIEW_NEEDED
2023-08-29 18-12-43.png,NVPG54454
2023-08-29 14-16-10.png,REVIEW_NEEDED
2023-08-29 10-50-20.png,SGPJ58642I5
2023-08-28 21-05-15.png,KPKY26673
2023-08-28 20-37-12.png,SGPAJ0923
2023-08-29 12-31-20.png,REVIEW_NEEDED
2023-05-09 17-24-51.jpg,007350
2023-08-29 16-00-49.png,ABA1410
2023-08-28 22-25-06.png,25227959
2023-08-30 09-14-52.png,RRBNNSS2A
2023-08-28 16-24-23.png,54W7564
2023-08-30 16-11-27.png,REVIEW_NEEDED
2023-08-29 01-24-02.png,HEABG5126
2022-07-13 11-07-07.jpg,MC8299
2023-08-29 14-10-34.png,52268
2023-08-30 08-48-10.png,HPKQ29721
2022-06-25 08-33-35.jpg,SPAX5555
2023-08-30 09-29-19.png,VCAC6570
2024-11-11 00-48-31.jpg,EP042565
2023-08-28 23-09-23.png,HPCAO6938
2023-08-28 16-17-24.png,SPPH70788
2024-11-04 10-37-12.jpg,CBR5535
2023-08-29 16-30-59.png,CPAAD972
2023-08-29 03-50-55.png,9NPPE51256
2023-06-14 01-35-34.jpg,EPXGCO347
2024-08-29 17-11-02.jpg,423507
2023-09-02 22-55-31.png,WPPE35131
2022-03-18 00-00-46.jpg,MPJKX41O3
2023-08-28 22-07-22.png,REVIEW_NEEDED
2024-08-04 07-26-06.jpg,JE8036J
2023-08-29 08-30-14.png,PPG52828
2023-08-28 21-42-34.png,WPCAV8869
2023-08-29 16-05-33.png,REVIEW_NEEDED
2023-08-28 23-44-21.png,REVIEW_NEEDED
2023-08-29 00-34-47.png,WPPC56334
2023-08-29 06-51-59.png,HPCAX44021
2024-10-01 05-08-58.jpg,7B363
2023-08-29 16-53-26.png,EABA1410
2023-08-29 09-51-15.png,6SPKI59986
2023-08-29 09-28-10.png,4PKH5764
2023-08-28 16-20-45.png,DYQ159
2023-08-29 14-26-32.png,66AAU3711
2023-08-29 07-12-21.png,WELD4
2023-08-29 08-43-43.png,HPCAD7921
2023-08-29 16-55-32.png,WPCBD5552FFETUNU
2024-07-04 17-35-47.jpg,MLR8680
2022-05-19 07-06-00.jpg,POL2643
2023-08-28 16-08-42.png,HPCAC59207
2023-08-29 10-04-53.png,251571
2023-08-30 18-13-16.png,REVIEW_NEEDED
2023-08-28 20-26-57.png,KADII06WP
2022-01-05 09-02-08.jpg,70Z0352
2023-08-29 01-17-27.png,SPPJ53562
2023-08-29 15-39-22.png,252J9425MCNDI
2024-05-20 15-26-35.jpg,MFZ7834
2023-08-29 08-15-17.png,NPPB8838
2023-08-29 05-48-27.png,HPDAD1807
2024-03-07 05-36-33.jpg,EPBR4487
2023-08-29 10-33-59.png,54F8815
2023-08-29 09-45-22.png,20NPPH50802
2023-08-28 19-45-35.png,XP9NY6885
2023-08-29 17-04-46.png,HPND51244
2023-05-22 14-25-34.jpg,XE4508
2023-08-30 16-03-24.png,EPGD56270
2023-08-29 17-26-29.png,TRE4857450
2024-09-22 14-59-31.jpg,SPM12229
2023-08-28 16-19-04.png,5725137
2022-10-10 18-41-15.jpg,WPT19864
2023-03-17 12-14-33.jpg,CPIZV6298
2023-08-30 10-14-19.png,MHCAN3787
2022-10-23 15-24-15.jpg,MZR3445
2023-07-07 15-33-21.jpg,NCAZ3361
2023-08-29 02-51-55.png,5953289
2024-04-23 21-20-31.jpg,MEPP43T
2023-08-29 12-19-24.png,5358096
2023-10-28 01-09-02.jpg,SCZI7O
2023-08-29 06-45-31.png,IPKW598691
2024-07-05 18-38-21.jpg,001933
2023-08-30 09-45-19.png,HPCAD0833
2023-08-29 02-23-04.png,5951579
2024-08-01 18-24-00.jpg,SKI297
2023-08-29 17-26-42.png,KPCAL8758
2023-08-28 22-36-18.png,REVIEW_NEEDED
2023-08-30 15-40-22.png,EPCAX5285
2022-08-08 14-32-50.jpg,09J9549
2023-08-29 17-05-24.png,FABA141
2023-08-28 20-59-43.png,RCBA6309
2023-04-29 17-25-28.jpg,NPNAX8062
2023-08-29 14-58-37.png,NWGP55791
2023-09-02 23-33-09.png,HYUZ1404
2023-08-28 21-36-19.png,SPCAH3493
2023-08-29 16-02-15.png,25226954
2023-08-29 11-22-38.png,CPNC75329
2023-08-29 15-27-34.png,0PJF6092
2023-08-29 08-38-17.png,IPPG51028
2023-08-30 18-25-35.png,HPPG56651
2022-10-30 13-01-46.jpg,CPXU67IO
2023-08-29 16-03-40.png,FPPJF7052
2023-09-26 02-30-18.jpg,EPPK785Q4
2023-08-29 07-07-33.png,WPCBH0550
2023-08-28 19-07-11.png,HPCBK3675
2023-08-29 16-06-35.png,49CC
2024-03-25 10-20-13.jpg,SP1M990
2023-08-29 08-51-55.png,25125183
2023-08-28 20-42-12.png,HPKUJ55551
2024-04-08 15-03-43.jpg,NZG3870
2023-08-28 16-20-59.png,REVIEW_NEEDED
2023-04-25 03-26-54.jpg,WPEZQ3387
2022-06-25 02-08-36.jpg,YY4086
2023-08-29 07-16-15.png,5654400
2023-08-29 14-30-29.png,0PHW59998
2023-08-29 10-04-22.png,4PPC52995
2022-04-10 09-29-33.jpg,SPHCI34
2023-08-29 07-20-33.png,NB51963
2024-01-28 10-42-37.jpg,ZH63378
2023-08-29 01-45-32.png,HPKN4834
2023-11-03 09-22-38.jpg,CPK4795
2024-06-29 02-37-43.jpg,VJ8O1G9
2023-08-29 14-05-57.png,I56
2023-08-28 23-12-08.png,EFKV20763
2022-01-29 02-17-40.jpg,EP476083
2024-12-24 07-20-42.jpg,MCMAD0470
2023-08-30 20-54-14.png,SPPE33281
2023-08-29 09-17-53.png,2HPCAZ7738
2023-08-30 10-19-53.png,2NHCAV5450
2023-08-29 14-47-42.png,6227516
2023-03-07 13-53-24.jpg,POC76
2023-08-29 00-54-36.png,SPCAH9918
2023-08-30 17-09-00.png,25026627
2023-08-29 18-25-57.png,HPCBL6377
2023-08-29 01-13-37.png,E25251612
2023-08-28 20-56-12.png,NCCBG6593
2023-08-30 18-10-50.png,3PC70386
2023-03-01 11-47-34.jpg,NHROX5756
2023-08-29 08-53-13.png,50560187
2024-07-11 22-53-08.jpg,EPFCI7094
2023-08-29 07-05-12.png,HPKM56260
2023-08-29 04-47-07.png,NHAAQ5076
2023-08-29 01-20-58.png,CPPE08881
2023-08-29 16-15-41.png,EABA1410
2023-08-29 11-28-31.png,5378536
2023-08-07 18-13-58.jpg,D53581
2023-08-30 08-55-22.png,EPGG51808
2023-08-29 14-48-55.png,EKMF4262
2023-08-30 15-29-15.png,WPCBC0615
2022-06-13 21-51-26.jpg,7GT5517
2023-08-30 17-01-29.png,21793HPHK
2024-09-05 01-16-41.jpg,LR6528
2023-08-29 07-21-45.png,SGAAA6462
2024-04-24 00-28-43.jpg,MCRGJ6987
2023-08-28 22-39-15.png,WPHB58150
2023-09-02 22-58-39.png,CPCAM3888
2023-08-29 15-53-05.png,CPPF59958
2023-08-30 09-24-54.png,Q
2023-08-29 16-32-02.png,WPPF59266
2024-01-30 17-22-17.jpg,RCPNR6557
2023-08-29 07-33-35.png,HPCAG3908
2023-08-30 10-54-51.png,WPCAH5522
2023-08-29 15-19-57.png,HPPD54562
2022-05-03 06-20-51.jpg,ESJ5797
2024-08-07 17-58-55.jpg,WPVNX5938
2024-09-17 03-13-03.jpg,MPCHL86O2
2023-08-29 06-18-36.png,CPCBF4888
2023-08-29 08-31-09.png,MPKM5139
2023-08-29 14-00-54.png,MPQA56081
2022-04-17 03-01-18.jpg,EPCZJ9010
2023-06-24 10-36-19.jpg,CUZE
2023-08-28 19-14-51.png,FJ058
2023-08-30 09-12-22.png,5633772
2023-05-01 01-23-00.jpg,0A04450
2023-08-29 01-21-17.png,PC55353UUP
2023-08-30 10-27-57.png,CPRL100
2023-08-29 01-15-11.png,252310
2023-08-29 09-22-44.png,HPKSG6521
2023-09-25 16-05-05.jpg,RG3262
2023-08-28 19-16-46.png,ISGYK27730
2023-08-29 04-41-56.png,HPCAS7352
2023-08-29 10-06-55.png,MPKFJ5210
2023-08-29 15-14-57.png,NACAN4706
2023-08-29 08-41-17.png,REVIEW_NEEDED
2023-08-30 18-35-15.png,CPAAD3659
2024-08-15 04-58-35.jpg,N4G8477
2023-08-29 01-40-32.png,KFKHI6225
2023-08-30 17-51-33.png,HPCBD6448
2023-11-28 20-08-22.jpg,MF9015
2024-03-11 18-05-01.jpg,MB4122
2023-11-15 05-40-44.jpg,MPZV4012
2023-08-29 10-41-21.png,MCAZ976
2022-11-23 12-19-09.jpg,MV0405
2023-08-30 11-16-15.png,HPGBF
2023-09-02 23-32-44.png,SGCAL2115
2023-09-02 23-50-59.png,RPCBC7530
2023-01-31 01-48-57.jpg,SPLMF3566
2023-08-29 17-16-51.png,NPJJ27088
2024-08-09 05-06-46.jpg,SPZOB3930
2024-01-27 17-37-30.jpg,EPTGO469
2023-08-29 14-37-26.png,REVIEW_NEEDED
2024-07-12 07-30-45.jpg,MPLZR69IS
2023-09-02 23-41-14.png,NCPEG8396
2023-08-29 15-25-02.png,32522437
2023-08-30 16-43-22.png,CPKMF3051
2024-05-20 15-21-11.jpg,CPOTL6367
2022-09-02 08-16-03.jpg,SPXHJ04
2023-08-28 16-21-19.png,MPKFG3130
2023-08-28 20-52-51.png,SGPA50923
2023-08-30 17-58-07.png,25038236
2023-04-22 15-28-13.jpg,WM8935
2023-08-29 09-53-31.png,RECAQ0722
2023-08-29 12-47-10.png,MPHHJ6026
2022-08-23 11-59-38.jpg,XNTTBB5
2024-12-17 01-45-25.jpg,EPRK4389
2022-06-15 13-38-31.jpg,NCKRZ736
2022-02-27 17-31-06.jpg,SPVRH269I
2023-04-03 10-04-17.jpg,SPD9353
2023-07-11 20-08-47.jpg,EFMP1478
2023-08-28 23-21-32.png,NPGQG1389
2023-08-30 18-04-25.png,WPIKF73245
2022-09-10 08-21-07.jpg,EPNW7924
2022-06-29 06-08-30.jpg,X89673
2023-10-25 20-22-35.jpg,NWEXQ8574
2023-10-07 05-44-40.jpg,MPDHB2691
2023-07-04 17-24-21.jpg,BEK332
2022-02-14 22-05-05.jpg,GV0645
2023-08-29 08-43-33.png,HPCAE2959
2022-12-14 23-34-12.jpg,MFKI077
2024-08-11 17-00-42.jpg,NCZC3393
2023-09-02 23-07-49.png,5PKF52415
2023-08-29 07-30-05.png,SPJG290
2022-09-02 08-54-46.jpg,CPKT2330
2023-02-03 18-37-04.jpg,8Y9056
2024-01-16 16-38-09.jpg,02577
2023-08-29 17-45-19.png,REVIEW_NEEDED
2023-08-29 07-10-59.png,NPNGZ5656
2023-08-29 08-57-51.png,80HPCAG8045
2023-08-29 11-24-46.png,EPGX55313
2024-08-17 12-30-33.jpg,K062125
2023-08-30 16-47-21.png,KPPE53220
2023-08-30 16-59-21.png,PBGBAM1
2023-08-30 18-45-35.png,WPPI79758
2023-08-30 15-32-51.png,REVIEW_NEEDED
2023-09-02 23-46-29.png,MPKL66732
2023-09-02 23-06-54.png,HPCAL1972
2024-08-06 15-37-53.jpg,WP0T793
2023-08-28 21-54-29.png,5873592
2023-06-04 07-36-20.jpg,NWGND5054
2023-08-28 20-56-35.png,CPCAM5878
2023-08-28 23-54-22.png,252534
2024-09-06 06-10-40.jpg,CPJTT7102
2024-11-03 03-30-12.jpg,WP0V0764
2023-09-02 23-51-28.png,CHJ59434
2024-03-27 20-58-23.jpg,S87768
2023-08-30 15-10-14.png,KPCAS9771
2023-08-29 17-49-55.png,NHE53169
2023-08-29 07-36-18.png,50NCND53458
2023-08-28 23-41-38.png,CBL1141KP
2024-04-03 19-11-04.jpg,AE8O76
2023-08-30 17-03-06.png,CBM2988
2023-12-20 16-31-45.jpg,SPFQ1E972
2023-08-29 15-38-06.png,25225148
2023-10-06 14-26-54.jpg,XJ18846
2024-08-15 17-57-43.jpg,LAE462
2023-08-30 08-46-13.png,KPKO59664
2023-08-09 10-50-04.jpg,NWDOF5204
2023-07-10 01-53-32.jpg,EPDY6456
2023-10-23 14-38-10.jpg,0103987
2024-01-20 09-00-42.jpg,NHNJA4381
2023-08-29 07-19-39.png,HPCBG5861
2023-08-29 08-46-32.png,9NHCAU1795
2023-08-30 15-13-12.png,6121283
2022-06-06 18-32-58.jpg,ZVK6234
2023-02-10 15-14-10.jpg,EP0T7990
2023-08-29 02-58-59.png,REVIEW_NEEDED
2023-08-29 17-57-12.png,HPKV4881
2023-08-28 20-43-06.png,HPCAG9747
2023-06-14 07-47-59.jpg,007704
2023-08-29 02-39-46.png,CPCAK6415
2023-08-28 21-21-48.png,PCAH2559
2023-08-29 14-40-41.png,HPCAD3086
2023-08-30 17-20-46.png,WPPI56245
2023-08-29 15-36-42.png,FRS76Q
2023-06-11 12-42-02.jpg,CPCEE3931
2024-11-15 17-23-19.jpg,NFSEJ8934
2023-08-29 11-14-35.png,5422830
2023-12-28 06-50-24.jpg,T082275
2023-08-29 12-25-38.png,MPCF8235
2023-08-09 14-22-19.jpg,NCJCY1399
2024-06-25 11-22-14.jpg,CPEZNO233
2023-08-29 11-02-12.png,APCBD0496
2022-05-25 00-27-31.jpg,SPZBA0363
2023-08-29 10-47-18.png,HPCBK6967
2022-08-22 07-30-58.jpg,NCNX4SIE
2023-08-29 00-19-50.png,NCAC4266
2023-08-29 07-23-41.png,MPCBK90165
2023-08-29 15-13-59.png,MPHS50808
2024-02-26 03-45-20.jpg,MPSVIB23
2023-08-26 21-53-55.jpg,SHJ5SIZ
2024-06-08 13-06-42.jpg,163517
2023-08-29 10-58-31.png,HPCAG0147
2024-05-26 05-26-38.jpg,R0J70533
2022-04-25 12-15-24.jpg,DXBIO4
2023-07-11 10-59-21.jpg,UPGI778
2023-08-29 09-15-17.png,HPJLI9331
2023-08-29 12-14-44.png,HPHQ54538
2024-11-06 11-28-09.jpg,NCGR5I53
2022-12-27 22-50-22.jpg,25434
2024-04-03 00-45-09.jpg,RGG8925
2023-08-28 19-52-14.png,MPKI50502
2023-08-29 04-39-58.png,REVIEW_NEEDED
2023-05-29 12-25-41.jpg,DBO2691
2024-09-15 23-40-15.jpg,N0ZE1453
2022-10-13 07-31-13.jpg,YS4786
2023-08-29 08-54-04.png,RPCAJ8016
2023-01-06 17-13-35.jpg,NCTY6276
2023-08-30 18-13-35.png,REVIEW_NEEDED
2022-05-15 17-49-21.jpg,NCTRO637
2023-08-28 21-40-45.png,HPCBA8305
2023-12-20 00-34-00.jpg,FK5257
2023-04-04 23-09-10.jpg,MC6944
2024-09-18 19-27-06.jpg,57PR14429
2022-11-21 09-26-45.jpg,EPHLT9273
2023-08-28 20-19-52.png,5952445
2022-12-02 13-34-06.jpg,CE0I759
2023-08-29 15-09-11.png,REVIEW_NEEDED
2024-11-11 09-37-33.jpg,EPZC5843
2023-08-29 10-14-05.png,EPGA3731
2024-07-21 10-02-46.jpg,NC0D75021
2023-08-30 17-42-41.png,0HPPK76927
2022-05-05 07-19-19.jpg,MPECN8I79
2023-09-02 22-51-53.png,FF
2023-08-30 17-50-43.png,NHHQ59874
2022-08-31 07-56-30.jpg,SPHACI482
2023-08-28 22-14-43.png,PGL597
2023-08-29 09-30-41.png,HPPF28643
2023-08-29 09-00-24.png,60NPPC76023
2023-08-29 10-06-57.png,REVIEW_NEEDED
2022-06-05 13-31-50.jpg,EPTV24392
2023-08-29 09-21-57.png,619228
2022-11-09 22-13-29.jpg,SPANSI73
2024-11-19 17-22-11.jpg,SPTYZI7
2023-08-29 06-25-58.png,PGAOZ
2023-08-29 15-27-06.png,2D3
2024-07-08 06-53-39.jpg,LCR4525
2023-08-28 23-56-08.png,HPCAB9791
2023-08-29 02-33-04.png,FKUJ5636
2023-08-28 22-12-05.png,AAV26421CP
2023-08-29 03-57-32.png,IPCAQG667
2023-08-28 23-24-10.png,HPKEF6073
2023-08-29 15-19-39.png,HIACE
2023-08-29 14-18-25.png,AW
2024-01-30 10-20-26.jpg,UN9208
2023-08-30 17-37-54.png,PPI0237
2024-12-16 02-39-56.jpg,NWJS19274
2023-08-28 20-34-08.png,30361883
2023-08-28 21-41-34.png,2508824
2023-08-29 02-47-44.png,WPCBG1794
2023-08-28 22-08-59.png,CPAAV75451
2023-08-29 16-34-55.png,KPQH6915
2023-08-29 09-17-25.png,D15471177
2023-08-29 17-32-38.png,WPPJ52947
2023-09-24 12-05-21.jpg,J8852
2023-08-30 18-09-53.png,ACA7611
2023-08-30 18-04-14.png,GPPE575931
2023-08-29 00-54-10.png,EPPC58565
2024-06-07 19-07-16.jpg,MPYDDS601
2023-09-02 23-38-51.png,APCBC7530
2023-08-28 20-29-22.png,HPAHJ5478
2023-08-28 20-49-18.png,CTKRJ5871
2023-08-28 23-07-33.png,KP6453031
2023-09-02 23-11-28.png,MPPE54683
2023-08-30 20-46-12.png,REVIEW_NEEDED
2023-08-29 08-49-59.png,CPKF766C9
2022-10-26 13-01-41.jpg,RZ3570
2023-08-29 04-47-39.png,NKAAQ5076
2023-08-29 12-25-39.png,REVIEW_NEEDED
2023-08-30 08-52-06.png,6GCAP9962
2023-08-06 20-16-00.jpg,SPP104243
2023-08-29 15-25-59.png,8KPCAJ40
2023-08-28 19-53-41.png,ISGYQ58026
2023-08-29 08-35-30.png,NHCAS7802
2023-07-15 03-37-16.jpg,NCB76735
2023-09-02 23-50-03.png,HPCAP5038
2024-03-29 17-37-47.jpg,NHXAO443
2023-08-30 18-10-44.png,SGNC59295
2024-05-18 19-26-11.jpg,NCFRZOS9
2023-08-30 10-36-07.png,WPDAE5392
2022-03-09 01-34-39.jpg,XK8698
2022-10-11 01-51-30.jpg,000994
2023-08-29 16-47-04.png,XWAAU0038
2023-06-22 23-28-24.jpg,SP10364
2022-10-19 02-09-54.jpg,GP2574
2023-08-29 09-35-27.png,HPGJ50068
2023-01-25 20-29-56.jpg,D808
2024-04-15 05-19-13.jpg,X216899
2023-08-28 15-13-58.jpg,NCSD2487
2022-07-16 07-21-10.jpg,7858
2022-11-07 16-13-45.jpg,VT08918
2023-08-30 11-20-33.png,FEPK2820
2023-08-29 02-35-01.png,6
2023-09-03 00-09-26.png,QCAL1979
2023-08-29 09-04-57.png,KGPK20423
2023-08-30 18-06-17.png,INUU
2023-05-08 23-05-06.jpg,SPQGW7382
2023-09-02 23-12-49.png,CPCAN7636
2023-08-28 20-51-04.png,HPPI76228
2023-08-30 09-42-42.png,SGPJF1227
2023-08-30 15-39-29.png,25035717
2023-08-30 16-03-31.png,HPVG51119
2023-08-29 00-23-52.png,AAS
2024-10-23 07-39-47.jpg,TH04908
2022-10-17 04-56-36.jpg,LR9478
2023-08-29 14-36-01.png,IKPA55127
2023-08-28 16-15-52.png,NACBE3214
2023-09-03 00-02-16.png,EPJ56055
2023-08-28 20-43-32.png,WPDAE5322
2022-04-01 07-45-13.jpg,KX7703
2023-08-28 20-54-10.png,MPKV0442
2023-08-28 16-20-09.png,HPPI56558
2023-08-29 17-03-52.png,QPAAA4088
2023-08-28 22-16-22.png,NACAN8270
2023-08-28 20-25-21.png,KPKU25555
2023-08-29 10-25-33.png,HPCAD7921
2023-08-29 09-09-21.png,HPCAU5652
2023-08-25 04-32-06.jpg,EP6362
2023-08-30 08-51-06.png,FPCAN4288
2023-08-28 22-57-01.png,HPPG51226
2024-04-25 06-49-37.jpg,D7AJ5325
2023-08-29 11-59-18.png,HPCBL6594
2024-11-27 01-06-39.jpg,AJY6213
2023-08-29 15-47-29.png,HPCBJ7941
2023-08-29 02-50-51.png,CPCAD8753
2023-02-03 00-15-07.jpg,MIRT323
2024-04-02 15-29-16.jpg,04404774
2023-08-28 20-16-47.png,KPCAA8802
2023-08-29 00-46-10.png,MPAAN52
2023-08-30 21-00-40.png,NKQ52238
2023-08-29 08-36-06.png,HPPE5988
2023-06-02 13-47-51.jpg,AC2TT
2023-12-20 01-16-16.jpg,0N2799
2023-08-29 10-43-04.png,SGCAH3774
2023-08-30 10-17-32.png,CPKT37551
2024-11-27 12-25-34.jpg,T0L6628
2022-05-09 13-36-14.jpg,EPI0090
2023-09-02 22-52-30.png,MPPJF5241
2022-12-27 23-35-49.jpg,05430
2023-08-29 14-05-02.png,0CPYF51796
2024-08-28 08-27-58.jpg,P2385
2023-08-30 17-04-04.png,FPPG56651
2023-08-29 01-37-49.png,SBH05155
2023-08-30 11-04-49.png,GH3446
2022-04-14 20-29-24.jpg,EPAK9848
2023-08-29 15-13-52.png,25025966
2023-08-29 09-29-31.png,SGAAX0654
2024-03-15 04-25-45.jpg,M49883
2023-08-30 10-26-52.png,10PI55421
2024-02-29 11-44-53.jpg,PNY2076
2023-08-30 15-33-45.png,MAAAB124
2023-08-29 15-07-59.png,CPJF79229
2023-08-29 12-41-51.png,PG58655
2023-08-29 09-12-30.png,AAR0202
2023-08-28 19-57-11.png,DPCBH0360
2022-01-09 17-43-04.jpg,WGN085
2023-07-31 17-50-19.jpg,CPML2252
2023-04-05 03-00-14.jpg,WKV5492
2022-07-18 05-15-22.jpg,LP74344
2023-11-10 09-49-21.jpg,1J0047
2023-08-28 21-18-31.png,07BH03153
2023-01-17 21-37-52.jpg,MFOCA942
2023-04-24 11-49-35.jpg,SFB4307
2023-08-28 20-00-48.png,15429218
2023-08-29 01-46-36.png,IPKTA8219
2023-08-28 19-07-12.png,PH3554
2022-05-13 07-52-57.jpg,0JL561O
2023-08-29 09-14-49.jpg,TSP5927
2023-08-29 04-04-10.png,CAU8947SP
2023-08-29 10-29-06.png,SPND58520
2023-08-29 03-33-29.png,YEYR39112129
2023-02-21 10-12-52.jpg,0830Q0
2023-08-29 01-22-42.png,NPGFG2577
2023-08-30 16-55-41.png,S8KPCAQ1353
2022-03-24 18-37-25.jpg,0SLZ242
2023-08-29 16-18-09.png,PJF4240
2023-08-29 06-50-36.png,HPDAE53221
2023-08-29 04-59-19.png,UPYABE5613
2023-08-29 16-49-11.png,HPPA58623
2023-08-29 08-12-59.png,PKU38553
2023-08-29 00-37-49.png,25057649
2023-08-30 18-27-41.png,KJ2654
2023-08-29 02-23-40.png,KCBH5468
2023-08-29 18-33-10.png,GRJ7115
2023-08-28 20-33-07.png,NEBGH6470
2023-01-16 01-54-22.jpg,0J5329
2024-12-09 22-38-45.jpg,D44396
2023-09-03 00-03-58.png,MGNF3849
2022-06-21 06-23-00.jpg,TYX0145
2023-08-29 05-24-02.png,HGJ1765WP
2023-08-29 15-26-10.png,EPPG2880
2024-09-22 04-06-02.jpg,NCAS7408
2023-08-29 15-32-05.png,REVIEW_NEEDED
2023-08-29 07-44-04.png,HPCBL2334
2022-07-02 18-15-23.jpg,SPGS6777
2023-08-29 15-32-21.png,0HPJP50993
2023-08-30 15-31-27.png,HPCAK6728
2024-10-09 22-47-27.jpg,04003633
2023-08-29 14-14-55.png,SGAAT9362
2024-09-16 01-18-52.jpg,903360
2024-02-02 11-06-26.jpg,NYAZ9792
2023-08-30 09-28-33.png,HPGXF4172
2023-08-29 00-19-00.png,0SPKP2974
2023-09-02 23-15-52.png,HPBCF3477
2023-08-30 16-41-26.png,CPCBH0867
2023-08-28 22-19-33.png,HPKXF3409
2024-07-30 11-58-53.jpg,005123
2023-08-29 08-15-24.png,0NPPB23764
2023-08-28 20-24-12.png,NCPD51151
2023-12-11 02-51-47.jpg,NCRDTZTO
2023-08-30 17-21-21.png,40NPPF54503
2023-08-29 09-52-57.png,HPJN9197
2023-03-15 12-14-42.jpg,FPJC14494
synth_00004.jpg,PJP242
2023-08-29 03-28-43.png,IQJZ3197
2023-08-29 03-00-23.png,APCAA7977
2023-08-30 08-32-44.png,WPHGZ4832
2023-08-25 08-16-23.jpg,EPV07061
2022-07-13 02-34-33.jpg,NWT0D0948
2023-08-30 16-03-13.png,NCABC5968
2024-12-04 07-50-08.jpg,YROD02
2023-08-28 23-18-22.png,HPDAE5322
2023-08-29 11-43-50.png,SPPG54793
2023-09-03 00-00-43.png,NKB79250
2023-08-28 19-57-58.png,ABB1HOGT
2023-08-29 03-33-51.png,S6ABJ8562
2023-08-28 21-46-20.png,5851020
2023-08-29 01-24-31.png,SPGV8440
2023-08-30 09-12-41.png,HPPD58778
2023-08-29 15-12-21.png,HOR
2023-08-29 08-28-54.png,25146809IU301
2023-08-29 12-56-19.png,25377081
2023-08-29 06-57-42.png,KPCAR6167
2023-08-29 11-24-59.png,WM6243448
2023-08-29 03-20-48.png,SGKN59055
2023-08-28 16-12-28.png,KPKUH5351
2023-08-30 15-46-44.png,25431852
2022-09-19 12-03-54.jpg,EPSIR4470
2023-08-28 19-05-53.png,WPPH53551
2023-08-29 08-15-48.png,SGVI72115
2022-05-31 19-43-43.jpg,LRK243
2022-05-31 22-57-11.jpg,MPEUR8879
2023-08-29 09-53-09.png,REVIEW_NEEDED
2024-11-28 09-32-31.jpg,EP03V4755
2023-08-28 23-48-37.png,9CKL73990
2023-01-02 01-45-19.jpg,XP5454
2023-08-29 02-57-37.png,CPCAM2104
2023-08-29 15-58-11.png,CPABV0393
2024-09-05 04-20-37.jpg,MPGYI254
2023-04-22 04-04-44.jpg,21382
2022-08-08 08-37-03.jpg,NCTQ8929
2024-02-01 01-58-22.jpg,T04963
2023-09-03 00-50-57.jpg,L8S6653
2023-08-29 10-43-55.png,HPCAM1747
2023-08-29 14-01-05.png,HPCAY8012
2022-07-03 15-13-54.jpg,G117082
2023-08-29 01-44-10.png,6PI9298
2023-08-28 16-05-45.png,MJU
2023-10-25 14-40-54.jpg,076903
2022-04-16 18-32-08.jpg,EP719039
2024-12-01 22-52-40.jpg,MWUZ2587
2023-08-29 04-47-46.png,NKAAQ5076
2023-08-29 04-17-39.png,SHS51116
2022-04-19 05-07-50.jpg,UL3269
2024-08-10 20-43-07.jpg,MP04490
2023-08-28 16-09-28.png,NPNA755726
2024-01-03 05-26-25.jpg,0J535
2023-03-25 23-35-50.jpg,MCAL8734
2023-08-29 18-23-09.png,SPPF20622
2023-08-30 15-40-28.png,CPKTF8164
2023-05-27 02-37-12.jpg,D0N5229
2023-08-29 01-09-07.png,EPCBA9123
2022-09-25 23-53-48.jpg,GF4857
2023-08-28 22-20-00.png,SPPI58238
2023-08-29 16-23-51.png,REVIEW_NEEDED
2024-10-04 05-08-10.jpg,HF10P356D
2023-08-28 19-21-06.png,AFKAJ3122
2023-09-03 16-08-26.jpg,RX0854
2022-04-14 13-47-17.jpg,MP4A5033
2023-08-29 02-13-48.png,5479603
2023-09-03 00-01-54.png,CPPJ5363
2022-12-15 13-13-33.jpg,QKA7544
2023-08-30 15-24-08.png,REVIEW_NEEDED
2023-08-29 16-00-55.png,REVIEW_NEEDED
2023-08-29 10-07-57.png,HPPA58173
2024-06-11 13-27-00.jpg,1077691
2023-08-29 10-23-48.png,MGR52121
2023-08-29 09-51-29.png,CAX1541
2023-08-29 06-40-00.png,NWJK53263
2022-04-16 16-13-26.jpg,ZE494B
2024-12-29 16-31-17.jpg,WPBCP8257
2022-02-11 03-26-08.jpg,GM393
2023-04-08 16-45-10.jpg,5P9W1522
2024-02-15 10-04-59.jpg,083766
2023-08-30 16-22-20.png,25226668
2023-08-30 17-18-48.png,SPCAK3246
2023-08-29 00-14-14.png,KP0S
2023-08-28 23-26-31.png,HPKT76235
2023-08-29 08-28-24.png,0NPPB52186
2023-08-29 15-01-09.png,5074738
2024-03-04 12-47-24.jpg,MPMR7A4
2023-09-02 23-47-50.png,WPPE59481
2023-08-29 02-42-09.png,SPKY7143
2023-11-24 16-38-34.jpg,2Y8955
2023-09-02 22-54-36.png,HAAL562
2022-01-25 08-33-40.jpg,CR2855
2023-08-30 08-52-41.png,UPCAT2347
2023-08-28 16-14-59.png,SP25259081
2023-09-14 23-46-14.jpg,CF4656
2024-12-20 03-09-22.jpg,WPHJWGO6
2023-08-30 15-06-32.png,CPAAJ2582
2023-08-28 16-19-45.png,NACAH9847
2023-09-02 23-06-00.png,QPPE52252
2023-08-29 02-35-23.png,KPCAI2428
2023-08-30 09-33-06.png,GCAV2622
2024-12-20 08-13-17.jpg,EPFFJ164
2023-08-29 01-08-40.png,PJ7131
2024-01-27 18-29-28.jpg,SKK557S
2023-08-29 15-13-04.png,QX20
2022-04-24 05-45-46.jpg,MF35870
2023-08-28 23-07-43.png,WP2843455
2022-01-08 06-21-24.jpg,SPMWY2415
2023-08-29 04-11-49.png,ESGYE58368
2023-08-28 20-59-10.png,WPPL51575
2023-08-29 14-47-28.png,0ABRZ4
2023-08-29 00-24-36.png,SPKOA4703
2023-08-30 11-41-55.png,RPAAB3617
2023-08-29 08-06-53.png,HPCAJ8253
2022-06-19 12-59-35.jpg,NCQAA6684
2024-07-01 00-12-38.jpg,CSI077
2023-08-29 11-37-58.png,HPPK1775F
2023-08-30 18-35-34.png,NKAAN4746
2023-08-29 12-24-08.png,RRPD55361
2023-08-28 19-15-44.png,MPCBJ5901
2023-08-29 14-19-22.png,GPAAL2059
2023-08-29 07-53-32.png,HPHF57941
2023-12-23 22-33-20.jpg,07L4745
2023-08-29 07-00-02.png,585219
2022-02-15 01-31-07.jpg,076358
2024-11-21 21-36-49.jpg,YVUI959
2024-08-05 14-01-03.jpg,EPXPJ7581
2024-11-03 08-39-35.jpg,TC4806
2023-08-30 11-23-42.png,6642223
2023-08-29 15-27-14.png,REVIEW_NEEDED
2023-08-29 10-33-04.png,SGYS558181
2023-08-29 14-08-12.png,KPPG52374
2023-08-30 20-36-43.png,KPCAO54607
2023-08-30 16-19-02.png,FPHC57622
2023-08-29 17-18-48.png,NHAAB2279
2023-08-30 17-06-04.png,CP590824
2023-08-29 08-06-45.png,CPGN56837
2023-08-28 16-21-03.png,REVIEW_NEEDED
2023-08-29 16-10-19.png,EABA1410
2023-08-30 18-05-06.png,KPCAZ7745
2023-08-29 06-18-43.png,6175060
2023-08-29 01-31-16.png,MCBG1276
2023-08-29 14-42-59.png,5224214
2023-03-10 21-26-42.jpg,047978
2023-07-21 08-17-48.jpg,EPGEXIBS
2022-08-06 06-55-04.jpg,CF3R4ES
2023-08-29 11-02-15.png,SPCAD4037
2023-08-30 17-50-26.png,HPJH23435
2023-08-30 17-43-58.png,NE
2023-08-28 23-35-31.png,WPCAU8688
2023-08-29 06-33-59.png,EPPE56401
2024-04-24 18-10-31.jpg,5U05265
2023-08-28 23-31-36.png,KCAD0312
2023-01-25 11-42-03.jpg,NXA7744
2023-01-19 01-25-53.jpg,CBE5962
2023-08-29 18-04-10.png,KPCAZ5456
2023-08-29 10-57-19.png,5857515
2023-04-02 17-58-22.jpg,RKTOO68
2023-08-29 17-58-32.png,15728NPPJ
2023-08-29 15-38-19.png,23047562
2022-11-25 17-28-36.jpg,CKE3702
2023-08-29 10-10-13.png,EPJB22786
2023-08-29 08-57-39.png,MNKHE3155
2023-08-29 09-17-43.png,MPPL1825
2022-07-14 07-51-55.jpg,AOC5OMA
2024-02-16 16-03-26.jpg,P03237
2023-08-29 16-03-27.png,DM12521539ET487
2024-11-14 23-34-19.jpg,EPDPS3427
2023-08-29 15-57-07.png,EPABK2183
2023-08-30 09-23-55.png,REVIEW_NEEDED
2023-10-26 19-43-35.jpg,N7L19696
2023-08-29 16-25-24.png,KPCAI1407
2023-12-01 07-55-55.jpg,MPIETJJ
2023-08-29 05-22-23.png,HPNDJ2375
2023-06-11 03-41-16.jpg,YAK5626
2023-12-21 18-23-48.jpg,PC344
2023-08-28 20-08-14.png,CAH6796
2023-08-29 12-57-13.png,IPAAS011
2023-08-28 22-31-51.png,KPCAL4030
2023-08-29 11-23-38.png,88HPPJ5247
2022-08-24 23-49-44.jpg,HHGI087
2023-08-30 18-37-12.png,CPKP25454
2023-11-09 04-18-01.jpg,VHN5626
2023-08-30 10-52-29.png,REVIEW_NEEDED
2024-04-04 16-54-08.jpg,EPHXK7214
2023-12-13 20-05-49.jpg,CPNRPSGI8
2023-08-30 09-17-12.png,0SPLO570027
2023-08-28 22-12-44.png,CBK3117WP
2023-08-28 20-20-19.png,3043825
2023-08-29 11-21-43.png,NKI27222
2022-10-19 23-59-07.jpg,534973
2023-08-30 08-40-58.png,253A5684
2023-06-29 07-38-00.jpg,MPHLK3I30
2023-08-28 20-20-34.png,HPPC51663
2023-08-29 08-23-50.png,WPPH53365
2023-08-29 12-29-58.png,TARGHT
2023-09-02 23-40-49.png,LKAZ4738
2023-08-29 04-40-45.png,HPCBB6596
2023-08-29 10-53-43.png,NPP51876
2023-08-29 14-36-28.png,BPPF5170
2023-08-29 12-31-47.png,MHPH54431
2023-08-30 11-16-54.png,KPABT2705
2023-08-28 22-16-07.png,WPCBC9861
2024-02-19 15-04-01.jpg,0JL9769
2024-06-28 10-48-24.jpg,VB41OZ
2023-08-29 16-58-07.png,FABA1410
2023-08-30 17-39-53.png,HPAAA7425
2023-09-02 23-36-23.png,WPCAZ4417
2024-01-22 07-57-27.jpg,NCR16859
2023-08-28 22-57-02.png,UPPC50953
2023-09-02 23-51-23.png,IGY8818
2024-12-15 11-09-27.jpg,EP824745
2023-05-26 20-18-53.jpg,WPVK568
2023-08-29 10-34-35.png,1722306
2022-06-10 06-19-18.jpg,RR0447
2024-10-13 03-56-03.jpg,783J01
2023-08-29 10-07-09.png,25258369
2023-08-29 06-00-59.png,CPPG74694
2023-02-08 17-20-24.jpg,LZC806I
2023-08-29 05-50-18.png,CPCBB7237
2024-08-29 20-23-10.jpg,0H4433
2023-04-15 17-53-43.jpg,L03785
2024-11-27 07-39-55.jpg,NWMM6669
2024-03-31 20-20-03.jpg,DN07698
2023-08-29 13-03-37.png,HPCAR7962
2023-08-28 20-08-31.png,NKAAQ5818
2023-09-03 00-04-34.png,QPCAF5256
2022-04-09 14-51-01.jpg,NCGBV6867
2023-08-28 19-37-42.png,28H03153
2023-10-10 06-55-07.jpg,EPWC02220
2023-08-29 11-24-18.png,6222482
2023-08-29 06-56-03.png,0KPKRE8773
2023-08-29 01-36-50.png,I56KNE5122
2023-08-28 21-34-42.png,REVIEW_NEEDED
2022-10-10 19-38-51.jpg,NMMF3018
2023-08-29 09-41-24.png,WPCAX7606
2023-08-29 08-19-32.png,RPCBD8523
2023-08-30 09-09-00.png,42YAF7825
2023-08-29 16-10-49.png,00MPABR0626
2023-08-29 03-19-34.png,23441562
2022-02-11 11-34-45.jpg,71228
2022-03-25 11-49-09.jpg,CP7O3618
2024-09-30 14-55-02.jpg,EP4N8752
2023-10-24 13-38-32.jpg,MPOLQ6640
2023-08-29 17-13-38.png,WCAY3312
2023-08-29 06-02-28.png,HCBF2646
2023-08-30 15-03-01.png,HPPH8121
2022-03-11 23-23-24.jpg,PR44308
2024-09-12 18-21-25.jpg,NM8164
2023-08-30 09-10-47.png,FPKH27637
2023-10-09 22-28-56.jpg,CPYI468
2023-08-28 22-43-50.png,HPCAV9588
2022-06-29 08-34-07.jpg,KPYQU2853
2023-08-29 17-24-52.png,EABA1410
2023-08-28 20-07-57.png,2631
2023-08-28 20-57-25.png,25153915
2024-01-19 19-59-05.jpg,NWKA6655
2023-10-27 02-47-22.jpg,RRZ7437
2023-11-07 07-18-07.jpg,EPTEC72S
2023-08-29 04-16-12.png,KPJ8386CT
2023-08-29 02-27-31.png,R5472552
2023-08-28 21-42-01.png,KPPA53521
2023-09-16 02-50-26.jpg,EPXHI359
2024-11-14 07-16-05.jpg,CP101252
2023-08-30 12-15-44.png,FPPH51730
2023-12-13 06-28-51.jpg,NCAY565
2023-11-07 14-51-15.jpg,0E2762
2024-05-30 00-08-42.jpg,SPOR7374
2023-04-27 03-20-40.jpg,MPYGG6I43
2023-08-30 11-45-51.png,1S6YRJ4635
2023-08-29 04-39-52.png,NGAAE2685
2023-09-22 10-17-24.jpg,Y06086
2023-08-28 20-02-51.png,KPNA57251
2024-12-29 16-55-24.jpg,EPLXP7557
2023-08-29 01-30-39.png,VV239271
2024-03-27 03-24-16.jpg,0402684
2023-05-20 08-24-29.jpg,CPA4252
2022-07-21 06-07-49.jpg,N6Y5546
2024-05-27 22-01-26.jpg,TBU6864
2023-08-29 09-20-05.png,MPCBK9065
2023-08-29 10-14-33.png,KAAE6253
2022-01-23 16-58-58.jpg,YOX256
2023-08-30 17-40-18.png,9SPPG52532
2023-08-29 09-01-56.png,SPCBL0257
2023-08-29 17-10-16.png,5P25149347
2022-11-07 23-06-09.jpg,EPLD8S6D
2022-12-14 02-22-11.jpg,BMXS67I
2023-09-12 03-08-05.jpg,EPNAK981Z
2023-08-28 19-14-01.png,WPHM59287
2023-08-29 16-23-07.png,MIHHZT
2023-08-29 17-16-19.png,RPPK24500
2023-08-29 05-29-04.png,EPGF50804
2023-01-10 00-18-03.jpg,0774
2024-12-31 01-05-01.jpg,MUYAFIOO3
2024-01-01 18-36-56.jpg,205801
2024-09-10 10-01-28.jpg,SPRC9212
2023-08-29 16-37-28.png,90SPHJ59176
2022-11-01 17-47-58.jpg,MPX778096
2023-08-30 10-40-56.png,CPPL22406
2023-08-30 16-13-45.png,REVIEW_NEEDED
2022-10-04 12-54-52.jpg,54T0724
2023-08-28 21-52-24.png,HPKXI40
2022-06-29 00-30-29.jpg,RNASO
2022-12-17 04-53-08.jpg,L06578
2023-08-28 23-05-46.png,SPIL
2022-05-17 10-33-00.jpg,NCLDGIY
2023-08-28 22-32-40.png,NCCAZ5382
2023-08-29 08-45-33.png,00WPCBL2334
2024-01-14 01-48-50.jpg,FGL7948
2023-08-29 18-31-15.png,YC34164
2023-08-28 23-26-44.png,EPJK54066
2023-08-30 09-57-05.png,NFPD6786
2023-08-29 01-23-30.png,HPABG5126
2023-08-29 16-46-02.png,SPPB53951
2023-08-29 17-23-43.png,MPHGC2150
2024-10-21 09-45-57.jpg,BEX3242
2023-01-03 16-31-58.jpg,EPMB7HO
2023-08-28 23-13-21.png,KPCAP6108
2022-10-24 12-53-14.jpg,CPZHJ405O
2023-08-29 08-00-34.png,DPK70423SG
2024-02-21 18-11-16.jpg,SPL402128
2023-08-29 11-16-01.png,RPCAZ3425
2024-05-14 21-10-58.jpg,SP1BV295
2023-08-29 07-04-12.png,P6Y6E4252A8985
2023-08-28 22-47-08.png,CAF0867SP
2023-08-29 17-45-49.png,NPPE59457
2022-12-31 10-36-18.jpg,EPC104162
2023-08-30 10-20-41.png,FPCAR2432
2023-08-29 15-14-46.png,LOP
2023-08-29 10-20-37.png,MPPE24926
2023-08-29 09-43-58.png,5956380
2023-05-17 10-41-29.jpg,SPTHG453
2023-08-29 09-23-06.png,CAR882NP
2023-09-02 23-28-01.png,EPCAK4837
2023-08-29 08-50-47.png,WPCAQ85821
2023-08-29 15-45-38.png,20670272
2023-09-02 23-01-09.png,YOID251586924
2023-08-28 19-16-18.png,5GYK27716
2024-07-21 00-44-08.jpg,SP5ZK2617
2023-08-29 01-15-21.png,SPPQI53221
2023-08-30 08-44-30.png,02WPKT7435
2022-12-28 11-42-01.jpg,1J5848
2024-05-07 08-08-45.jpg,NCYZX4398
2023-08-29 06-05-46.png,SPCAK5499
2023-08-20 07-52-05.jpg,ELT8593
2023-08-29 17-17-37.png,3002905
2024-10-24 09-13-24.jpg,JYQ4022
2024-07-11 02-18-09.jpg,PR4B1
2024-03-24 13-35-47.jpg,NCTKSI3
2023-08-29 17-55-42.png,MO95551473M74E
2023-12-02 09-43-18.jpg,EN8O6I
2023-08-30 09-23-41.png,503075
2022-09-26 03-09-31.jpg,RB7027
2023-08-29 14-11-10.png,PCAU3211
2023-08-29 08-16-41.png,25178395
2022-02-08 16-14-53.jpg,POPS
2024-04-11 16-08-32.jpg,PC00557
2023-08-29 18-07-46.png,HPKSG6551
2023-08-29 16-09-04.png,EABA1410
2023-08-29 09-33-45.png,HPPFF8825
2023-08-29 05-59-28.png,SPNAE8977
2022-04-28 09-07-25.jpg,L44938
2023-09-02 23-25-19.png,NWCAN0838
2023-10-14 00-03-31.jpg,NMYI7474
2023-12-18 05-36-09.jpg,L0550
2023-09-02 23-29-53.png,4KL30795
2023-08-29 05-47-25.png,CPVDZ8122
2023-08-29 09-35-46.png,2507353
2022-01-07 00-50-11.jpg,EP20598
2023-08-29 07-44-30.png,KPAAK4413
2022-11-25 07-21-14.jpg,RLM8945
2023-08-28 21-55-35.png,FPCBJ8558
2023-08-29 15-53-13.png,WPCBG5430
2023-08-29 15-00-07.png,CPQVF0352
2023-08-28 22-19-27.png,HPCAV8862
2023-08-30 09-06-08.png,SPCAA3653
2023-08-29 18-39-07.png,6476851
2023-11-28 09-05-12.jpg,UTB9099
2023-02-07 04-05-20.jpg,2F2335
2024-10-22 22-56-35.jpg,YR48854
2023-08-28 21-57-43.png,NKKQA9863
2024-04-29 13-09-45.jpg,TVF4396
2024-01-29 19-28-40.jpg,EPUMLOSM
2023-08-30 09-58-31.png,REVIEW_NEEDED
2023-08-29 01-37-42.png,7BHO3453
2023-08-28 21-26-23.png,533915
2022-05-12 03-11-37.jpg,MPUF8I82
2023-09-02 23-20-34.png,3867
2023-01-15 18-52-36.jpg,SPCTP2573
2023-08-29 01-30-37.png,MHVV23227
2024-11-23 06-42-06.jpg,MPLZG9270
2023-01-21 22-52-01.jpg,EPSUV4II7
2022-10-08 02-54-04.jpg,SPKK77483
2023-08-30 17-07-06.png,0CPCAQ7245
2023-08-29 00-43-37.png,NPK51834
2023-08-29 03-43-38.png,NPGOG8202
2023-04-08 12-28-57.jpg,YDC9986
2023-08-28 23-04-40.png,MPGJ549254
2024-07-26 02-58-28.jpg,708453
2022-05-20 16-45-57.jpg,MFRN6ZF
2023-08-28 23-15-13.png,MPABR60771
2023-08-29 02-09-30.png,SPCAU8947
2023-12-24 12-46-12.jpg,NCEA69039
2023-08-29 09-25-18.png,5056900
2023-08-30 17-40-46.png,HPCAQ4435
2023-08-29 11-04-04.png,NRBHH5698
2024-09-26 09-35-54.jpg,XK65I8
2023-09-02 23-07-37.png,WPCAH95451
2022-07-18 10-15-01.jpg,EX3755
2023-08-29 09-02-44.png,168330
2024-03-01 13-56-24.jpg,CSE4913
2023-08-28 23-31-30.png,SPPJJ3562
2023-09-02 23-06-20.png,NKX55724
2024-09-25 00-36-47.jpg,SPPL9563
2024-04-09 02-33-59.jpg,EPRJ7459
2023-08-29 08-21-55.png,SEBBJ1232
2023-08-29 06-01-49.png,25151827
2022-10-04 12-35-44.jpg,0WS4907
2024-06-09 13-30-20.jpg,E88202
2024-04-21 00-44-30.jpg,B605773
2023-08-30 16-46-03.png,EPPE51389
2023-08-29 15-09-25.png,0MOL
2023-08-29 14-34-08.png,RHQLC6530
2023-08-29 09-31-42.png,250P9268
2022-11-30 11-24-06.jpg,0M7O
2024-04-23 03-30-34.jpg,CP62875
2023-08-30 15-28-27.png,HPCAA2541
2023-08-29 17-24-48.png,FABA1410
2023-09-02 23-50-29.png,WCAC6744
2023-08-30 09-32-27.png,NPCAN2264
2023-08-29 06-14-55.png,PCBA7048
2022-09-08 00-47-59.jpg,SPPAC4939
2023-07-03 03-57-18.jpg,EUA3795
2023-08-29 11-17-32.png,15325
2023-08-29 16-03-50.png,0KGZ8762
2023-08-29 15-17-44.png,HPKT74058
2023-08-30 15-59-16.png,WPCAP8522
2023-08-28 23-19-45.png,KPKX73409
2023-08-29 16-16-15.png,EFABA1410
2023-08-29 16-34-03.png,WPPJF4838
2023-08-30 11-01-03.png,S0SGPKF2820
2024-05-22 07-35-03.jpg,DH0045
2023-08-30 15-14-12.png,CPKR56333
2024-05-31 17-54-37.jpg,01485
2023-12-31 13-24-43.jpg,SPBJJO262
2022-12-12 05-09-37.jpg,SPGGU6I77
2023-08-28 16-20-58.png,REVIEW_NEEDED
2023-08-28 21-17-50.png,NC6694
2023-09-21 00-29-37.jpg,MOCF5674
2023-08-29 06-58-02.png,17WDX105MC
2022-12-09 13-12-15.jpg,005012
2023-08-29 18-23-19.png,NCCAL9541
2023-08-29 09-18-26.png,RANB55717
2023-08-29 04-48-40.png,EPGV20311
2022-10-21 10-59-01.jpg,KOT8572
2023-08-29 15-10-43.png,MPCAJ2707G0728D
2022-03-24 17-36-12.jpg,YNI5I6
2022-09-28 21-32-53.jpg,NCPHT7591
2023-08-29 02-46-38.png,CPYD28430
2023-06-24 17-47-31.jpg,NC6280
2023-11-05 04-37-14.jpg,VS2834
2022-12-25 16-15-40.jpg,NCVUG5040
2022-06-26 19-25-38.jpg,NAYP05D6
2023-11-14 19-16-48.jpg,CP3AS6536
2023-04-28 12-26-38.jpg,T40667057
2023-01-22 15-50-56.jpg,SP1A452
2023-08-28 16-07-02.png,CPCAW8168
2023-08-29 00-48-54.png,NKHAG3239
2023-08-29 14-39-29.png,5727197
2024-12-26 02-16-49.jpg,MIG974
2023-08-29 14-23-56.png,25321223
2023-08-28 23-05-39.png,HPGA54821
2023-08-28 23-07-45.png,CPHE56025
2023-08-29 14-36-54.png,CPYP27112
2023-08-30 03-59-49.jpg,0233
2022-06-14 04-27-14.jpg,287948
2023-08-29 16-40-23.png,NKDAD4266
2023-08-30 09-05-42.png,PQT51805
2024-02-02 12-02-45.jpg,CPN09440
2023-08-29 15-13-36.png,20PJF6099
2024-03-29 03-34-21.jpg,AP05655
2023-08-29 12-26-26.png,582128
2023-08-29 11-09-56.png,WRGQ46EL
2022-03-20 21-40-31.jpg,MZCZ7830
2022-06-28 11-17-56.jpg,NN0Z0256
2023-08-28 22-43-18.png,351821
2023-08-29 00-16-57.png,MPCBI8559
2023-08-29 15-42-56.png,CAT7934LP
2024-06-30 11-38-06.jpg,NS6543
2023-08-30 08-46-36.png,FPCAZ3425
2024-10-19 03-15-36.jpg,EPSQA2867
2023-08-29 10-33-25.png,HPKI25584
2023-08-29 05-28-21.png,KPPG57890
2023-08-13 15-23-39.jpg,TPI03803
2023-09-02 23-27-00.png,HPABS6867
2023-08-28 23-12-27.png,NPPE558111
2023-08-29 02-04-24.png,EEPPL52715
2023-09-02 23-50-30.png,S05339
2023-12-09 11-41-33.jpg,NCSYCI07I
2023-08-28 16-19-19.png,MPYI173471
2023-08-29 07-02-14.png,MPKH52095
2022-01-07 05-00-08.jpg,MFKD2O7
2024-06-06 16-03-31.jpg,70J240
2023-03-03 08-07-33.jpg,EKG7989
2023-08-28 19-17-42.png,FNEGG9G
2023-08-29 07-12-02.png,CPND54147
2022-04-17 16-59-15.jpg,EPIL8434
2023-11-17 20-57-11.jpg,MPVOF7385
2023-08-29 15-54-55.png,EPPJF8964
2022-06-02 05-53-47.jpg,NCCU559S
2023-08-29 17-55-57.png,SPPB55306
2023-08-29 00-56-18.png,NNAJ9232
2023-08-30 18-08-06.png,25358118
2023-08-28 22-10-56.png,CPPF53345
2022-06-02 15-05-41.jpg,QKX7J05
2023-08-29 01-30-53.png,NHYV23927
2023-08-29 07-36-08.png,MPCBA7854
2023-01-23 12-32-32.jpg,J04284
2023-08-29 10-48-34.png,NPCBC5072
2023-08-29 16-15-14.png,REVIEW_NEEDED
2023-08-29 07-25-41.png,CPPG74624
2023-04-21 12-53-00.jpg,EPOC8672
2024-10-26 02-48-08.jpg,J02401
2022-09-24 17-38-11.jpg,PK9590
2023-08-29 16-46-13.png,HPCAS9576
2023-08-29 00-13-36.png,KPKBA0811
2023-10-24 08-01-26.jpg,04G30753
2023-08-02 22-47-10.jpg,MRCN4389
2024-10-21 23-42-29.jpg,R27284
2022-02-14 08-07-14.jpg,NCEE2224
2023-08-29 18-36-43.png,REVIEW_NEEDED
2022-04-12 17-24-01.jpg,TP6824
2023-08-29 14-31-02.png,REVIEW_NEEDED
2023-08-29 15-03-18.png,HPCAS6054
2023-08-28 22-07-08.png,WPCAZ1882
2023-09-27 23-04-45.jpg,FH6322
2023-08-29 07-11-07.png,WPHL121
2022-07-06 15-50-53.jpg,ANM5I38
2023-08-30 08-45-02.png,HPCAP9485
2023-08-29 01-20-12.png,SGCAA3886
2023-08-30 18-50-40.png,NKCAM2367
2022-03-29 18-28-58.jpg,OPI797
2023-08-29 07-51-03.png,10HPPJ7908
2023-08-28 19-15-49.png,KPKDAG800
2023-06-22 14-27-06.jpg,FCP14G3
2024-07-07 13-02-40.jpg,CPHSI9706
2023-08-29 00-05-50.png,NEBGH6470
2023-08-29 01-10-47.png,APCAZ7282
2022-12-21 16-30-50.jpg,CPOVF976
2023-03-14 11-01-26.jpg,SPCB441
2023-08-30 09-33-39.png,VD
2023-08-29 03-41-14.png,HPYL56213
2023-08-30 17-48-08.png,REVIEW_NEEDED
2023-08-29 08-21-12.png,SPKYF6550
2023-08-30 10-26-48.png,REVIEW_NEEDED
2022-05-29 21-55-43.jpg,EPLC0344
2022-09-08 11-41-45.jpg,MZK2600
2023-10-24 19-15-46.jpg,FB5I376
2022-01-09 13-14-09.jpg,WPXZJ3536
2022-09-08 23-23-25.jpg,WPTRR4734
2022-03-01 02-47-05.jpg,CP083181
2022-05-12 23-00-50.jpg,QXV6I3B
2023-08-28 19-47-26.png,NKJR72525
2023-09-12 17-43-35.jpg,N4DUL8890
2023-08-28 23-55-54.png,HPCAG0G57
2023-08-29 02-38-55.png,WPABQ6498
2023-08-29 09-59-49.png,SPCAL9706
2022-06-08 06-49-24.jpg,EL07I5
2023-08-28 22-57-51.png,HPCBH2284
2023-08-29 18-01-33.png,WPCBE3841
2023-07-26 19-16-11.jpg,NLM4O77
2023-06-22 01-21-24.jpg,5P705044
2022-06-29 21-20-40.jpg,Z8Y1802
2023-08-29 14-31-58.png,56538
2023-09-29 11-52-53.jpg,OS4891
2024-06-20 23-55-15.jpg,NWR8A8726
2024-10-05 20-46-08.jpg,03JZ6418
2023-10-28 07-09-42.jpg,SPL0M23
2022-01-30 22-48-33.jpg,HFZ2382
2023-08-28 22-32-57.png,EPKD505091
2023-04-21 06-16-14.jpg,DPYGJI
2022-01-27 04-43-19.jpg,RSRIOGE
2023-08-29 18-43-33.png,HPPJ0582
2023-08-28 23-04-45.png,NHKMF6775
2022-09-13 21-13-25.jpg,EPID22I5
2023-08-30 17-35-53.png,2515324
2023-08-29 17-01-01.png,MPAAQ6279
2023-06-26 19-42-01.jpg,XJA238
2023-08-29 15-29-02.png,NPKQ53606
2022-01-01 15-29-28.jpg,NHLS3294
2023-08-30 21-00-33.png,QU
2023-08-29 14-22-54.png,MPPC23517
2023-08-28 21-11-14.png,KPCAJ40L3
2024-11-14 01-03-27.jpg,CPGHL3329
2023-08-28 22-52-22.png,SPCAI079
2024-08-15 19-46-05.jpg,CPRRA5E8
2023-08-29 01-50-17.png,4P57622
2022-03-02 20-41-19.jpg,Y05I29
2022-08-08 05-13-49.jpg,AY2691
2023-08-29 00-25-12.png,NC27942
2024-02-05 23-55-16.jpg,CPT52422
2023-07-21 08-09-36.jpg,2J8693
2023-08-29 10-05-43.png,SEKN36619
2023-08-29 14-45-48.png,SPCAY7068
2023-09-02 23-57-44.png,APKQF2376
2024-01-09 12-40-29.jpg,NCRTM5982
2023-09-20 18-59-07.jpg,NCK74907
2023-08-29 04-01-39.png,REVIEW_NEEDED
2023-08-29 01-58-02.png,NRCAI2681
2023-10-21 14-05-28.jpg,C04805
2022-06-15 20-26-08.jpg,NBF2194
2024-12-11 07-58-18.jpg,005049
2024-12-30 05-47-13.jpg,BA5058
2022-02-03 12-01-32.jpg,0005855
2023-08-29 16-35-01.png,REVIEW_NEEDED
2024-04-11 19-52-24.jpg,CP105967
2024-12-20 11-32-23.jpg,QPO2752
2024-03-22 17-33-02.jpg,E215792
2023-11-17 14-03-48.jpg,NCGS7505
2023-05-03 21-03-37.jpg,CPJ03885
2023-06-09 05-29-57.jpg,RT7729
2023-08-28 23-13-15.png,MPYR21827
2022-06-02 07-23-09.jpg,NCKJFEZE3
2023-08-30 16-54-14.png,SPCAJ1727
2023-08-28 22-08-57.png,VC32273
2023-08-29 06-16-20.png,SGCAP3320
2023-08-29 10-53-35.png,APKY54705
2023-08-29 14-26-11.png,REVIEW_NEEDED
2022-09-25 09-31-02.jpg,H6L8345
2023-08-29 15-25-28.png,M15V
2023-08-29 01-09-20.png,NP5223333
2022-10-20 13-12-45.jpg,CF191JZ
2023-11-17 12-32-27.jpg,JFX4308
2023-08-28 23-53-13.png,NPPCG8035
2023-08-29 01-22-26.png,KPCBC7078
2023-08-29 11-23-16.png,44NPPL6560
2024-04-15 08-00-52.jpg,EPFC28I8
2023-08-29 16-17-26.png,5722222
2023-08-29 09-18-27.png,NPPB51400
2023-03-24 15-01-15.jpg,EPQA3281
2023-08-29 01-00-45.png,REVIEW_NEEDED
2024-10-26 12-46-37.jpg,KJ2288
2023-08-29 16-32-13.png,REVIEW_NEEDED
synth_00014.jpg,NR4ZI326
2022-08-11 23-37-37.jpg,PA0428
2023-08-28 22-37-34.png,SGJVJ2227
2023-07-06 02-57-47.jpg,FXLIBE7
2023-08-29 00-58-12.png,CPABO7404
2022-09-19 05-52-05.jpg,NCRHO97
2023-08-30 12-11-30.png,125125765
2023-08-29 10-47-35.png,HPCAK9368
2023-04-13 20-13-06.jpg,0S6511
2023-08-29 04-03-01.png,HPYQ573561
2023-08-29 15-47-31.png,SPAAZ5741
2023-08-29 03-44-54.png,WPND52375
2022-10-04 16-18-15.jpg,CJC4247
2023-08-28 22-02-44.png,6528189
2023-08-29 01-54-27.png,HPHDV6787
2023-08-29 10-54-17.png,SGCAF4868
2023-08-28 22-46-37.png,NGQ52228
2023-08-28 23-00-32.png,UPCE
2023-05-25 19-06-03.jpg,NCZT3954
2024-09-21 19-43-30.jpg,007324
2022-11-01 00-55-29.jpg,EPDZ6229
2023-08-28 21-48-02.png,NEBHO3153
2023-08-28 23-45-13.png,HPCAR2456
2022-01-13 14-18-11.jpg,SPKM0234
2023-08-29 16-07-49.png,KPCAN4095
2024-09-18 14-38-21.jpg,CP0NGI
2023-11-16 10-36-44.jpg,ALCIZ28
2023-08-28 23-48-12.png,APCBI2284
2023-08-30 17-25-18.png,25224640
2023-09-02 23-27-04.png,WCADO050
2024-06-07 18-47-58.jpg,GWR7591
2023-08-28 19-46-09.png,SPNA50375
2023-08-29 08-50-26.png,HP5721820
2023-08-29 09-53-29.png,NHCAG0320
2023-08-29 07-59-17.png,W250F0027
2023-09-22 14-49-00.jpg,VQ7876
2022-07-13 07-09-07.jpg,5X8022
2023-08-29 07-53-43.png,NPCAG7220
2023-08-30 14-11-29.png,CP5532MJL
2023-08-28 19-14-57.png,BGVSG1953
2023-08-29 15-26-52.png,REVIEW_NEEDED
2023-08-29 06-54-08.png,HPKH53401
2023-09-02 23-25-49.png,MPKF53726
2023-08-28 21-20-55.png,NFPI1724
2023-09-02 22-53-31.png,WPCAX40227
2022-10-17 16-10-04.jpg,GR5750
2023-08-30 15-19-58.png,MPAB4064
2022-12-21 03-26-44.jpg,CPEK7964
2024-06-18 13-45-48.jpg,MPPOS5374
2023-08-30 08-45-38.png,HPPG907353
2022-03-23 08-48-18.jpg,R4688
2023-08-29 08-59-12.png,SGCAY9097
2023-08-28 19-24-15.png,6371783
2022-06-13 14-38-51.jpg,TPRE204
2023-02-04 17-52-29.jpg,KPGU88264
2023-08-29 09-54-22.png,0HPYF53953
2023-08-29 10-09-19.png,25991
2022-10-10 09-52-44.jpg,XA57I2
2023-08-29 06-46-21.png,6232810
2024-02-05 14-33-06.jpg,2H4994
2023-07-31 04-59-12.jpg,EPJHI3324
2022-11-10 20-11-48.jpg,MPIAOO083
2023-08-29 09-52-59.png,EPGLG8052
2022-03-26 15-10-57.jpg,NCIU8490
2023-12-07 16-07-30.jpg,N90Z0529
2023-08-28 19-33-19.png,KPCAD9910
2023-08-29 03-03-46.png,AAT3982
2023-08-29 01-41-32.png,NPCAJ3639
2024-08-05 06-00-40.jpg,EP009748
2023-08-28 21-10-51.png,NMQRZ4641
2024-05-30 02-03-01.jpg,61576
2023-08-29 09-12-31.png,BEAAR0209
2023-08-28 21-40-30.png,PKNA2940
2022-06-09 08-25-39.jpg,NCAZ09515
2024-03-11 16-48-20.jpg,CP108739
2023-08-29 07-52-55.png,5654514
2023-08-28 20-00-55.png,PF37816
2023-08-29 01-40-59.png,WW
2023-08-29 04-47-54.png,NKAAQ5076
2023-08-28 20-41-42.png,WFCAS1383
2022-04-15 10-01-35.jpg,MKSHD823
2023-08-29 18-02-51.png,CAK5
2023-04-18 11-02-16.jpg,SPKIR4853
2023-08-20 10-22-23.jpg,FV2263
2023-08-28 23-17-26.png,CAQ9139WP
2023-08-28 19-24-37.png,REVIEW_NEEDED
2023-08-30 10-33-17.png,FPLL56534
2023-08-29 05-00-44.png,57264
2023-01-03 04-54-48.jpg,103312
2023-08-29 02-43-25.png,CAV5814
2023-08-29 14-50-54.png,REVIEW_NEEDED
2023-03-22 16-33-19.jpg,WPF1D7501
2024-07-23 01-07-31.jpg,Q50080
2023-08-25 10-28-28.jpg,SR2008
2023-08-28 19-31-26.png,SGPEJ0645
2022-04-01 18-52-46.jpg,0VP3625
2023-08-29 09-30-09.png,NPGD514661
2023-08-29 08-54-34.png,MPPC52295
2023-08-29 03-19-09.png,HPCAM3636
2023-08-28 22-25-48.png,SGABL5826
2023-09-02 23-28-02.png,WPPE56261
2023-08-29 09-44-59.png,MCAN7756
2023-08-29 02-52-26.png,KPCAZ7598
2023-08-29 09-57-23.png,KPKO72397
2023-08-29 03-49-18.png,WPABQ8226
2022-09-30 17-19-55.jpg,EPV01596
2023-08-30 10-24-45.png,T2
2022-09-24 02-11-38.jpg,WP855S
2024-06-28 20-14-16.jpg,MPWMO262
2023-08-29 08-46-24.png,HPND50258
2024-10-20 05-06-44.jpg,KU04818
2023-08-30 15-19-56.png,SGCAU3031
2023-04-03 01-26-15.jpg,TFPV1588
2022-12-29 12-12-13.jpg,MHMKND683
2023-01-18 19-57-39.jpg,SPGTE2622
2023-06-23 18-25-11.jpg,CP7J0553
2023-08-29 07-19-27.png,SGCAT5877
2022-09-08 02-57-21.jpg,EP2E4423
2023-08-30 10-23-28.png,20518758
2023-08-29 08-15-28.png,25324094
2023-08-30 18-09-26.png,INUR
2023-09-02 23-22-46.png,MPG5077
2024-07-20 23-12-36.jpg,MR7302
2023-08-28 20-00-18.png,WPCBJ1795
2023-08-30 16-25-46.png,585138
2023-06-17 11-07-55.jpg,EP8P04667
2023-08-28 21-15-42.png,4PCAI6539
2022-07-26 06-11-22.jpg,EPOSL9629
2023-08-30 09-54-06.png,MPGC54727
2023-09-02 23-32-01.png,MPYNZ5168
2023-05-17 05-42-06.jpg,EPV67034
2023-08-29 02-15-30.png,SPCBK6739
2023-08-29 15-37-32.png,MGS570411
2022-09-19 13-29-55.jpg,0T1044
2023-08-28 16-17-21.png,CPCAB0353
2022-08-19 19-12-57.jpg,PKT9358
2023-08-30 10-18-40.png,VE55786
2023-01-22 10-37-06.jpg,VHJ8369
2023-08-29 00-46-30.png,SPPF38668
2023-08-29 10-06-37.png,HPCAL3775
2023-08-30 17-33-04.png,HPCBE1722
2023-08-29 11-02-03.png,SPCBE2490
2023-08-30 17-52-16.png,ABA7880ISP
2023-06-07 12-07-32.jpg,CPV80ZG3
2023-09-02 23-24-23.png,MABFA2219
2023-08-30 15-18-32.png,EPNE51182
2022-08-14 03-32-49.jpg,MFH8S46
2023-08-29 07-56-34.png,HPKN2010
2024-05-16 07-31-14.jpg,EPEJB8757
2023-08-30 15-25-19.png,REVIEW_NEEDED
2023-09-01 14-31-36.jpg,WF0089
2023-08-29 06-23-38.png,25350299
2023-08-28 20-50-16.png,SVPK54761
2024-03-02 17-38-48.jpg,DL8O43
2024-01-07 12-15-10.jpg,VOM4500
2023-10-28 15-28-21.jpg,EP7YS670
2023-08-30 17-35-24.png,REVIEW_NEEDED
2023-08-29 05-41-06.png,SPCAY9976
2022-02-10 13-16-06.jpg,EPJK7639
2023-08-29 15-52-38.png,EABA1410
2023-07-17 09-12-39.jpg,EPJECIS45
2024-05-07 16-22-53.jpg,MPRMGQ70
2022-11-19 02-40-23.jpg,CPXX00238
2023-07-25 14-21-17.jpg,C07655
2023-08-29 01-49-59.png,25215449
2023-08-29 06-00-35.png,25353161
2023-08-29 00-06-41.png,KY
2023-09-02 23-20-53.png,KFCAG9841
2024-01-20 00-12-02.jpg,KAZO698
2023-08-30 08-47-57.png,00NHKM76553
2023-08-29 05-29-33.png,VFABH6181
2023-05-07 18-07-49.jpg,EPFP3362
2023-08-29 00-30-56.png,CPABC744
2022-03-21 15-39-22.jpg,EPCZA7820
2023-09-11 06-09-36.jpg,CJ5662
2023-07-17 01-09-05.jpg,5PP1099
2024-10-03 00-43-34.jpg,W205957
2023-08-29 02-03-16.png,CAR3922
2023-08-29 05-20-46.png,MPKIJ7667
2022-06-06 15-42-40.jpg,BPINN7307
2023-08-28 23-17-55.png,MABQ1104
2024-01-14 17-58-20.jpg,X04922
2023-09-27 20-59-31.jpg,YLO92I
2024-12-13 02-40-20.jpg,EPCQ4559
2023-08-30 15-45-21.png,6854
2022-09-16 05-26-55.jpg,HWN9259
2024-05-04 00-25-13.jpg,RC5569
2023-08-29 16-34-45.png,WPKL74201
2023-08-30 16-39-14.png,REVIEW_NEEDED
2023-09-02 23-28-36.png,90SPPC36438
2023-08-30 09-12-21.png,JDHV
2023-08-29 04-47-28.png,NKAAQ5076
2023-08-28 22-17-11.png,SGCAW1894
2022-02-06 06-54-29.jpg,QYN7285
2023-08-30 18-53-27.png,0HPDAE5392
2023-08-28 20-57-53.png,HKJA6866
2023-08-30 09-17-23.png,HPDAE5322
2023-08-28 23-13-11.png,MPYRJ1827
2023-08-30 16-39-07.png,RPPG54872
2023-08-29 10-01-19.png,KF55892
2022-06-25 21-41-20.jpg,SPJT37
2024-12-08 09-13-41.jpg,B76757
2023-02-14 19-36-08.jpg,RD2357
2023-08-29 06-23-55.png,PND57998
2023-08-28 22-34-26.png,KPCAP6108
2023-08-28 19-40-59.png,PC0G92
2023-08-29 08-59-15.png,10RPKS59917
2023-08-28 23-31-56.png,WPCAT5540
2023-08-29 17-01-57.png,FABA1G1
2023-02-24 10-07-02.jpg,XPP408765
2023-03-02 23-11-01.jpg,VPCIO7
2024-05-03 21-13-38.jpg,MPYC4003
2023-08-29 04-30-36.png,CPPD50387
2023-08-30 16-36-39.png,10SPCAI3067
2023-12-17 09-56-36.jpg,FT7658
2023-08-29 05-59-22.png,GE03601CP
2022-04-23 11-36-50.jpg,CPUME4
2024-11-24 16-10-25.jpg,MG7385
2023-08-30 09-12-03.png,MPYH57317
2023-08-29 12-36-07.png,REVIEW_NEEDED
2023-10-22 08-48-03.jpg,0400335
2023-08-29 07-58-15.png,AAZ2723KP
2024-03-20 23-51-05.jpg,K8Q7282
2023-09-02 23-30-49.png,G028520
2023-08-30 21-08-46.png,NHPC26764
2024-11-04 11-56-53.jpg,2647067
2023-08-29 03-02-12.png,PA52475
2024-09-03 04-46-23.jpg,JCSOM
2023-08-29 16-25-05.png,REVIEW_NEEDED
2023-08-29 09-49-18.png,MPKX53530
2024-11-21 19-52-09.jpg,EPGWJ3034
2023-08-30 09-07-15.png,PCBJ7803
2023-08-28 19-42-02.png,WPCAU6178
2023-08-29 10-43-22.png,HPCBE43821
2023-04-29 19-47-03.jpg,LGQ8008
2024-04-07 05-14-05.jpg,WPUR4O58
2024-10-15 18-18-38.jpg,NCLPT8999
2022-04-08 17-08-01.jpg,SPHXD5426
2023-09-03 00-10-41.png,SICAA0584
2023-01-09 21-50-26.jpg,PX7489
2024-09-01 10-47-17.jpg,IIL7240
2023-08-30 18-54-43.png,1622638
2023-08-29 01-11-01.png,77201KPKX
2022-04-06 19-17-53.jpg,E00624
2024-02-10 03-40-33.jpg,SPADO267
2023-08-28 22-23-43.png,CBM1493
2023-08-29 18-13-22.png,NKCAY0278
2023-08-29 03-35-23.png,WPABV2919
2023-08-28 19-06-18.png,WPPD58662
2023-08-29 16-42-49.png,CBB7195
2023-08-29 18-38-29.png,253530
2023-08-29 04-11-24.png,CPHP58386
2023-08-29 00-41-11.png,25143593
2023-09-03 00-00-08.png,CPPAJ0063
2023-08-29 04-12-12.png,KS6YF58368
2024-06-30 10-52-40.jpg,6BN2576
2024-03-13 14-45-32.jpg,04Z13345
2023-08-29 14-51-14.png,2FPABF2314
2023-04-02 20-35-07.jpg,SPKRCI34
2022-01-18 11-18-06.jpg,LW1599
2022-12-13 23-50-05.jpg,TS0385
2023-08-29 11-18-37.png,HNB51612
2023-08-29 09-10-26.png,80NPPB59205
2023-08-28 19-12-31.png,WPCAS0872
2023-08-15 12-49-35.jpg,HKD8479
2023-03-03 07-00-11.jpg,SPKBG980
2023-08-30 16-10-07.png,HPGX74634
2022-02-13 07-38-09.jpg,MPHHLI726
2022-05-17 05-38-37.jpg,CPXMAG8G9
2023-08-29 14-40-04.png,6154853
2023-08-30 16-33-33.png,REVIEW_NEEDED
2023-08-30 08-56-48.png,WPKHF6691
2023-05-02 23-50-57.jpg,EP2XKI79
2024-01-18 04-32-57.jpg,007704
2023-08-30 16-48-06.png,NWCAS0652
2024-04-25 16-22-13.jpg,EPSKA4294
2023-08-30 15-16-55.png,25027973
2023-08-29 14-55-00.png,REVIEW_NEEDED
2023-08-29 08-10-27.png,HPCAK6019
2023-08-28 21-09-10.png,SPCBE4876
2023-08-29 17-11-08.png,6322487
2023-08-29 03-54-53.png,EPCAO2997
2023-01-08 08-07-04.jpg,KJ5802
2023-09-03 00-02-39.png,HFPD28424
2024-07-23 07-13-32.jpg,HPIS2568
2024-10-12 17-17-53.jpg,MKREZ2ZO8
2024-05-05 16-51-32.jpg,0XS370
2023-08-29 02-17-17.png,25131451
2023-09-02 23-54-28.png,9NPPHJ1389
2023-08-29 03-46-41.png,HPPDG8912
2024-03-23 09-54-37.jpg,E1S0605
2023-08-29 07-50-55.png,NPPB59205
2023-08-28 21-56-14.png,YQ58096KG
2023-01-21 07-49-43.jpg,NMJRPI833
2023-08-29 12-53-45.png,TARGBI
2023-08-28 22-40-32.png,WPCBB4887
2024-04-20 03-10-22.jpg,SPGRA8233
2023-08-29 01-07-45.png,NPPG73676
2024-08-13 10-19-14.jpg,MPAK7679
2024-03-18 02-52-22.jpg,LJ7755
2023-08-28 22-28-41.png,1FCAP4824
2023-08-28 22-13-54.png,CAP2845KP
2023-11-03 14-42-12.jpg,EPKR5306
2023-08-29 14-42-24.png,25122638
2023-12-13 20-00-57.jpg,NPC62947
2023-08-29 04-44-06.png,25220820
2022-07-02 16-56-49.jpg,C0039
2024-10-28 04-47-28.jpg,NCAZ5676
2023-08-04 00-57-13.jpg,SP026J09
2022-04-09 16-16-55.jpg,BD4601
2023-08-30 21-07-05.png,I
2023-03-28 22-41-03.jpg,SPCUY9536
2023-08-30 09-19-36.png,HPCAS7237
2023-08-29 11-27-00.png,W50159065
2023-08-30 09-39-57.png,2518742
2023-09-02 23-29-01.png,EHZ33338
2023-08-29 10-14-58.png,NKAAE6253
2024-06-15 03-12-01.jpg,EP2P72961
2022-01-24 08-03-01.jpg,EOGD76
2024-12-04 22-04-48.jpg,SP980497
2023-10-31 20-27-16.jpg,VAC435
2024-07-30 20-27-17.jpg,CPE03535
2023-07-25 19-00-03.jpg,04T19862
2023-08-28 20-23-35.png,SPCBE4281
2022-12-31 15-57-50.jpg,SPBLII47
2023-08-29 12-16-09.png,REVIEW_NEEDED
2023-08-30 11-15-07.png,2518341
2023-01-01 00-06-25.jpg,CFLPGISS
2023-09-06 17-38-27.jpg,N4GH5941
2024-04-28 12-25-05.jpg,AFJQ7897
2023-08-28 20-39-09.png,NPGZI4274
2023-08-28 20-31-30.png,NKL79327
2023-08-28 23-07-11.png,NACBF0199
2023-08-28 21-25-05.png,KPCAB4721
2023-08-29 08-05-40.png,HPKL35777
2023-08-29 04-22-06.png,1CAC9873
2024-09-29 07-59-53.jpg,MFE3720
2023-08-12 00-49-45.jpg,SEION
2023-08-28 21-00-47.png,KPPHJ6077
2023-01-21 11-41-24.jpg,L76329
2024-03-12 19-52-48.jpg,WPRHXI7S
2024-10-02 06-27-58.jpg,F23120
2023-08-30 08-51-25.png,HPCAE1142
2022-12-26 09-40-44.jpg,APNR48
2022-08-14 01-41-39.jpg,6GH2946
2023-03-13 08-06-35.jpg,N4ZJ48397
2024-08-20 02-27-47.jpg,RHDI218
2023-08-29 06-52-43.png,HPBB050J
2024-10-03 20-18-42.jpg,CP15242
2023-08-29 08-07-25.png,HPKO52397
2023-08-29 00-57-09.png,MPYLF6213
2023-08-29 14-18-59.png,MPCBD5855
2023-08-29 17-40-21.png,HPCBG7359
2023-11-16 03-37-54.jpg,NCJA052
2023-08-29 04-02-56.png,HPVQ7356
2023-01-01 17-23-45.jpg,NCRNNO76
2024-03-03 13-56-04.jpg,CPSC3559
2023-08-29 00-13-18.png,5229467
2023-08-29 01-24-13.png,INB51111
2023-08-29 04-34-19.png,PQ53991SP
2023-08-28 16-06-02.png,HPGG58568
2024-01-22 14-12-12.jpg,BREI47
2023-08-29 05-57-26.png,HPABU4046
2023-08-29 14-45-11.png,CPABC67662
2022-09-21 05-02-21.jpg,SPFMT7102
2022-08-19 01-55-07.jpg,902581
2023-08-29 08-44-42.png,HPJQ23339
2023-08-29 16-26-00.png,INTPA35273
2023-09-02 23-57-29.png,CPPC16455
2023-08-29 10-45-51.png,EPKV24938
2023-08-29 06-47-17.png,WPCAV1216
2023-08-28 20-22-10.png,KPPMJ0871
2023-08-29 09-25-17.png,HPCAX6022
2024-08-25 18-55-06.jpg,LKY7769
2024-04-05 14-51-00.jpg,DET3981
2023-08-28 22-37-04.png,HPCAA2102
2023-08-29 01-22-24.png,MKA27217
2023-08-30 17-13-24.png,CPKI76682
2023-08-30 09-54-38.png,REVIEW_NEEDED
2023-08-29 16-58-12.png,FABA141
2023-08-28 23-34-37.png,HPCAA7952
2023-08-28 23-36-50.png,SPPG56399
2023-08-30 09-55-25.png,HPCAG9471
2023-10-03 15-08-04.jpg,778070
2023-08-29 13-00-21.png,HPCBA3418
2022-08-21 14-28-29.jpg,TX4063
2023-08-29 00-15-56.png,REVIEW_NEEDED
2023-08-30 16-21-07.png,FBFBHI
2022-01-17 00-18-11.jpg,J0X3163
2023-08-29 00-13-08.png,25858872
2023-08-29 15-19-58.png,2525518
2023-02-19 08-10-42.jpg,BF1922
2023-08-29 08-15-16.png,00KPCAD3232
2023-08-30 21-04-32.png,JOYOALLIONLAKSIRITOURST2752MCU
2023-08-28 23-43-20.png,SGCAAG657
2023-08-29 14-12-10.png,REVIEW_NEEDED
2023-08-29 08-25-26.png,HPPGF60641
2024-03-13 03-32-13.jpg,JA4343
2023-08-29 11-27-01.png,5624400
2024-11-18 23-42-12.jpg,RCL5234
2023-08-29 08-59-06.png,8KPKS53261
2023-08-29 16-35-31.png,LMITA
2023-08-29 10-19-54.png,HPCAC0198
2022-08-06 07-40-45.jpg,NHBNO038
2023-07-31 10-31-29.jpg,KU45235
2024-08-23 03-39-05.jpg,KA7988
2023-08-30 10-31-58.png,HPAGF8412
2023-09-22 21-18-49.jpg,EPGH7728
2023-08-29 06-36-08.png,P6820849
2023-08-28 21-10-20.png,PHSF0786
2023-08-05 15-22-15.jpg,PKJ2935
2024-01-11 07-46-49.jpg,SPFY9810
2022-09-23 20-50-22.jpg,CISS
2023-09-02 01-52-12.jpg,EPOAEI9S
2023-08-28 20-03-48.png,KPABL1293
2024-03-26 10-55-02.jpg,NCRY236
2023-05-01 14-38-23.jpg,504479
2023-08-29 05-56-36.png,2PD53457
2023-08-29 16-54-46.png,HPKRK2723
2023-08-29 09-18-54.png,20KYJ6945
2023-10-06 20-24-58.jpg,PVP2352
2023-08-29 01-26-14.png,5620736
2023-08-29 04-34-32.png,HFBDI2925
2022-07-13 13-43-26.jpg,FMF0058
2023-08-29 00-07-20.png,NAAG5454
2023-08-29 08-30-21.png,SPCBK0289
2022-09-28 00-28-11.jpg,CPPHO402
2024-08-20 01-33-21.jpg,PNC3463
2023-08-28 21-09-29.png,GK93622S6
2023-08-29 07-44-00.png,WPPM5191838
2024-09-01 13-28-49.jpg,LOKI753
2023-08-29 15-22-15.png,SPCAR9065
2023-08-29 14-00-23.png,NCPB5201
2023-08-29 00-50-47.png,30172863
2023-08-29 09-45-44.png,HPCAZ9636
2023-07-07 14-43-01.jpg,NCME9609
2022-12-02 02-50-59.jpg,MB6870
2023-08-29 08-36-20.png,CPGN56837
2024-10-18 03-04-54.jpg,WCT3594
2023-08-29 17-17-00.png,WFNA50717
2023-08-29 00-58-18.png,CPABC7404
2023-08-29 15-57-46.png,INC58526
2023-10-26 01-57-53.jpg,NC004853
2024-12-28 11-48-28.jpg,GC38351
2023-09-02 22-53-02.png,MCAM5681
2023-10-17 22-41-38.jpg,NT46599
2023-08-30 18-41-42.png,4CPKB59302
2023-03-30 00-53-50.jpg,CP2007
2022-06-04 22-32-43.jpg,EPPA0634
2023-12-03 05-51-42.jpg,0V2221
2023-08-30 18-39-13.png,LNHS53377
2023-08-29 04-16-45.png,NCCAP9856
2023-08-29 15-49-52.png,REVIEW_NEEDED
2023-08-29 00-29-48.png,KPPD5589G
2023-09-03 00-06-16.png,MKU4598
2023-08-30 09-01-30.png,REVIEW_NEEDED
2023-08-28 21-08-35.png,REVIEW_NEEDED
2023-08-29 08-48-28.png,25155018
2023-08-29 16-01-09.png,REVIEW_NEEDED
2023-08-29 07-15-04.png,SEPJF859890
2023-08-29 03-12-13.png,HPAAN5227
2023-06-02 11-32-59.jpg,EPXH2788
2024-08-04 08-37-45.jpg,CPH00334
2023-08-28 21-57-00.png,FPCBH6073
2023-08-28 22-28-49.png,CPVIE6855
2023-04-04 05-23-05.jpg,NCC02552
2023-08-29 00-02-41.png,78121562
2023-08-29 00-20-41.png,NNAJ9232
2024-09-03 06-16-51.jpg,PBWIO56
2023-05-16 02-22-56.jpg,EPYFK7I62
2023-08-29 02-01-02.png,KPCBG1794
2023-08-28 23-51-34.png,632248
2023-08-30 09-46-29.png,SGKN59053
2024-09-26 18-17-16.jpg,098132
2023-08-29 09-04-41.png,HPKY74142
2023-08-29 14-15-56.png,HCAALW6325
2023-12-12 15-12-09.jpg,TPY03881
2024-06-26 16-42-37.jpg,CNK4828
2022-02-05 15-49-17.jpg,MPL0O744
2023-08-29 13-01-32.png,XI
2023-08-29 02-28-12.png,21983
2023-08-29 06-08-48.png,WPPJ52052
2023-08-30 09-21-34.png,RL
2023-08-29 00-36-38.png,29017CPVC
2022-08-20 09-01-21.jpg,NPPA0042
2023-08-30 17-19-14.png,3072DECI
2022-10-03 12-12-45.jpg,DE8502
2023-08-30 17-17-12.png,EPPD59928
2023-08-28 19-51-42.png,SGCAF4823
2023-10-12 10-34-16.jpg,0IC561
2022-04-11 07-53-23.jpg,EPPY4586
2022-08-17 06-01-39.jpg,K13076
2023-08-29 14-48-02.png,IPKY56039
2023-08-29 11-23-53.png,KPCAM2615
2023-08-14 22-54-09.jpg,SP1YY46Z
2022-08-12 05-22-30.jpg,4P74095
2023-08-29 17-56-17.png,HPCAH5211
2023-08-28 20-59-30.png,2HPCBK2201
2022-01-28 20-24-29.jpg,004595
2023-08-29 04-23-33.png,CPKAJ7780
2023-08-29 01-48-04.png,HPCAF5193
2023-08-28 22-01-55.png,ICAQ2588
2023-08-28 19-19-48.png,CPCAV3086
2024-07-23 04-10-31.jpg,CH0661
2023-08-28 23-14-10.png,MNB55192
2023-08-30 17-46-24.png,0KPCAD2082
2023-08-29 15-27-47.png,2HPKHI59030
2024-05-29 08-55-24.jpg,YPA46463
2023-08-30 10-39-52.png,CPPK70812
2023-08-29 14-16-51.png,CPAAS7417
2023-06-05 23-34-12.jpg,FPUPSO918
2023-08-29 07-03-42.png,25052494
2023-08-28 20-53-11.png,SGABL5826
2023-08-28 16-14-29.png,NHYQ26233
2023-08-29 09-57-50.png,CAL6011
2023-08-28 19-10-12.png,VPHLL
2022-09-23 19-18-04.jpg,NWTV6424
2022-11-06 01-26-24.jpg,JB2778
2023-08-28 16-07-03.png,25320707
2022-05-02 05-12-40.jpg,3G8245
2022-09-17 13-10-19.jpg,G020542
2023-11-08 04-53-59.jpg,MPGUY3367
2023-08-29 10-03-57.png,5876333
2023-08-29 11-25-12.png,NHAAL8742
2023-08-29 11-15-03.png,EPPC55015
2023-08-30 16-31-14.png,HPPF58571
2023-08-29 10-37-22.png,6179228
2023-09-02 23-08-02.png,MCAO3187
2022-12-01 17-14-39.jpg,KY03903
2023-08-29 11-19-41.png,WPCAV2545
2023-09-03 00-05-20.png,CPCAH2752
2023-07-03 06-31-39.jpg,002282
2023-08-29 03-11-59.png,PE78712HP
2023-08-29 01-23-35.png,57214328
2023-07-08 05-47-54.jpg,IROBO20
2023-08-29 03-17-02.png,NGO57432
2022-12-16 11-52-13.jpg,CPWEQ3453
2023-08-28 16-04-50.png,JOT5258292
2023-08-28 21-09-28.png,REVIEW_NEEDED
2024-03-27 00-05-10.jpg,NCI4Q5395
2023-08-28 16-04-24.png,30172706
2023-08-29 07-17-31.png,KPCAC9164
2023-08-29 09-11-51.png,0HPCBH0312
2023-08-29 14-03-07.png,CPPR50413
2023-08-29 16-15-37.png,REVIEW_NEEDED
2023-08-30 17-22-16.png,MKK55141
2023-08-29 18-09-15.png,MACBE7122
2023-08-20 05-26-07.jpg,CPCCH9504
2022-10-23 03-45-44.jpg,CPXZG8964
2022-06-22 10-52-09.jpg,IRCS716
2023-08-29 04-26-12.png,REVIEW_NEEDED
2023-08-30 15-47-52.png,30125698
2022-01-25 06-54-27.jpg,CPP7354S
2023-08-30 15-40-04.png,5859205
2023-08-28 22-03-13.png,N5336555
2023-08-29 08-02-45.png,368
2024-06-28 17-48-39.jpg,CPRP9697
2023-08-29 15-39-52.png,HPGB7685
2024-02-19 15-44-16.jpg,065703
2023-08-30 20-45-35.png,NPCAG7220
2023-08-29 10-14-00.png,CP5143796
2023-08-29 12-59-24.png,2IHPABV2219
2023-08-28 23-56-24.png,MPKO8595
2023-08-29 10-04-51.png,2EFKX51795
2023-08-28 20-28-22.png,55357036
2023-09-02 23-14-32.png,0CPPF74167
2023-08-28 20-51-12.png,2950526
2023-08-29 09-37-54.png,0WPLL50240
2023-08-29 00-36-20.png,J5816
2023-10-16 09-02-45.jpg,PSEB2
2023-06-16 02-38-43.jpg,KDZ3712
2022-03-11 10-40-35.jpg,0M4721
2023-03-24 01-51-07.jpg,CPGEO667
2023-08-30 20-30-33.png,X79V6729
2024-04-30 12-28-47.jpg,CPBVE4683
2023-08-29 00-24-16.png,NPPEJ8428
2023-07-08 02-38-38.jpg,EPE0X3239
2023-08-28 21-42-52.png,UPQI5189
2024-06-24 14-29-03.jpg,P1342
2023-01-09 22-52-57.jpg,SPZSJ0345
2023-09-30 12-46-10.jpg,701896
2023-03-28 07-34-20.jpg,MTFTO6
2023-08-29 09-43-05.png,KPI853984
2023-07-28 04-09-21.jpg,CPBFE0904
2024-12-22 04-44-11.jpg,RFCZ2962
2023-08-28 16-09-52.png,205960
2023-08-29 14-20-12.png,REVIEW_NEEDED
2022-03-18 14-04-17.jpg,FA7992
2024-07-16 06-48-51.jpg,640228
2024-02-29 09-06-00.jpg,NOP5458
2023-08-29 01-42-58.png,NPE58655
2023-07-16 14-55-01.jpg,5M0927
2023-08-29 18-26-22.png,ABA14100
2023-08-29 04-31-26.png,EPGJJ5864
2023-06-19 06-19-55.jpg,SPLUAT7
2023-05-28 02-39-39.jpg,XF6375
2023-08-29 15-01-56.png,08UPCAD0836
2024-07-08 06-34-34.jpg,PA70384
2023-08-29 15-14-22.png,LOPE
2023-08-29 04-15-08.png,SGCAC9580
2022-03-08 11-36-25.jpg,SPTRGSB
2024-01-11 12-00-25.jpg,CPMY3883
2024-05-06 08-21-35.jpg,Q0J2547
2023-08-29 15-53-01.png,SPKO54476
2024-08-01 08-47-03.jpg,RAN6938
2022-08-25 09-38-48.jpg,TD70092
2023-08-29 04-47-58.png,NHAAQ5076
2023-08-29 10-36-17.png,KY75598
2023-08-28 20-26-29.png,HPDAE5322
2022-02-03 14-59-13.jpg,N70P9734
2023-12-22 00-52-28.jpg,CPJF19210
2023-08-29 13-55-50.png,GBD13G61
2023-09-02 23-23-08.png,WPKU29122
2023-11-06 00-27-34.jpg,WX3339
2023-08-30 15-19-46.png,NKKH71341
2022-01-04 18-43-38.jpg,NK2248
2023-08-29 09-52-58.png,HKP59632
2024-03-05 00-53-36.jpg,VFU4O18
2023-08-29 05-10-20.png,NANA55987
2022-10-22 19-51-50.jpg,EF1854
2023-08-28 20-37-07.png,25378596
2023-09-10 05-36-54.jpg,MZT4564
2024-05-14 01-33-35.jpg,EPGTLI866
2023-08-29 01-40-05.png,CPPAJ8242
2023-08-29 00-32-21.png,5EABJ85627
2023-08-29 18-26-01.png,NAAT1463
2023-08-29 17-11-19.png,MPPJF5728
2023-08-29 10-46-33.png,HPPG20686
2023-03-24 02-49-28.jpg,M2I4
2023-04-26 19-18-28.jpg,KRV477
2024-07-10 02-10-14.jpg,MUXUD1BO5
2023-08-29 02-03-58.png,MCBG1976
2024-09-22 12-11-10.jpg,EPBM0963
2023-05-02 22-53-13.jpg,NCST009Z
2023-08-29 10-02-43.png,HPKX74520
2023-08-28 21-17-09.png,HPPHJ5421
2023-08-28 20-02-17.png,PPL1575
2023-08-29 17-03-03.png,MABA1410
2023-08-29 17-52-18.png,HAAG5311
2023-08-30 18-25-06.png,HPCAP2210
2023-08-29 04-13-11.png,5856333
2023-08-29 15-29-51.png,PC74361KP
2024-05-16 02-14-48.jpg,K25909
2022-03-10 14-31-07.jpg,NWYUY3867
2023-09-02 23-34-27.png,25382952
2023-08-30 15-45-01.png,00SPDAH6996
2023-08-29 14-48-17.png,WPCAH5522
2023-08-29 00-57-45.png,HPPL56206
2023-08-29 15-15-21.png,QU20438
2023-08-29 07-08-19.png,NHCBE5543
2022-02-05 12-59-16.jpg,VT02528
2023-08-30 16-20-10.png,MPCAZL528
2023-08-29 15-00-09.png,NHPA54821
2022-12-30 16-07-42.jpg,NHYEP4249
2023-07-05 10-07-00.jpg,E15063
2024-08-19 12-30-18.jpg,NCI002383
2024-08-06 01-10-30.jpg,JL7067
2023-08-29 11-15-47.png,MECAZ3425
2023-09-02 23-12-02.png,VECAD9330
2023-08-28 22-44-14.png,NCAC9003
2024-06-21 23-49-56.jpg,0602179
2023-08-29 17-48-02.png,E115
2024-06-28 19-51-30.jpg,CK24914
2023-08-30 16-32-14.png,IPKRR4545
2023-08-28 23-45-45.png,25221535
2023-09-02 23-16-57.png,WPGB3096
2024-08-03 19-26-57.jpg,PY1569
2023-08-29 12-14-15.png,EPCAD8440
2023-08-29 16-00-19.png,00KPCBJ6339
2023-08-28 21-39-01.png,HPCAP5849
2022-09-14 19-15-49.jpg,0G1966
2023-04-04 08-13-26.jpg,NASK5549
2023-08-29 09-07-21.png,HPKT5731
2023-08-29 09-07-54.png,80SPPE74925
2023-08-29 07-04-49.png,CPPJ57223
2023-08-29 17-24-18.png,ABO7026
2022-04-15 21-06-58.jpg,EPHRD3355
2023-08-17 08-31-24.jpg,NCKX7530
2023-09-02 23-11-49.png,37
2023-11-18 19-33-36.jpg,SP016729
2022-01-17 09-33-29.jpg,CP1J8552
2022-06-30 20-58-50.jpg,IFI626
2022-03-29 10-40-22.jpg,FJ02782
2023-08-29 11-32-09.png,SPPJ53346
2022-12-25 19-38-04.jpg,MPVE3054
2023-08-29 05-59-49.png,A1360
2023-08-29 01-11-39.png,REVIEW_NEEDED
2023-08-29 03-52-30.png,NCPA56203
2023-08-28 21-57-56.png,CAA3833
2023-08-29 15-58-08.png,KPKY2959
2023-08-29 09-33-32.png,REVIEW_NEEDED
2024-07-30 19-20-04.jpg,EPC0372
2023-08-29 18-07-52.png,REVIEW_NEEDED
2023-08-30 10-03-35.png,28KPCBJ9891
2023-08-28 20-37-56.png,CPHV55859
2023-08-28 19-30-00.png,MHB8675
2022-06-01 07-43-49.jpg,GEC7493
2023-08-29 15-31-10.png,SPPA54839
2023-08-29 18-23-35.png,P25055285
2023-08-29 16-46-27.png,HPCAE6017
2023-08-29 02-36-00.png,WP56746821
2024-09-25 04-53-50.jpg,EPBUM2927
2023-08-29 10-40-30.png,HPPL565607
2024-07-15 09-20-17.jpg,EPJ3759
2023-08-30 18-33-12.png,X
2023-08-30 15-46-51.png,WM
2023-08-29 17-15-19.png,REVIEW_NEEDED
2022-07-09 08-30-45.jpg,TPE2427
2023-08-29 04-06-03.png,WPABU40L
2022-07-07 07-20-45.jpg,REVIEW_NEEDED
2023-08-28 23-25-39.png,25085103
2023-06-11 16-23-17.jpg,0S6418
2023-09-22 04-39-18.jpg,EPJA2712
2024-02-28 19-46-04.jpg,NCILZ6495
2023-08-30 16-36-54.png,CPPLF6583
2023-08-29 14-17-27.png,KV79255
2023-08-29 14-34-11.png,156QEJ04IU
2023-08-29 15-04-06.png,SPCAG0375
2023-08-30 11-00-39.png,IGX21474
2023-08-30 17-35-02.png,REVIEW_NEEDED
2022-08-04 13-52-33.jpg,CPLH9O6O
2023-08-29 15-08-51.png,269HOX
2023-06-16 00-14-16.jpg,SP0180559
2023-08-29 02-06-03.png,HPABC
2023-08-29 15-12-42.png,262OL
2023-08-29 04-55-56.png,HGJ1765W
2023-08-29 10-37-36.png,20WPKU53987
2023-08-30 18-24-44.png,00SGKBO117
2023-08-29 03-58-53.png,MCAZ7598
2023-08-29 13-57-24.png,REVIEW_NEEDED
2023-08-29 00-52-19.png,SGPJF852800
2023-08-28 21-43-43.png,NHPDZ6843
2023-08-29 10-10-21.png,EPKM8536
2023-08-29 00-20-09.png,PDL433
2023-08-29 15-23-35.png,0HPABR8579
2022-02-07 20-02-52.jpg,XWX4228
2023-08-30 08-39-45.png,KUL
2023-08-29 08-18-19.png,WPCAH7041
2023-08-28 16-03-19.png,H5657407
2023-08-30 16-56-19.png,APCBD2861
2023-08-28 23-05-21.png,NHABP6368
2023-08-29 08-10-42.png,NWPIV1003
2023-08-29 07-09-51.png,NTPB52132
2023-08-29 09-05-34.png,SGNC57026
2023-08-30 16-22-09.png,HPCAM4545
2023-08-29 04-42-32.png,TOMOTO
2023-01-07 16-57-25.jpg,EPTARIO05
2023-08-29 18-32-06.png,EPCAC1954
2023-08-29 18-08-46.png,REVIEW_NEEDED
2023-08-30 20-50-52.png,T7E6276761
2023-08-29 15-04-43.png,5726549
2024-12-30 19-11-55.jpg,0573951
2023-08-29 17-47-51.png,CPKH73366
2023-08-29 06-39-45.png,REVIEW_NEEDED
2023-08-29 07-18-11.png,P4UI3849
2023-08-29 18-28-32.png,54759381
2022-12-18 03-16-23.jpg,CPADJI052
2023-08-28 23-52-42.png,0KRJ2674
2023-08-28 21-41-44.png,HPKEA6073
2023-08-29 07-31-36.png,NAPF53580
2023-08-29 16-09-41.png,REVIEW_NEEDED
2023-08-29 08-11-35.png,CPPG71380
2023-08-30 18-06-13.png,5PAABI4477
2023-10-20 00-09-43.jpg,MALEG3039
2023-09-06 09-30-59.jpg,006427
2022-10-26 02-04-45.jpg,SPXNC2427
2023-08-29 05-30-36.png,KPKY54233
2022-08-06 18-20-38.jpg,NCT347E8
2023-12-29 16-11-51.jpg,WRK2598
2022-03-15 22-29-33.jpg,NCKLL3796
2023-08-30 10-03-02.png,VEJ5786
2023-08-29 00-03-54.png,KPPF33225
2023-08-29 08-37-10.png,56J0536
2023-08-29 06-46-40.png,183
2023-08-29 10-37-07.png,MPCAN2227
2023-08-30 18-23-54.png,SGCAC1175
2022-07-23 05-38-36.jpg,NMBU045I
2024-09-30 15-43-04.jpg,NXMNUI729
2023-07-22 23-09-37.jpg,MPBD8O63
2023-08-29 14-05-23.png,FJO52458
2023-08-29 16-22-44.png,RHA20807
2023-08-30 10-05-37.png,6CPPG59652
2023-08-29 04-03-00.png,HPVQ57356
2023-08-29 07-58-54.png,HPPH1400
2024-08-19 23-45-47.jpg,SPXRT0473
2023-08-30 09-18-44.png,REVIEW_NEEDED
2023-08-30 09-44-29.png,XPJB22417
2023-02-12 16-41-37.jpg,NH9454
2023-08-29 14-03-38.png,5948777
2023-07-09 21-26-51.jpg,SPLHI68I3
2023-09-02 23-17-22.png,MCBD5822
2022-04-27 23-36-08.jpg,A19970
2022-04-22 13-40-11.jpg,RPSSOZ3
2024-08-10 23-09-23.jpg,N709G778
2024-08-20 07-31-02.jpg,MPZCU9686
2023-04-02 04-34-18.jpg,RGN9953
2024-09-04 15-43-57.jpg,HVMS
2023-08-29 07-49-32.png,FECBG7352
2024-08-14 04-12-55.jpg,MPAT7300
2023-08-29 18-15-54.png,546329
2023-08-29 02-41-31.png,NPPB52323
2023-08-29 03-58-14.png,IFAAY3453
2023-08-30 15-06-00.png,CPAAQ9644
2023-09-03 00-12-38.png,MPPD56712
2023-08-28 16-05-21.png,SGYI22325
2022-10-11 08-39-57.jpg,CPMNT7051
2023-08-29 09-07-33.png,MPDAE5322
2023-08-30 12-00-05.png,65727579
2023-08-30 11-54-43.png,QI8431
2024-01-29 19-36-48.jpg,HBI6IS
2023-08-28 21-56-54.png,JTF37376P
2022-01-06 13-58-59.jpg,WHTY9M
2023-05-29 23-51-25.jpg,0V08899
2023-08-29 07-55-54.png,SPKQ57276
2022-03-17 11-15-28.jpg,PX6791
2023-08-29 18-59-52.png,UPKU56443
2023-08-29 11-06-56.png,40KPPH223031
2023-08-28 23-40-02.png,KPCAX3341
2023-08-30 16-48-05.png,CE
2023-03-19 07-08-15.jpg,MPSVIZII
2022-09-18 06-54-20.jpg,EPRR3JI
2023-08-28 21-29-22.png,KPCAJ2855
2023-08-30 18-03-14.png,P31711PC
2023-08-29 14-41-52.png,2015038
2023-08-29 09-49-37.png,HPCAD32327
2023-08-30 10-32-41.png,HPPF52988
2023-08-30 08-56-56.png,202541773
2023-08-29 14-21-29.png,SPCBF2113
2023-08-29 01-53-16.png,NRPG2J5205
2023-08-29 08-06-19.png,BGYI
2023-08-29 08-34-47.png,BHV36
2022-06-05 02-08-25.jpg,EPZZP5O9
2023-08-30 15-18-02.png,WPDAG94471
2023-08-28 21-18-44.png,SENA5697
2023-08-29 01-33-03.png,CPPG72259
2023-08-29 17-25-32.png,5475684
2024-05-07 18-35-48.jpg,NIR6075
2023-08-29 06-14-33.png,NPPC56023
2022-07-07 09-37-49.jpg,NJ4952
2023-08-30 15-47-33.png,VINI05425187
2023-10-11 13-56-22.jpg,PFZ6726
2023-08-29 08-53-28.png,NHPK52626
2023-01-12 05-07-51.jpg,LXH9BBI
2023-08-30 09-02-52.png,4PQP54738
2024-11-02 10-58-37.jpg,X04543
2023-11-07 08-02-07.jpg,EQ0920
2023-08-28 21-07-56.png,207747501
2023-08-28 23-41-27.png,NWPG355787
2023-09-01 07-30-46.jpg,NWRO3222
2024-07-19 02-56-51.jpg,V055747
2023-08-29 00-53-24.png,SGYIJ3559
2024-08-07 19-42-25.jpg,SPILT462I
2023-08-29 10-50-42.png,ABCBC8213
2023-08-28 23-52-48.png,PCAP0383
2022-12-18 19-57-16.jpg,83072
2023-08-29 14-52-08.png,00WPPJ6385
2024-06-08 09-13-22.jpg,2G402
2023-08-29 09-53-46.png,WPCBF2216
2023-08-29 04-02-47.png,HEYQ7356
2023-08-29 08-21-59.png,NWCAK2042
2023-06-02 00-52-50.jpg,100385
2023-08-29 15-21-28.png,CAB4914
2024-11-23 15-58-18.jpg,SPPRZ87IO
2023-08-12 00-20-14.jpg,NS1USS78
2022-02-07 05-13-32.jpg,CC477
2023-08-29 08-48-15.png,SGPB70897
2022-09-18 15-43-43.jpg,NMJT2847
2022-08-19 13-29-59.jpg,5P1D1596
2023-08-30 15-47-40.png,REVIEW_NEEDED
2023-03-05 20-34-41.jpg,WPOT07765
2022-12-05 11-05-26.jpg,SPCKHBI23
2022-05-27 13-34-20.jpg,MHRO1O7
2023-08-29 16-05-39.png,EABA1410
2023-08-28 22-41-39.png,NCAC0071
2024-07-15 17-47-08.jpg,SPE03806
2024-02-26 12-27-29.jpg,MRR5610
2023-11-03 20-45-03.jpg,L08034
2023-08-29 16-26-57.png,0NKPD52333
2024-04-21 21-50-48.jpg,509403
2023-08-29 01-30-21.png,WPCBC7551
2024-09-11 22-35-54.jpg,WFXS09O
2023-08-29 08-09-28.png,00KPHI52703
2023-08-29 07-40-56.png,5664514
2023-08-29 04-46-40.png,NKAAQ5076
2024-11-28 12-49-53.jpg,OP6339
2024-01-09 12-53-31.jpg,EPGATO954
2023-08-29 04-05-34.png,HPPHF0223
2023-08-29 09-46-04.png,251168095A5
2023-08-28 22-07-17.png,8Y2273
2023-08-29 16-19-06.png,HPNB36411
2023-05-21 10-08-35.jpg,NCVA779
2023-08-29 00-22-06.png,WYS2776
2023-08-30 12-00-27.png,HPCAQ4372
2023-08-28 22-57-14.png,CPCAA3018
2024-05-11 01-27-25.jpg,EPLAQ0078
2023-01-06 06-02-27.jpg,70Y0945
2023-08-29 05-03-01.png,REVIEW_NEEDED
2023-08-30 15-20-15.png,NHPEJ6454
2023-11-15 22-33-10.jpg,N7HS24B6
2023-11-13 13-11-12.jpg,WPSVX2927
2024-11-22 21-43-28.jpg,NCQUS89Q
2024-07-16 23-13-52.jpg,00I779
2023-08-29 10-32-19.png,25391387
2023-08-29 14-48-59.png,SPCAZ8166
2023-03-08 02-08-43.jpg,L0L3544
2024-05-29 22-33-14.jpg,NCK19467
2023-08-28 21-01-04.png,HI2349S0
2024-11-29 06-45-13.jpg,5FB52J6
2023-08-29 15-21-04.png,HPCAO0064
2022-11-28 15-26-40.jpg,YCEOI6
2023-08-29 09-44-11.png,HPKYF7244
2023-03-09 18-52-51.jpg,CPGNZ2058
2023-08-30 08-45-00.png,KPPE52645
2023-08-28 20-22-18.png,NKCAY9173
2022-09-24 00-43-03.jpg,F50419
2023-08-30 10-03-44.png,HPCAQ5647
2023-08-29 17-00-57.png,UPVD1535
2023-08-29 08-08-50.png,NCCAT6970
2023-08-29 17-22-21.png,EABA1410
2023-08-30 20-47-20.png,5S1AT
2023-08-29 05-14-03.png,KPCAM4388
2024-01-14 01-44-14.jpg,PLNC8
2023-08-29 09-51-58.png,HPKP50997
2023-08-30 10-43-31.png,WPCBF1142
2024-05-12 00-00-35.jpg,NCYTN8352
2023-08-29 07-35-03.png,NCPA56203
2023-08-29 16-08-03.png,25327640
2023-08-29 09-46-53.png,4492HPYO
2023-08-29 09-14-14.png,MHABH1344
2023-08-30 17-44-42.png,WPKHF6620
2023-08-24 12-08-05.jpg,CPTO81642
2022-10-22 12-51-37.jpg,FNO33
2022-11-20 10-36-51.jpg,MPSRE8I32
2023-08-29 01-10-15.png,25027819
2023-08-30 16-22-27.png,SGCAF7355
2023-08-29 10-40-48.png,MPPKH0991
2023-08-30 09-44-43.png,RPCBM1251
2023-08-29 06-22-47.png,ECZ0228
2023-08-30 10-15-10.png,VEJ5786
2023-08-29 08-38-25.png,00NPP71876
2023-09-02 23-53-40.png,0VPCAF7959
2024-12-20 17-21-18.jpg,SPDX2495
2023-08-29 08-30-59.png,5429183
2023-08-28 21-31-08.png,30145837
2022-07-23 17-08-35.jpg,07272
2023-08-28 20-09-30.png,HPKYZ8508
2023-08-29 05-29-32.png,LPABH6081
2023-08-29 04-02-40.png,4CAP4097
2023-09-02 22-54-57.png,NCKUA3193
2024-10-28 10-10-47.jpg,NCH03472
2022-04-24 19-27-06.jpg,WPGCH65SO
2023-08-30 09-41-38.png,EPGL57862
2024-11-15 10-13-52.jpg,A0G8867
2023-08-29 06-23-24.png,WPCAH3626
2023-01-14 21-44-28.jpg,0S7376
2024-08-28 10-51-34.jpg,MP438
2023-12-09 21-47-12.jpg,TCVN40U
2023-08-29 12-37-34.png,SGCAN5537
2023-08-29 08-35-42.png,20SPCBJ5999
2023-08-28 22-06-39.png,BP32273
2023-08-29 10-50-25.png,PKT34501
2023-08-29 01-51-32.png,25277242
2023-08-29 00-10-27.png,DPG59893
2023-08-30 11-08-23.png,G2AAU431
2023-08-29 17-23-24.png,ABA1410
2023-08-21 01-56-35.jpg,XH0163
2023-08-29 09-02-32.png,HPCAI3465
2023-08-29 08-54-52.png,SPCAK5422
2023-03-16 05-49-55.jpg,089478
2023-08-29 03-32-37.png,3AF2
2022-11-06 10-28-33.jpg,NIFUQ
2023-08-28 21-35-11.png,HPCAA9102
2023-08-28 22-13-32.png,ZOOF0766
2023-08-28 20-09-41.png,CICAH7516
2023-08-29 14-03-36.png,6WPCAJ1764
2023-12-29 23-05-43.jpg,KU19240
2023-08-30 09-28-16.png,REVIEW_NEEDED
2022-07-26 19-56-14.jpg,N005030
2023-08-30 15-53-12.png,REVIEW_NEEDED
2023-08-30 15-39-18.png,REVIEW_NEEDED
2022-04-30 13-02-20.jpg,CPG0D71
2024-08-21 02-30-16.jpg,NCBGF5892
2023-08-29 11-15-36.png,APPV54523
2023-08-30 16-31-23.png,REVIEW_NEEDED
2022-08-20 04-58-09.jpg,CPUC5838
2023-08-28 23-25-53.png,SP5322107
2023-08-29 02-52-47.png,CPKQ51601
2023-12-15 18-47-41.jpg,GC1832
2023-09-02 23-46-52.png,CP5271010
2022-05-01 15-23-03.jpg,0ND7767
2023-08-29 17-05-55.png,PPGF7994
2024-01-23 09-54-17.jpg,262937
2023-08-06 07-47-56.jpg,JN0428
2024-01-18 19-24-20.jpg,V0404
2023-08-28 23-52-32.png,HPKX76443
2023-08-29 11-10-37.png,KPPV54523
2023-08-29 03-40-48.png,EPKD0509
2023-08-29 05-37-03.png,EPGF50804
2023-08-30 16-53-56.png,8HPPI56803
2022-10-23 14-15-12.jpg,S1E1690
2023-08-29 02-38-57.png,WPABQ6498
2023-08-29 10-31-25.png,MPKI52555
2023-08-30 20-39-46.png,4
2023-08-29 10-00-25.png,UPKI55777
2023-08-29 11-12-22.png,HOYO125154024
2023-08-28 21-16-25.png,ISGPPV7555
2023-08-29 08-51-15.png,28SPKR6406
2023-08-29 03-04-01.png,AAT3982
2024-08-31 14-35-36.jpg,RT7370
2023-08-28 19-45-52.png,HPPK25011
2023-08-29 17-29-53.png,GABA141
2023-04-14 15-54-13.jpg,CPBI2
2022-08-26 23-39-56.jpg,RJ0903
2023-08-29 15-19-41.png,JOX
2024-02-28 05-22-16.jpg,CPCI9615
2023-08-29 12-19-01.png,RPHS540808
2023-10-05 10-33-11.jpg,B75440
2023-08-28 21-47-21.png,REVIEW_NEEDED
2023-08-29 07-03-38.png,KPPE59182
2024-07-06 07-20-02.jpg,CPG15OQ
2024-04-01 21-19-24.jpg,MPGYL7365
2023-08-28 20-06-04.png,NKPA21746
2023-08-29 17-58-06.png,JI
2023-08-30 11-37-52.png,WPKJ6296
2023-08-28 21-50-26.png,KPHNJ7136
2023-08-29 16-42-41.png,KPKU78295
2023-08-29 12-20-33.png,02HPKM72268
2023-08-29 06-08-49.png,25753003
2023-08-30 12-09-01.png,6055424
2023-08-29 15-56-46.png,RCQK25817
2023-08-28 20-03-38.png,MPCBH60773
2023-08-29 16-26-44.png,RPPC54545
2023-08-20 18-26-35.jpg,BYH33II
2023-08-29 09-19-44.png,MPCAO4407
2024-11-13 09-54-01.jpg,BTY35SO
2023-08-28 21-18-41.png,PD5843
2023-08-30 10-09-26.png,SPKY53827
2023-08-29 00-29-40.png,CPKV29578
2023-04-11 15-13-31.jpg,KP5423
2023-08-29 04-35-59.png,TR
2023-08-28 22-58-47.png,KPPA53521
2023-09-02 23-07-11.png,2WPCAB3168
2023-08-29 18-35-36.png,25059552
2022-06-15 06-51-24.jpg,CPA6O73
2024-08-10 01-45-06.jpg,0ZR9939
2023-08-29 03-29-23.png,RPCBC8213
2023-08-28 23-45-23.png,5876460
2023-08-30 11-49-42.png,CAH9845
2023-08-29 01-21-28.png,S6KNR5122
2022-06-10 04-04-03.jpg,80544
2023-08-29 09-31-06.png,HPKT57310
2023-08-30 17-22-22.png,HPCAZ8190
2022-05-29 15-34-51.jpg,RX5703
2022-10-27 00-13-49.jpg,NCEY3210
2023-04-08 00-55-42.jpg,NCWBO863
2024-04-01 05-34-35.jpg,OPY5228
2023-06-23 12-04-36.jpg,VVY59OI
2024-10-03 14-50-37.jpg,NCCPA5080
2022-11-14 00-27-42.jpg,BNCO503
2023-08-28 21-47-07.png,NCCAV7937
2023-08-29 12-57-31.png,HUSE
2023-09-02 23-48-01.png,5EPD54512
2024-01-14 22-22-45.jpg,EPCZO764
2024-11-05 20-48-37.jpg,NHXL9270
2023-08-29 09-17-56.png,TCJOIA25156024
2022-08-21 05-35-05.jpg,EPYE835
2023-09-02 23-49-16.png,MPPJ57008
2023-08-29 07-41-56.png,HPND57998
2024-10-16 18-48-45.jpg,T9723
2022-06-29 22-22-50.jpg,R07521
2023-08-29 06-12-36.png,CAP4097
2023-08-29 17-21-42.png,MQSZ5036
2023-08-30 20-32-34.png,REVIEW_NEEDED
2023-08-30 08-50-34.png,REVIEW_NEEDED
2023-08-29 18-14-11.png,01971982
2023-08-29 03-52-20.png,SGAAT4766
2023-08-29 19-00-02.png,NPPC57811
2024-03-26 23-49-38.jpg,SPRRH6759
2022-09-03 14-33-58.jpg,WARUE4559
2023-08-29 08-13-46.png,MHS29269
2023-08-29 09-48-54.png,MHPK52626
2023-08-29 09-27-39.png,CPCAO4957
2022-01-03 13-19-28.jpg,CPTED9588
2023-08-28 22-36-52.png,NPPF20686
2023-08-29 11-02-10.png,YPCBL4602
2023-08-28 22-53-43.png,KPKVJ5594
2023-08-28 20-06-39.png,WPCBF8792
2023-08-29 02-19-02.png,GD314661NP
2023-08-29 07-48-40.png,FPCBG7359
2023-08-30 15-25-04.png,REVIEW_NEEDED
2023-08-29 15-50-08.png,HPYSE7418
2023-08-29 15-17-29.png,LOX265
2022-11-13 13-54-49.jpg,NH9907
2022-06-14 02-15-59.jpg,PJY3A
2023-08-29 01-51-53.png,LHE6695
2023-08-29 03-53-54.png,CPCAK6415
2022-08-27 07-56-02.jpg,RV0059
2023-08-29 12-37-53.png,RKPE59947
2024-05-15 19-40-35.jpg,CPGPA0424
2023-08-29 16-26-12.png,47CAV776
2023-08-29 14-07-06.png,REVIEW_NEEDED
2024-03-22 11-03-41.jpg,CPF1442O
2023-08-29 06-23-43.png,EPCBB7937
2023-09-02 23-16-59.png,SPKE28915
2023-08-29 16-40-08.png,FRPPB58622
2023-08-28 19-18-18.png,0PB59748
2023-08-29 07-48-55.png,PGJI1613
2023-08-30 20-36-36.png,WPCAV2914
2023-08-28 22-09-06.png,WPCAG2087
2023-08-29 10-47-33.png,HPCAH3848
2023-08-29 18-16-25.png,CAV8436SG
2023-11-18 17-19-04.jpg,706262
2023-05-30 20-20-05.jpg,KP7286
2023-08-29 14-03-23.png,6XPKK72454
2022-06-04 22-55-55.jpg,SPLFV8AD6
2023-08-28 21-40-17.png,HPPI56928
2023-08-29 11-28-42.png,MPCAU37921
2023-08-29 10-42-19.png,WP50129865
2023-08-30 09-52-09.png,RGPG21490
2023-08-30 10-54-09.png,KBHH56D8
2023-08-30 15-44-58.png,0NKKH77283
2023-09-02 22-58-10.png,CPCAA3018
2022-08-10 02-35-05.jpg,CPYBB0S88
2023-01-27 02-53-27.jpg,NCJN0870
2022-02-13 09-33-24.jpg,BLO622
2023-08-30 17-23-02.png,4CPCBJ2413
2023-08-28 22-24-27.png,HPKV56725
2023-04-14 14-49-13.jpg,WPAOF3755
2023-08-29 03-11-04.png,5725498
2023-08-30 15-07-53.png,577125
2023-08-29 02-22-25.png,HAPF54644
2023-08-28 21-14-59.png,HPNC56862
2023-06-13 20-36-31.jpg,CPF86254
2023-08-29 10-08-18.png,REVIEW_NEEDED
2022-06-12 13-10-20.jpg,MDY360
2023-08-29 16-55-24.png,EABA1G10
2023-08-29 12-02-09.png,SPCBB5678
2023-05-23 21-59-43.jpg,SPDM8653
2023-09-02 23-50-16.png,585138
2023-08-28 23-56-57.png,7172817
2023-08-28 23-40-55.png,IRGAA0055
2024-12-29 04-56-43.jpg,CPH77155
2023-08-29 14-37-05.png,ING35569
2023-08-28 22-15-06.png,WPCBB5160
2022-10-02 12-18-02.jpg,NMCJI880
2022-02-24 11-44-31.jpg,EPQT4290
2024-05-05 19-15-19.jpg,NPYN8737
2023-08-29 08-59-56.png,HPKO57288
2022-07-17 09-47-01.jpg,049055
2024-10-28 08-23-19.jpg,SCX769
2022-06-24 02-30-23.jpg,SPSCI322
2022-03-28 23-25-18.jpg,NCSOR4245
2023-08-29 00-03-56.png,CPKTF6225
2024-11-11 00-49-29.jpg,CPHW734
2022-10-22 01-06-26.jpg,MPRATIG16
2023-08-29 00-11-04.png,UCAO1331
2022-10-23 18-27-13.jpg,MTU7857
2023-08-28 16-07-04.png,MPNC53617
2024-06-04 17-30-29.jpg,SPRH2575
2023-08-30 10-52-18.png,5877345
2023-09-02 23-25-00.png,05257847
2023-08-30 16-34-39.png,0KPNC52797
2023-08-29 07-10-50.png,5455938
2023-08-30 16-36-10.png,CPQBZ5974
2024-02-03 05-19-51.jpg,SS091
2023-08-30 20-37-28.png,HPCEL2557
2023-08-29 10-42-41.png,YPCBI9606
2024-03-17 15-15-03.jpg,MF0244
2023-08-29 18-51-03.png,SPKP51718
2023-08-29 08-18-22.png,KPQEJH3722
2022-03-08 15-54-26.jpg,MEY9086
2023-08-28 23-47-51.png,IANA55178
2023-08-29 12-26-16.png,REVIEW_NEEDED
2023-11-28 20-21-40.jpg,CPLRCO79
2023-08-29 00-08-53.png,18F637
2023-04-16 08-08-30.jpg,SPUAG3906
2023-08-29 17-53-13.png,REVIEW_NEEDED
2022-10-19 11-15-17.jpg,CPMN8740
2023-08-29 00-11-13.png,B0129335
2023-08-30 22-26-07.jpg,PXMII9
2024-03-15 04-07-37.jpg,CP2340
2024-12-28 18-09-58.jpg,SPHI3O59
2023-08-29 07-37-24.png,NPGZE3232
2023-08-29 06-23-48.png,NGN54714
2022-12-06 03-04-44.jpg,NPXSVJ107
2023-08-29 14-11-52.png,MXYP55774
2024-08-23 06-56-18.jpg,JP6302
2023-08-29 03-00-18.png,HPPG51226
2023-08-29 08-22-05.png,25126188
2024-06-23 09-16-01.jpg,0086512
2023-08-29 06-23-35.png,PW
2023-08-29 18-09-34.png,2
2023-08-29 11-03-14.png,0INHDAF3726
2023-09-02 23-56-52.png,REVIEW_NEEDED
2022-09-24 20-36-55.jpg,1J4455
2023-08-28 21-56-27.png,IS6YQ58026
2023-08-29 05-59-52.png,EPAAC1632
2023-08-29 08-36-35.png,MECAQ60722
2023-08-28 22-11-59.png,SPJT23737
2023-08-28 16-06-31.png,IN4PBP0435
2022-01-29 06-29-56.jpg,D24652
2024-11-22 14-14-21.jpg,5810332
2023-08-28 20-27-45.png,KPCAR8150
2023-09-13 15-21-17.jpg,EPRI8201
2023-08-29 04-11-47.png,GH20705
2024-08-04 01-12-22.jpg,CT5998
2023-08-29 10-31-52.png,MPKD52686
2023-04-04 14-19-11.jpg,MPPQY8746
2024-10-03 15-16-02.jpg,NCHE3439
2023-08-29 14-53-17.png,IBH45698
2023-08-29 15-17-55.png,8KPCAE3744
2023-08-29 06-25-24.png,6589646
2022-11-15 01-40-01.jpg,MPDHY0592
2023-08-28 16-15-32.png,0XPADUL03
2024-09-30 22-02-59.jpg,NCSBZ3531
2023-08-28 23-04-04.png,SGABP9622
2023-08-30 11-48-17.png,HPCAL5945
2023-08-30 09-24-27.png,EECB0532
2023-08-28 22-50-06.png,UPKE52406
2023-08-29 06-47-23.png,MPPJP2856
2023-08-29 10-05-52.png,HPPF73143
2023-07-24 06-43-10.jpg,SPIPL72D
2024-04-02 07-03-21.jpg,NCKZ5989
2023-12-16 12-29-52.jpg,PLIZ22
2024-11-08 11-57-07.jpg,MC369
2022-03-18 15-35-52.jpg,NWBK8851
2023-08-29 03-27-26.png,AA264700N1
2023-08-29 10-31-08.png,HPCAF2400
2023-08-29 16-26-30.png,ABA1410
2023-09-02 23-05-39.png,WPCAE4937
2023-09-02 23-12-46.png,NHHT26716
2023-05-18 18-29-26.jpg,SPBEL55IB
2023-08-29 07-37-28.png,25021994
2023-08-28 19-25-03.png,HPCE282
2023-08-29 16-51-42.png,REVIEW_NEEDED
2023-08-29 11-17-54.png,HPPG22671
2023-06-29 04-50-39.jpg,XK7489
2023-08-28 22-15-22.png,6CAO4834
2023-11-10 10-32-05.jpg,NCMFV8243
2023-05-31 02-40-48.jpg,RVJ07S
2023-04-27 01-55-50.jpg,TP08602
2023-08-28 22-05-50.png,6525603
2023-09-02 23-54-04.png,0EPPG51007
2023-07-06 23-01-33.jpg,NN3639
2024-07-11 14-13-14.jpg,SPJFCIE62
2023-08-29 16-10-09.png,CEABB8652
2023-08-30 08-55-58.png,HPCAK3804
2023-08-28 21-40-51.png,74
2022-07-06 08-33-18.jpg,EP0M290
2024-10-28 21-10-22.jpg,EPBPJ5312
2023-08-28 20-11-59.png,PPCAY1740
2023-08-29 04-47-38.png,SGDAF4260
2024-05-08 01-23-12.jpg,WB6855
2023-12-13 17-02-25.jpg,PPT3803
2023-08-29 15-15-17.png,6259082
2023-06-23 00-08-55.jpg,780689
2023-08-30 09-12-05.png,NHCAD0997
2022-02-26 09-04-48.jpg,NCPMEO779
2023-08-30 17-13-32.png,AAY0313
2023-08-28 22-07-37.png,0YE2273
2023-08-30 20-43-40.png,NCBA7157
2023-08-28 19-07-48.png,HPKRA9584
2023-08-29 05-43-47.png,HPCAP2446
2024-01-21 09-35-13.jpg,MPSAK5227
2023-08-29 04-18-29.png,PE54089
2022-02-27 07-24-28.jpg,MPS72266
2023-08-29 00-30-37.png,IKYV23927
2023-08-29 08-26-35.png,20CAL6011
2023-08-29 10-31-16.png,5958557
2024-10-11 22-24-47.jpg,J876447
2023-08-29 11-26-01.png,WP50179065
2023-04-20 08-36-23.jpg,085584
2023-08-29 09-16-56.png,SGCAT5877
2023-08-29 09-35-15.png,EPAG982
2023-08-29 16-04-23.png,HPCAJ9821
2024-11-22 01-59-48.jpg,051239
2023-08-29 12-04-14.png,HPKML7523
2023-09-02 23-14-54.png,SGCAB6063
2022-08-27 10-28-23.jpg,EC2143
2023-08-29 07-37-33.png,2WPDAA7368
2022-07-16 19-48-14.jpg,JLP8516
2023-08-29 01-24-20.png,5850552
2023-04-02 14-36-38.jpg,0J8614
2023-08-30 10-20-05.png,6
2023-08-30 15-41-12.png,REVIEW_NEEDED
2023-08-29 00-53-05.png,KPK77201
2022-12-29 13-56-45.jpg,NMVXE5379
2023-08-29 16-18-45.png,WPCBL4433
2023-06-02 03-27-02.jpg,EPC03385
2023-08-29 09-30-01.png,HPCAO3042
2023-08-29 01-50-29.png,NPW57622
2023-08-28 23-36-02.png,P
2023-02-23 05-56-24.jpg,EPFB2708
2023-08-30 20-36-49.png,HPCAH3452
2023-07-09 03-33-38.jpg,EPYK9I32
2022-07-07 03-33-34.jpg,1289896
2023-08-29 01-44-45.png,KFCBE8474
2023-08-29 05-52-28.png,NCBD1006
2023-08-29 10-30-24.png,HPPJ52178
2023-08-29 10-38-38.png,MPBEE4021
2024-01-08 23-02-10.jpg,FXM04
2023-08-30 15-31-12.png,CP501552
2024-06-17 14-59-12.jpg,YRL9138
2023-08-29 12-10-45.png,NCBE8701
2023-08-29 17-15-16.png,QR4869MX
2023-01-01 09-05-34.jpg,YE2038
2023-08-30 11-39-37.png,KUZ2025
2023-08-29 10-41-27.png,OMPPB55194
2024-08-23 16-51-50.jpg,RJ5IJ6
2023-04-07 23-31-51.jpg,NCLXT7335
2023-08-29 10-10-27.png,HPCAH5522
2024-12-21 15-14-29.jpg,EPX2904
2023-08-29 01-06-59.png,0RCBJ7304
2023-08-28 21-04-24.png,SPCBE4281
2024-09-08 19-49-13.jpg,VH2943
2023-08-29 12-37-02.png,MKJE2379
2023-08-28 23-01-05.png,NPPE02172
2024-10-08 13-05-34.jpg,CPSK3455
2023-08-29 16-42-54.png,REVIEW_NEEDED
2022-10-21 22-15-17.jpg,NCTHXIB48
2023-08-29 07-09-06.png,D0PD3457
2023-08-28 23-17-59.png,HPCBJ4237
2023-04-11 13-00-22.jpg,RL99056
2023-08-29 17-52-31.png,WPCBC6553
2023-08-29 15-30-39.png,KNE
2023-08-30 15-47-28.png,MPCBD2861
2023-05-01 09-56-56.jpg,OPYI327
2023-08-29 14-14-03.png,NYABM8136
2023-08-29 09-06-07.png,5711371
2023-11-28 22-04-07.jpg,MP4T4833
2023-08-30 11-53-52.png,REVIEW_NEEDED
2023-08-28 21-36-08.png,IW725
2022-08-29 20-44-24.jpg,SP0M08485
2023-08-30 17-44-11.png,EPPC3645
2023-02-20 17-12-13.jpg,SPK1340
2023-08-30 08-35-26.png,SPBHBIUU
2023-08-30 16-50-07.png,UPPG20345
2023-08-29 14-01-00.png,APAAR2211
2023-08-29 09-09-46.png,HPCBJ1856
2022-02-28 10-31-09.jpg,CPGPA4654
2023-08-29 06-22-30.png,WPCBE9005
2023-08-29 18-08-05.png,REVIEW_NEEDED
2024-02-19 09-28-45.jpg,SPXWV6698
2023-08-29 17-59-41.png,3716
2022-05-25 22-21-02.jpg,K0C8038
2023-08-30 11-31-56.png,20WPPF56753
2022-10-15 08-17-39.jpg,04E2829
2023-08-29 02-13-58.png,CPVMZ7507
2023-09-02 23-03-30.png,MN33
2023-08-29 08-52-16.png,MPCBG5683
2024-09-01 02-45-42.jpg,CPNO7225
2023-09-02 23-12-12.png,HPKP2141
2023-08-28 21-14-26.png,5756024
2024-01-31 02-35-35.jpg,MCRKIZ245
2023-08-28 19-54-11.png,251456
2023-08-30 09-54-12.png,APCBA6922
2023-08-28 22-48-29.png,N25053618
2023-09-03 00-05-55.png,HPCAB3168
2023-08-29 15-13-45.png,EPCBB9151
2023-08-28 22-47-22.png,5453828
2023-08-29 14-51-06.png,EECBM1427
2023-08-29 00-45-38.png,HPPI76206
2023-08-29 12-25-48.png,REVIEW_NEEDED
2022-04-24 04-08-43.jpg,NWCR6O32
2023-08-29 17-01-55.png,HPCAZ7370
2023-08-29 10-45-40.png,NCAAO7810
2023-08-29 09-38-21.png,0NPPB51400
2024-08-16 23-48-37.jpg,MSP3656
2023-08-28 21-05-11.png,HPKLF1035
2023-07-16 15-47-16.jpg,EPCND231
2023-08-29 10-13-07.png,25178611
2023-08-28 20-30-36.png,MPBGH0008
2023-08-30 20-45-31.png,KABHH569H
2022-01-20 08-31-00.jpg,XK9206
2023-07-30 11-04-08.jpg,CPUYE2I62
2023-08-29 09-40-57.png,HPKYL5312
2023-08-30 09-52-25.png,WPCAU6679
2023-11-11 05-57-38.jpg,RY65J7
2023-10-17 02-09-33.jpg,J05562
2023-08-29 15-24-06.png,HPPE55286
2023-08-29 08-12-03.png,CPPC59423
2023-08-29 08-17-39.png,HPCAB3921
2024-04-20 17-59-29.jpg,EPBA64
2022-09-04 09-37-42.jpg,BMN3621
2023-10-05 17-17-22.jpg,UXA6O45
2023-08-30 18-12-18.png,10SPPKF2027
2023-08-29 17-43-34.png,5427145
2023-08-30 18-03-34.png,30029424
2023-08-29 15-45-24.png,REVIEW_NEEDED
2023-08-30 17-50-01.png,NPJ52620
2022-10-11 13-30-19.jpg,MP008730
2024-06-15 19-36-39.jpg,G01605
2023-08-30 16-16-36.png,HPKU203023
2022-10-06 23-34-27.jpg,D209204
2023-08-29 04-52-23.png,HPCAQB667
2022-02-14 19-26-51.jpg,Y74079
2023-08-29 10-57-53.png,631757
2023-08-29 17-46-36.png,KPCAO3214
2024-08-17 13-33-25.jpg,DPE8334
2023-08-30 20-34-35.png,KPPG54607
2023-08-29 02-14-57.png,NPPFJ0387
2022-10-13 20-23-24.jpg,L405799
2023-08-28 22-41-49.png,KN56063
2023-08-30 15-42-04.png,REVIEW_NEEDED
2023-08-29 02-45-48.png,CPYD28430
2023-03-20 08-04-10.jpg,7044749
2024-12-13 17-28-43.jpg,MPFCU3535
2023-08-28 22-59-56.png,KP63GG
2023-09-02 23-27-48.png,2KPCBK6996
2022-08-07 12-39-58.jpg,043228
2024-08-12 21-12-14.jpg,SPDAT9027
2023-08-30 08-56-14.png,30119028
2023-08-29 10-18-13.png,5917329
2023-08-29 15-02-37.png,HPKH22262
2024-07-10 07-56-36.jpg,MJ8886
2023-08-30 08-38-37.png,REVIEW_NEEDED
2023-08-28 20-43-28.png,KPCAN5000
2023-08-30 15-25-44.png,REVIEW_NEEDED
2023-09-09 04-01-45.jpg,0402J7848
2023-12-11 14-53-51.jpg,EPKY5497
2023-08-29 10-01-35.png,REVIEW_NEEDED
2023-12-22 19-34-50.jpg,0018305
2023-08-29 02-33-34.png,25029889
2023-08-29 00-44-48.png,1525449
2023-03-05 00-45-04.jpg,PH9522
2022-12-22 03-29-59.jpg,OR4624
2023-08-30 16-57-37.png,HPCBG1258
2023-06-14 03-15-58.jpg,CPMBGNA
2023-08-29 07-13-15.png,EPAAAC1632
2023-08-28 22-24-04.png,UPKUJ1384
2023-08-28 21-15-11.png,KPCBM1493
2022-02-23 23-45-35.jpg,CPCYO0ID
2024-11-02 20-21-56.jpg,NCQ06584
2024-03-23 06-59-11.jpg,0G0026
2023-08-28 21-19-35.png,BPN515377
2023-07-21 23-43-15.jpg,MYSF3702
2023-08-30 17-41-13.png,28SPKV76784
2023-08-28 20-27-57.png,CPKV0527
2024-04-21 23-22-33.jpg,MPIGJ2209
2023-11-07 18-02-28.jpg,04GZI731
2023-08-29 15-36-15.png,SPABL6236
2023-08-28 23-55-06.png,NPPH76538
2023-08-29 06-48-51.png,KPKYF4233
2022-11-26 08-49-01.jpg,TVZO
2023-08-29 15-40-54.png,HPPJ2234
2023-08-29 08-51-14.png,NHPB51949
2023-08-29 09-47-59.png,EPPEF6707
2023-08-28 19-48-17.png,S66370359
2023-08-29 18-10-19.png,NCBK5727
2022-08-06 18-16-01.jpg,SPT0429
2023-04-14 11-22-51.jpg,EPRUO7T
2023-09-02 23-50-44.png,33K3088
2023-08-29 10-39-09.png,NKJI57759
2023-08-29 05-57-41.png,WPABU4046
2022-05-14 11-07-43.jpg,CPMLI23Z
2023-08-29 15-12-01.png,6231298
2023-08-29 11-13-26.png,WPDAG2779
2023-08-29 09-20-37.png,EPGC53969
2023-08-29 10-01-03.png,HPCAU6671
2022-08-29 08-39-28.jpg,MML0325
2023-08-30 10-16-24.png,642223
